0 verbose cli /opt/homebrew/Cellar/node/25.6.1/bin/node /opt/homebrew/bin/npm
1 info using npm@11.9.0
2 info using node@v25.6.1
3 silly config load:file:/opt/homebrew/lib/node_modules/npm/npmrc
4 silly config load:file:/Users/personal/Desktop/SymbiosoAI THINK TANK/SymbiosoAi-v4-12326/.npmrc
5 silly config load:file:/Users/personal/.npmrc
6 silly config load:file:/opt/homebrew/etc/npmrc
7 verbose title npm install
8 verbose argv "install"
9 verbose logfile logs-max:10 dir:/Users/personal/Desktop/SymbiosoAI THINK TANK/SymbiosoAi-v4-12326/.npm-cache/_logs/2026-02-13T13_53_16_604Z-
10 verbose logfile /Users/personal/Desktop/SymbiosoAI THINK TANK/SymbiosoAi-v4-12326/.npm-cache/_logs/2026-02-13T13_53_16_604Z-debug-0.log
11 silly logfile done cleaning log files
12 silly packumentCache heap:4496293888 maxSize:1124073472 maxEntrySize:562036736
13 http fetch GET https://registry.npmjs.org/npm attempt 1 failed with ENOTFOUND
14 silly idealTree buildDeps
15 silly reify mark retired [
15 silly reify   '/Users/personal/Desktop/SymbiosoAI THINK TANK/SymbiosoAi-v4-12326/node_modules/abort-controller'
15 silly reify ]
16 silly reify mark retired [
16 silly reify   '/Users/personal/Desktop/SymbiosoAI THINK TANK/SymbiosoAi-v4-12326/node_modules/acorn'
16 silly reify ]
17 silly reify mark retired [
17 silly reify   '/Users/personal/Desktop/SymbiosoAI THINK TANK/SymbiosoAi-v4-12326/node_modules/acorn-import-attributes'
17 silly reify ]
18 silly reify mark retired [
18 silly reify   '/Users/personal/Desktop/SymbiosoAI THINK TANK/SymbiosoAi-v4-12326/node_modules/acorn-walk'
18 silly reify ]
19 silly reify mark retired [
19 silly reify   '/Users/personal/Desktop/SymbiosoAI THINK TANK/SymbiosoAi-v4-12326/node_modules/agent-base'
19 silly reify ]
20 silly reify mark retired [
20 silly reify   '/Users/personal/Desktop/SymbiosoAI THINK TANK/SymbiosoAi-v4-12326/node_modules/agentkeepalive'
20 silly reify ]
21 silly reify mark retired [
21 silly reify   '/Users/personal/Desktop/SymbiosoAI THINK TANK/SymbiosoAi-v4-12326/node_modules/ajv'
21 silly reify ]
22 silly reify mark retired [
22 silly reify   '/Users/personal/Desktop/SymbiosoAI THINK TANK/SymbiosoAi-v4-12326/node_modules/ansi-escapes'
22 silly reify ]
23 silly reify mark retired [
23 silly reify   '/Users/personal/Desktop/SymbiosoAI THINK TANK/SymbiosoAi-v4-12326/node_modules/ansi-regex'
23 silly reify ]
24 silly reify mark retired [
24 silly reify   '/Users/personal/Desktop/SymbiosoAI THINK TANK/SymbiosoAi-v4-12326/node_modules/ansi-styles'
24 silly reify ]
25 silly reify mark retired [
25 silly reify   '/Users/personal/Desktop/SymbiosoAI THINK TANK/SymbiosoAi-v4-12326/node_modules/argparse'
25 silly reify ]
26 silly reify mark retired [
26 silly reify   '/Users/personal/Desktop/SymbiosoAI THINK TANK/SymbiosoAi-v4-12326/node_modules/aria-hidden'
26 silly reify ]
27 silly reify mark retired [
27 silly reify   '/Users/personal/Desktop/SymbiosoAI THINK TANK/SymbiosoAi-v4-12326/node_modules/arrify'
27 silly reify ]
28 silly reify mark retired [
28 silly reify   '/Users/personal/Desktop/SymbiosoAI THINK TANK/SymbiosoAi-v4-12326/node_modules/asap'
28 silly reify ]
29 silly reify mark retired [
29 silly reify   '/Users/personal/Desktop/SymbiosoAI THINK TANK/SymbiosoAi-v4-12326/node_modules/asn1'
29 silly reify ]
30 silly reify mark retired [
30 silly reify   '/Users/personal/Desktop/SymbiosoAI THINK TANK/SymbiosoAi-v4-12326/node_modules/async'
30 silly reify ]
31 silly reify mark retired [
31 silly reify   '/Users/personal/Desktop/SymbiosoAI THINK TANK/SymbiosoAi-v4-12326/node_modules/assert-plus'
31 silly reify ]
32 silly reify mark retired [
32 silly reify   '/Users/personal/Desktop/SymbiosoAI THINK TANK/SymbiosoAi-v4-12326/node_modules/async-retry'
32 silly reify ]
33 silly reify mark retired [
33 silly reify   '/Users/personal/Desktop/SymbiosoAI THINK TANK/SymbiosoAi-v4-12326/node_modules/asn1.js'
33 silly reify ]
34 silly reify mark retired [
34 silly reify   '/Users/personal/Desktop/SymbiosoAI THINK TANK/SymbiosoAi-v4-12326/node_modules/asynckit'
34 silly reify ]
35 silly reify mark retired [
35 silly reify   '/Users/personal/Desktop/SymbiosoAI THINK TANK/SymbiosoAi-v4-12326/node_modules/autoprefixer'
35 silly reify ]
36 silly reify mark retired [
36 silly reify   '/Users/personal/Desktop/SymbiosoAI THINK TANK/SymbiosoAi-v4-12326/node_modules/aws-sign2'
36 silly reify ]
37 silly reify mark retired [
37 silly reify   '/Users/personal/Desktop/SymbiosoAI THINK TANK/SymbiosoAi-v4-12326/node_modules/aws4'
37 silly reify ]
38 silly reify mark retired [
38 silly reify   '/Users/personal/Desktop/SymbiosoAI THINK TANK/SymbiosoAi-v4-12326/node_modules/babel-jest'
38 silly reify ]
39 silly reify mark retired [
39 silly reify   '/Users/personal/Desktop/SymbiosoAI THINK TANK/SymbiosoAi-v4-12326/node_modules/babel-plugin-istanbul'
39 silly reify ]
40 silly reify mark retired [
40 silly reify   '/Users/personal/Desktop/SymbiosoAI THINK TANK/SymbiosoAi-v4-12326/node_modules/babel-plugin-jest-hoist'
40 silly reify ]
41 silly reify mark retired [
41 silly reify   '/Users/personal/Desktop/SymbiosoAI THINK TANK/SymbiosoAi-v4-12326/node_modules/babel-preset-current-node-syntax'
41 silly reify ]
42 silly reify mark retired [
42 silly reify   '/Users/personal/Desktop/SymbiosoAI THINK TANK/SymbiosoAi-v4-12326/node_modules/babel-preset-jest'
42 silly reify ]
43 silly reify mark retired [
43 silly reify   '/Users/personal/Desktop/SymbiosoAI THINK TANK/SymbiosoAi-v4-12326/node_modules/balanced-match'
43 silly reify ]
44 silly reify mark retired [
44 silly reify   '/Users/personal/Desktop/SymbiosoAI THINK TANK/SymbiosoAi-v4-12326/node_modules/base64-arraybuffer'
44 silly reify ]
45 silly reify mark retired [
45 silly reify   '/Users/personal/Desktop/SymbiosoAI THINK TANK/SymbiosoAi-v4-12326/node_modules/base64-js'
45 silly reify ]
46 silly reify mark retired [
46 silly reify   '/Users/personal/Desktop/SymbiosoAI THINK TANK/SymbiosoAi-v4-12326/node_modules/bcrypt-pbkdf'
46 silly reify ]
47 silly reify mark retired [
47 silly reify   '/Users/personal/Desktop/SymbiosoAI THINK TANK/SymbiosoAi-v4-12326/node_modules/bcryptjs'
47 silly reify ]
48 silly reify mark retired [
48 silly reify   '/Users/personal/Desktop/SymbiosoAI THINK TANK/SymbiosoAi-v4-12326/node_modules/bignumber.js'
48 silly reify ]
49 silly reify mark retired [
49 silly reify   '/Users/personal/Desktop/SymbiosoAI THINK TANK/SymbiosoAi-v4-12326/node_modules/bluebird'
49 silly reify ]
50 silly reify mark retired [
50 silly reify   '/Users/personal/Desktop/SymbiosoAI THINK TANK/SymbiosoAi-v4-12326/node_modules/bn.js'
50 silly reify ]
51 silly reify mark retired [
51 silly reify   '/Users/personal/Desktop/SymbiosoAI THINK TANK/SymbiosoAi-v4-12326/node_modules/body-parser'
51 silly reify ]
52 silly reify mark retired [
52 silly reify   '/Users/personal/Desktop/SymbiosoAI THINK TANK/SymbiosoAi-v4-12326/node_modules/brace-expansion'
52 silly reify ]
53 silly reify mark retired [
53 silly reify   '/Users/personal/Desktop/SymbiosoAI THINK TANK/SymbiosoAi-v4-12326/node_modules/brotli'
53 silly reify ]
54 silly reify mark retired [
54 silly reify   '/Users/personal/Desktop/SymbiosoAI THINK TANK/SymbiosoAi-v4-12326/node_modules/bs-logger'
54 silly reify ]
55 silly reify mark retired [
55 silly reify   '/Users/personal/Desktop/SymbiosoAI THINK TANK/SymbiosoAi-v4-12326/node_modules/browserslist'
55 silly reify ]
56 silly reify mark retired [
56 silly reify   '/Users/personal/Desktop/SymbiosoAI THINK TANK/SymbiosoAi-v4-12326/node_modules/bser'
56 silly reify ]
57 silly reify mark retired [
57 silly reify   '/Users/personal/Desktop/SymbiosoAI THINK TANK/SymbiosoAi-v4-12326/node_modules/buffer-equal-constant-time'
57 silly reify ]
58 silly reify mark retired [
58 silly reify   '/Users/personal/Desktop/SymbiosoAI THINK TANK/SymbiosoAi-v4-12326/node_modules/bufferutil'
58 silly reify ]
59 silly reify mark retired [
59 silly reify   '/Users/personal/Desktop/SymbiosoAI THINK TANK/SymbiosoAi-v4-12326/node_modules/bullmq'
59 silly reify ]
60 silly reify mark retired [
60 silly reify   '/Users/personal/Desktop/SymbiosoAI THINK TANK/SymbiosoAi-v4-12326/node_modules/call-bind'
60 silly reify ]
61 silly reify mark retired [
61 silly reify   '/Users/personal/Desktop/SymbiosoAI THINK TANK/SymbiosoAi-v4-12326/node_modules/callsites'
61 silly reify ]
62 silly reify mark retired [
62 silly reify   '/Users/personal/Desktop/SymbiosoAI THINK TANK/SymbiosoAi-v4-12326/node_modules/camelcase'
62 silly reify ]
63 silly reify mark retired [
63 silly reify   '/Users/personal/Desktop/SymbiosoAI THINK TANK/SymbiosoAi-v4-12326/node_modules/caniuse-lite'
63 silly reify ]
64 silly reify mark retired [
64 silly reify   '/Users/personal/Desktop/SymbiosoAI THINK TANK/SymbiosoAi-v4-12326/node_modules/canvg'
64 silly reify ]
65 silly reify mark retired [
65 silly reify   '/Users/personal/Desktop/SymbiosoAI THINK TANK/SymbiosoAi-v4-12326/node_modules/chalk'
65 silly reify ]
66 silly reify mark retired [
66 silly reify   '/Users/personal/Desktop/SymbiosoAI THINK TANK/SymbiosoAi-v4-12326/node_modules/char-regex'
66 silly reify ]
67 silly reify mark retired [
67 silly reify   '/Users/personal/Desktop/SymbiosoAI THINK TANK/SymbiosoAi-v4-12326/node_modules/caseless'
67 silly reify ]
68 silly reify mark retired [
68 silly reify   '/Users/personal/Desktop/SymbiosoAI THINK TANK/SymbiosoAi-v4-12326/node_modules/chardet'
68 silly reify ]
69 silly reify mark retired [
69 silly reify   '/Users/personal/Desktop/SymbiosoAI THINK TANK/SymbiosoAi-v4-12326/node_modules/charset'
69 silly reify ]
70 silly reify mark retired [
70 silly reify   '/Users/personal/Desktop/SymbiosoAI THINK TANK/SymbiosoAi-v4-12326/node_modules/ci-info'
70 silly reify ]
71 silly reify mark retired [
71 silly reify   '/Users/personal/Desktop/SymbiosoAI THINK TANK/SymbiosoAi-v4-12326/node_modules/cjs-module-lexer'
71 silly reify ]
72 silly reify mark retired [
72 silly reify   '/Users/personal/Desktop/SymbiosoAI THINK TANK/SymbiosoAi-v4-12326/node_modules/cli-progress'
72 silly reify ]
73 silly reify mark retired [
73 silly reify   '/Users/personal/Desktop/SymbiosoAI THINK TANK/SymbiosoAi-v4-12326/node_modules/cli-table3'
73 silly reify ]
74 silly reify mark retired [
74 silly reify   '/Users/personal/Desktop/SymbiosoAI THINK TANK/SymbiosoAi-v4-12326/node_modules/cliui'
74 silly reify ]
75 silly reify mark retired [
75 silly reify   '/Users/personal/Desktop/SymbiosoAI THINK TANK/SymbiosoAi-v4-12326/node_modules/cluster-key-slot'
75 silly reify ]
76 silly reify mark retired [
76 silly reify   '/Users/personal/Desktop/SymbiosoAI THINK TANK/SymbiosoAi-v4-12326/node_modules/co'
76 silly reify ]
77 silly reify mark retired [
77 silly reify   '/Users/personal/Desktop/SymbiosoAI THINK TANK/SymbiosoAi-v4-12326/node_modules/collect-v8-coverage'
77 silly reify ]
78 silly reify mark retired [
78 silly reify   '/Users/personal/Desktop/SymbiosoAI THINK TANK/SymbiosoAi-v4-12326/node_modules/color-convert'
78 silly reify ]
79 silly reify mark retired [
79 silly reify   '/Users/personal/Desktop/SymbiosoAI THINK TANK/SymbiosoAi-v4-12326/node_modules/color-name'
79 silly reify ]
80 silly reify mark retired [
80 silly reify   '/Users/personal/Desktop/SymbiosoAI THINK TANK/SymbiosoAi-v4-12326/node_modules/colors'
80 silly reify ]
81 silly reify mark retired [
81 silly reify   '/Users/personal/Desktop/SymbiosoAI THINK TANK/SymbiosoAi-v4-12326/node_modules/combined-stream'
81 silly reify ]
82 silly reify mark retired [
82 silly reify   '/Users/personal/Desktop/SymbiosoAI THINK TANK/SymbiosoAi-v4-12326/node_modules/component-emitter'
82 silly reify ]
83 silly reify mark retired [
83 silly reify   '/Users/personal/Desktop/SymbiosoAI THINK TANK/SymbiosoAi-v4-12326/node_modules/concat-map'
83 silly reify ]
84 silly reify mark retired [
84 silly reify   '/Users/personal/Desktop/SymbiosoAI THINK TANK/SymbiosoAi-v4-12326/node_modules/cookie-signature'
84 silly reify ]
85 silly reify mark retired [
85 silly reify   '/Users/personal/Desktop/SymbiosoAI THINK TANK/SymbiosoAi-v4-12326/node_modules/cookiejar'
85 silly reify ]
86 silly reify mark retired [
86 silly reify   '/Users/personal/Desktop/SymbiosoAI THINK TANK/SymbiosoAi-v4-12326/node_modules/core-js'
86 silly reify ]
87 silly reify mark retired [
87 silly reify   '/Users/personal/Desktop/SymbiosoAI THINK TANK/SymbiosoAi-v4-12326/node_modules/core-util-is'
87 silly reify ]
88 silly reify mark retired [
88 silly reify   '/Users/personal/Desktop/SymbiosoAI THINK TANK/SymbiosoAi-v4-12326/node_modules/create-require'
88 silly reify ]
89 silly reify mark retired [
89 silly reify   '/Users/personal/Desktop/SymbiosoAI THINK TANK/SymbiosoAi-v4-12326/node_modules/cron-parser'
89 silly reify ]
90 silly reify mark retired [
90 silly reify   '/Users/personal/Desktop/SymbiosoAI THINK TANK/SymbiosoAi-v4-12326/node_modules/cookie'
90 silly reify ]
91 silly reify mark retired [
91 silly reify   '/Users/personal/Desktop/SymbiosoAI THINK TANK/SymbiosoAi-v4-12326/node_modules/cross-spawn'
91 silly reify ]
92 silly reify mark retired [
92 silly reify   '/Users/personal/Desktop/SymbiosoAI THINK TANK/SymbiosoAi-v4-12326/node_modules/css-line-break'
92 silly reify ]
93 silly reify mark retired [
93 silly reify   '/Users/personal/Desktop/SymbiosoAI THINK TANK/SymbiosoAi-v4-12326/node_modules/csv-parse'
93 silly reify ]
94 silly reify mark retired [
94 silly reify   '/Users/personal/Desktop/SymbiosoAI THINK TANK/SymbiosoAi-v4-12326/node_modules/d'
94 silly reify ]
95 silly reify mark retired [
95 silly reify   '/Users/personal/Desktop/SymbiosoAI THINK TANK/SymbiosoAi-v4-12326/node_modules/csstype'
95 silly reify ]
96 silly reify mark retired [
96 silly reify   '/Users/personal/Desktop/SymbiosoAI THINK TANK/SymbiosoAi-v4-12326/node_modules/d3-format'
96 silly reify ]
97 silly reify mark retired [
97 silly reify   '/Users/personal/Desktop/SymbiosoAI THINK TANK/SymbiosoAi-v4-12326/node_modules/dashdash'
97 silly reify ]
98 silly reify mark retired [
98 silly reify   '/Users/personal/Desktop/SymbiosoAI THINK TANK/SymbiosoAi-v4-12326/node_modules/data-uri-to-buffer'
98 silly reify ]
99 silly reify mark retired [
99 silly reify   '/Users/personal/Desktop/SymbiosoAI THINK TANK/SymbiosoAi-v4-12326/node_modules/debug'
99 silly reify ]
100 silly reify mark retired [
100 silly reify   '/Users/personal/Desktop/SymbiosoAI THINK TANK/SymbiosoAi-v4-12326/node_modules/dedent'
100 silly reify ]
101 silly reify mark retired [
101 silly reify   '/Users/personal/Desktop/SymbiosoAI THINK TANK/SymbiosoAi-v4-12326/node_modules/deepmerge'
101 silly reify ]
102 silly reify mark retired [
102 silly reify   '/Users/personal/Desktop/SymbiosoAI THINK TANK/SymbiosoAi-v4-12326/node_modules/define-data-property'
102 silly reify ]
103 silly reify mark retired [
103 silly reify   '/Users/personal/Desktop/SymbiosoAI THINK TANK/SymbiosoAi-v4-12326/node_modules/delayed-stream'
103 silly reify ]
104 silly reify mark retired [
104 silly reify   '/Users/personal/Desktop/SymbiosoAI THINK TANK/SymbiosoAi-v4-12326/node_modules/denque'
104 silly reify ]
105 silly reify mark retired [
105 silly reify   '/Users/personal/Desktop/SymbiosoAI THINK TANK/SymbiosoAi-v4-12326/node_modules/des.js'
105 silly reify ]
106 silly reify mark retired [
106 silly reify   '/Users/personal/Desktop/SymbiosoAI THINK TANK/SymbiosoAi-v4-12326/node_modules/detect-libc'
106 silly reify ]
107 silly reify mark retired [
107 silly reify   '/Users/personal/Desktop/SymbiosoAI THINK TANK/SymbiosoAi-v4-12326/node_modules/detect-newline'
107 silly reify ]
108 silly reify mark retired [
108 silly reify   '/Users/personal/Desktop/SymbiosoAI THINK TANK/SymbiosoAi-v4-12326/node_modules/dezalgo'
108 silly reify ]
109 silly reify mark retired [
109 silly reify   '/Users/personal/Desktop/SymbiosoAI THINK TANK/SymbiosoAi-v4-12326/node_modules/diff'
109 silly reify ]
110 silly reify mark retired [
110 silly reify   '/Users/personal/Desktop/SymbiosoAI THINK TANK/SymbiosoAi-v4-12326/node_modules/docx'
110 silly reify ]
111 silly reify mark retired [
111 silly reify   '/Users/personal/Desktop/SymbiosoAI THINK TANK/SymbiosoAi-v4-12326/node_modules/dompurify'
111 silly reify ]
112 silly reify mark retired [
112 silly reify   '/Users/personal/Desktop/SymbiosoAI THINK TANK/SymbiosoAi-v4-12326/node_modules/drizzle-kit'
112 silly reify ]
113 silly reify mark retired [
113 silly reify   '/Users/personal/Desktop/SymbiosoAI THINK TANK/SymbiosoAi-v4-12326/node_modules/drizzle-orm'
113 silly reify ]
114 silly reify mark retired [
114 silly reify   '/Users/personal/Desktop/SymbiosoAI THINK TANK/SymbiosoAi-v4-12326/node_modules/drizzle-zod'
114 silly reify ]
115 silly reify mark retired [
115 silly reify   '/Users/personal/Desktop/SymbiosoAI THINK TANK/SymbiosoAi-v4-12326/node_modules/duplexify'
115 silly reify ]
116 silly reify mark retired [
116 silly reify   '/Users/personal/Desktop/SymbiosoAI THINK TANK/SymbiosoAi-v4-12326/node_modules/eastasianwidth'
116 silly reify ]
117 silly reify mark retired [
117 silly reify   '/Users/personal/Desktop/SymbiosoAI THINK TANK/SymbiosoAi-v4-12326/node_modules/ecc-jsbn'
117 silly reify ]
118 silly reify mark retired [
118 silly reify   '/Users/personal/Desktop/SymbiosoAI THINK TANK/SymbiosoAi-v4-12326/node_modules/ecdsa-sig-formatter'
118 silly reify ]
119 silly reify mark retired [
119 silly reify   '/Users/personal/Desktop/SymbiosoAI THINK TANK/SymbiosoAi-v4-12326/node_modules/electron-to-chromium'
119 silly reify ]
120 silly reify mark retired [
120 silly reify   '/Users/personal/Desktop/SymbiosoAI THINK TANK/SymbiosoAi-v4-12326/node_modules/emittery'
120 silly reify ]
121 silly reify mark retired [
121 silly reify   '/Users/personal/Desktop/SymbiosoAI THINK TANK/SymbiosoAi-v4-12326/node_modules/emoji-regex'
121 silly reify ]
122 silly reify mark retired [
122 silly reify   '/Users/personal/Desktop/SymbiosoAI THINK TANK/SymbiosoAi-v4-12326/node_modules/end-of-stream'
122 silly reify ]
123 silly reify mark retired [
123 silly reify   '/Users/personal/Desktop/SymbiosoAI THINK TANK/SymbiosoAi-v4-12326/node_modules/enhanced-resolve'
123 silly reify ]
124 silly reify mark retired [
124 silly reify   '/Users/personal/Desktop/SymbiosoAI THINK TANK/SymbiosoAi-v4-12326/node_modules/error-ex'
124 silly reify ]
125 silly reify mark retired [
125 silly reify   '/Users/personal/Desktop/SymbiosoAI THINK TANK/SymbiosoAi-v4-12326/node_modules/es-set-tostringtag'
125 silly reify ]
126 silly reify mark retired [
126 silly reify   '/Users/personal/Desktop/SymbiosoAI THINK TANK/SymbiosoAi-v4-12326/node_modules/es5-ext'
126 silly reify ]
127 silly reify mark retired [
127 silly reify   '/Users/personal/Desktop/SymbiosoAI THINK TANK/SymbiosoAi-v4-12326/node_modules/es6-iterator'
127 silly reify ]
128 silly reify mark retired [
128 silly reify   '/Users/personal/Desktop/SymbiosoAI THINK TANK/SymbiosoAi-v4-12326/node_modules/es6-symbol'
128 silly reify ]
129 silly reify mark retired [
129 silly reify   '/Users/personal/Desktop/SymbiosoAI THINK TANK/SymbiosoAi-v4-12326/node_modules/es6-weak-map'
129 silly reify ]
130 silly reify mark retired [
130 silly reify   '/Users/personal/Desktop/SymbiosoAI THINK TANK/SymbiosoAi-v4-12326/node_modules/esbuild'
130 silly reify ]
131 silly reify mark retired [
131 silly reify   '/Users/personal/Desktop/SymbiosoAI THINK TANK/SymbiosoAi-v4-12326/node_modules/escape-string-regexp'
131 silly reify ]
132 silly reify mark retired [
132 silly reify   '/Users/personal/Desktop/SymbiosoAI THINK TANK/SymbiosoAi-v4-12326/node_modules/esniff'
132 silly reify ]
133 silly reify mark retired [
133 silly reify   '/Users/personal/Desktop/SymbiosoAI THINK TANK/SymbiosoAi-v4-12326/node_modules/esprima'
133 silly reify ]
134 silly reify mark retired [
134 silly reify   '/Users/personal/Desktop/SymbiosoAI THINK TANK/SymbiosoAi-v4-12326/node_modules/event-emitter'
134 silly reify ]
135 silly reify mark retired [
135 silly reify   '/Users/personal/Desktop/SymbiosoAI THINK TANK/SymbiosoAi-v4-12326/node_modules/event-target-shim'
135 silly reify ]
136 silly reify mark retired [
136 silly reify   '/Users/personal/Desktop/SymbiosoAI THINK TANK/SymbiosoAi-v4-12326/node_modules/eventsource'
136 silly reify ]
137 silly reify mark retired [
137 silly reify   '/Users/personal/Desktop/SymbiosoAI THINK TANK/SymbiosoAi-v4-12326/node_modules/eventsource-parser'
137 silly reify ]
138 silly reify mark retired [
138 silly reify   '/Users/personal/Desktop/SymbiosoAI THINK TANK/SymbiosoAi-v4-12326/node_modules/execa'
138 silly reify ]
139 silly reify mark retired [
139 silly reify   '/Users/personal/Desktop/SymbiosoAI THINK TANK/SymbiosoAi-v4-12326/node_modules/exit-x'
139 silly reify ]
140 silly reify mark retired [
140 silly reify   '/Users/personal/Desktop/SymbiosoAI THINK TANK/SymbiosoAi-v4-12326/node_modules/expect'
140 silly reify ]
141 silly reify mark retired [
141 silly reify   '/Users/personal/Desktop/SymbiosoAI THINK TANK/SymbiosoAi-v4-12326/node_modules/express'
141 silly reify ]
142 silly reify mark retired [
142 silly reify   '/Users/personal/Desktop/SymbiosoAI THINK TANK/SymbiosoAi-v4-12326/node_modules/express-rate-limit'
142 silly reify ]
143 silly reify mark retired [
143 silly reify   '/Users/personal/Desktop/SymbiosoAI THINK TANK/SymbiosoAi-v4-12326/node_modules/express-session'
143 silly reify ]
144 silly reify mark retired [
144 silly reify   '/Users/personal/Desktop/SymbiosoAI THINK TANK/SymbiosoAi-v4-12326/node_modules/ext'
144 silly reify ]
145 silly reify mark retired [
145 silly reify   '/Users/personal/Desktop/SymbiosoAI THINK TANK/SymbiosoAi-v4-12326/node_modules/extend'
145 silly reify ]
146 silly reify mark retired [
146 silly reify   '/Users/personal/Desktop/SymbiosoAI THINK TANK/SymbiosoAi-v4-12326/node_modules/extsprintf'
146 silly reify ]
147 silly reify mark retired [
147 silly reify   '/Users/personal/Desktop/SymbiosoAI THINK TANK/SymbiosoAi-v4-12326/node_modules/fast-deep-equal'
147 silly reify ]
148 silly reify mark retired [
148 silly reify   '/Users/personal/Desktop/SymbiosoAI THINK TANK/SymbiosoAi-v4-12326/node_modules/fast-equals'
148 silly reify ]
149 silly reify mark retired [
149 silly reify   '/Users/personal/Desktop/SymbiosoAI THINK TANK/SymbiosoAi-v4-12326/node_modules/fast-glob'
149 silly reify ]
150 silly reify mark retired [
150 silly reify   '/Users/personal/Desktop/SymbiosoAI THINK TANK/SymbiosoAi-v4-12326/node_modules/fast-json-stable-stringify'
150 silly reify ]
151 silly reify mark retired [
151 silly reify   '/Users/personal/Desktop/SymbiosoAI THINK TANK/SymbiosoAi-v4-12326/node_modules/fast-png'
151 silly reify ]
152 silly reify mark retired [
152 silly reify   '/Users/personal/Desktop/SymbiosoAI THINK TANK/SymbiosoAi-v4-12326/node_modules/fast-safe-stringify'
152 silly reify ]
153 silly reify mark retired [
153 silly reify   '/Users/personal/Desktop/SymbiosoAI THINK TANK/SymbiosoAi-v4-12326/node_modules/fast-xml-parser'
153 silly reify ]
154 silly reify mark retired [
154 silly reify   '/Users/personal/Desktop/SymbiosoAI THINK TANK/SymbiosoAi-v4-12326/node_modules/fastq'
154 silly reify ]
155 silly reify mark retired [
155 silly reify   '/Users/personal/Desktop/SymbiosoAI THINK TANK/SymbiosoAi-v4-12326/node_modules/fb-watchman'
155 silly reify ]
156 silly reify mark retired [
156 silly reify   '/Users/personal/Desktop/SymbiosoAI THINK TANK/SymbiosoAi-v4-12326/node_modules/fetch-blob'
156 silly reify ]
157 silly reify mark retired [
157 silly reify   '/Users/personal/Desktop/SymbiosoAI THINK TANK/SymbiosoAi-v4-12326/node_modules/fflate'
157 silly reify ]
158 silly reify mark retired [
158 silly reify   '/Users/personal/Desktop/SymbiosoAI THINK TANK/SymbiosoAi-v4-12326/node_modules/file-type'
158 silly reify ]
159 silly reify mark retired [
159 silly reify   '/Users/personal/Desktop/SymbiosoAI THINK TANK/SymbiosoAi-v4-12326/node_modules/filesize'
159 silly reify ]
160 silly reify mark retired [
160 silly reify   '/Users/personal/Desktop/SymbiosoAI THINK TANK/SymbiosoAi-v4-12326/node_modules/finalhandler'
160 silly reify ]
161 silly reify mark retired [
161 silly reify   '/Users/personal/Desktop/SymbiosoAI THINK TANK/SymbiosoAi-v4-12326/node_modules/find-up'
161 silly reify ]
162 silly reify mark retired [
162 silly reify   '/Users/personal/Desktop/SymbiosoAI THINK TANK/SymbiosoAi-v4-12326/node_modules/flatted'
162 silly reify ]
163 silly reify mark retired [
163 silly reify   '/Users/personal/Desktop/SymbiosoAI THINK TANK/SymbiosoAi-v4-12326/node_modules/foreground-child'
163 silly reify ]
164 silly reify mark retired [
164 silly reify   '/Users/personal/Desktop/SymbiosoAI THINK TANK/SymbiosoAi-v4-12326/node_modules/forever-agent'
164 silly reify ]
165 silly reify mark retired [
165 silly reify   '/Users/personal/Desktop/SymbiosoAI THINK TANK/SymbiosoAi-v4-12326/node_modules/form-data'
165 silly reify ]
166 silly reify mark retired [
166 silly reify   '/Users/personal/Desktop/SymbiosoAI THINK TANK/SymbiosoAi-v4-12326/node_modules/form-data-encoder'
166 silly reify ]
167 silly reify mark retired [
167 silly reify   '/Users/personal/Desktop/SymbiosoAI THINK TANK/SymbiosoAi-v4-12326/node_modules/formdata-node'
167 silly reify ]
168 silly reify mark retired [
168 silly reify   '/Users/personal/Desktop/SymbiosoAI THINK TANK/SymbiosoAi-v4-12326/node_modules/formdata-polyfill'
168 silly reify ]
169 silly reify mark retired [
169 silly reify   '/Users/personal/Desktop/SymbiosoAI THINK TANK/SymbiosoAi-v4-12326/node_modules/formidable'
169 silly reify ]
170 silly reify mark retired [
170 silly reify   '/Users/personal/Desktop/SymbiosoAI THINK TANK/SymbiosoAi-v4-12326/node_modules/fraction.js'
170 silly reify ]
171 silly reify mark retired [
171 silly reify   '/Users/personal/Desktop/SymbiosoAI THINK TANK/SymbiosoAi-v4-12326/node_modules/framer-motion'
171 silly reify ]
172 silly reify mark retired [
172 silly reify   '/Users/personal/Desktop/SymbiosoAI THINK TANK/SymbiosoAi-v4-12326/node_modules/fs.realpath'
172 silly reify ]
173 silly reify mark retired [
173 silly reify   '/Users/personal/Desktop/SymbiosoAI THINK TANK/SymbiosoAi-v4-12326/node_modules/gaxios'
173 silly reify ]
174 silly reify mark retired [
174 silly reify   '/Users/personal/Desktop/SymbiosoAI THINK TANK/SymbiosoAi-v4-12326/node_modules/gcp-metadata'
174 silly reify ]
175 silly reify mark retired [
175 silly reify   '/Users/personal/Desktop/SymbiosoAI THINK TANK/SymbiosoAi-v4-12326/node_modules/get-caller-file'
175 silly reify ]
176 silly reify mark retired [
176 silly reify   '/Users/personal/Desktop/SymbiosoAI THINK TANK/SymbiosoAi-v4-12326/node_modules/get-object'
176 silly reify ]
177 silly reify mark retired [
177 silly reify   '/Users/personal/Desktop/SymbiosoAI THINK TANK/SymbiosoAi-v4-12326/node_modules/get-package-type'
177 silly reify ]
178 silly reify mark retired [
178 silly reify   '/Users/personal/Desktop/SymbiosoAI THINK TANK/SymbiosoAi-v4-12326/node_modules/get-stream'
178 silly reify ]
179 silly reify mark retired [
179 silly reify   '/Users/personal/Desktop/SymbiosoAI THINK TANK/SymbiosoAi-v4-12326/node_modules/get-tsconfig'
179 silly reify ]
180 silly reify mark retired [
180 silly reify   '/Users/personal/Desktop/SymbiosoAI THINK TANK/SymbiosoAi-v4-12326/node_modules/get-value'
180 silly reify ]
181 silly reify mark retired [
181 silly reify   '/Users/personal/Desktop/SymbiosoAI THINK TANK/SymbiosoAi-v4-12326/node_modules/getpass'
181 silly reify ]
182 silly reify mark retired [
182 silly reify   '/Users/personal/Desktop/SymbiosoAI THINK TANK/SymbiosoAi-v4-12326/node_modules/glob'
182 silly reify ]
183 silly reify mark retired [
183 silly reify   '/Users/personal/Desktop/SymbiosoAI THINK TANK/SymbiosoAi-v4-12326/node_modules/google-auth-library'
183 silly reify ]
184 silly reify mark retired [
184 silly reify   '/Users/personal/Desktop/SymbiosoAI THINK TANK/SymbiosoAi-v4-12326/node_modules/google-logging-utils'
184 silly reify ]
185 silly reify mark retired [
185 silly reify   '/Users/personal/Desktop/SymbiosoAI THINK TANK/SymbiosoAi-v4-12326/node_modules/gtoken'
185 silly reify ]
186 silly reify mark retired [
186 silly reify   '/Users/personal/Desktop/SymbiosoAI THINK TANK/SymbiosoAi-v4-12326/node_modules/handlebars'
186 silly reify ]
187 silly reify mark retired [
187 silly reify   '/Users/personal/Desktop/SymbiosoAI THINK TANK/SymbiosoAi-v4-12326/node_modules/handlebars-utils'
187 silly reify ]
188 silly reify mark retired [
188 silly reify   '/Users/personal/Desktop/SymbiosoAI THINK TANK/SymbiosoAi-v4-12326/node_modules/har-schema'
188 silly reify ]
189 silly reify mark retired [
189 silly reify   '/Users/personal/Desktop/SymbiosoAI THINK TANK/SymbiosoAi-v4-12326/node_modules/har-validator'
189 silly reify ]
190 silly reify mark retired [
190 silly reify   '/Users/personal/Desktop/SymbiosoAI THINK TANK/SymbiosoAi-v4-12326/node_modules/has-flag'
190 silly reify ]
191 silly reify mark retired [
191 silly reify   '/Users/personal/Desktop/SymbiosoAI THINK TANK/SymbiosoAi-v4-12326/node_modules/has-property-descriptors'
191 silly reify ]
192 silly reify mark retired [
192 silly reify   '/Users/personal/Desktop/SymbiosoAI THINK TANK/SymbiosoAi-v4-12326/node_modules/has-tostringtag'
192 silly reify ]
193 silly reify mark retired [
193 silly reify   '/Users/personal/Desktop/SymbiosoAI THINK TANK/SymbiosoAi-v4-12326/node_modules/has-value'
193 silly reify ]
194 silly reify mark retired [
194 silly reify   '/Users/personal/Desktop/SymbiosoAI THINK TANK/SymbiosoAi-v4-12326/node_modules/has-values'
194 silly reify ]
195 silly reify mark retired [
195 silly reify   '/Users/personal/Desktop/SymbiosoAI THINK TANK/SymbiosoAi-v4-12326/node_modules/hash.js'
195 silly reify ]
196 silly reify mark retired [
196 silly reify   '/Users/personal/Desktop/SymbiosoAI THINK TANK/SymbiosoAi-v4-12326/node_modules/helmet'
196 silly reify ]
197 silly reify mark retired [
197 silly reify   '/Users/personal/Desktop/SymbiosoAI THINK TANK/SymbiosoAi-v4-12326/node_modules/html-entities'
197 silly reify ]
198 silly reify mark retired [
198 silly reify   '/Users/personal/Desktop/SymbiosoAI THINK TANK/SymbiosoAi-v4-12326/node_modules/html-escaper'
198 silly reify ]
199 silly reify mark retired [
199 silly reify   '/Users/personal/Desktop/SymbiosoAI THINK TANK/SymbiosoAi-v4-12326/node_modules/html-tag'
199 silly reify ]
200 silly reify mark retired [
200 silly reify   '/Users/personal/Desktop/SymbiosoAI THINK TANK/SymbiosoAi-v4-12326/node_modules/html2canvas'
200 silly reify ]
201 silly reify mark retired [
201 silly reify   '/Users/personal/Desktop/SymbiosoAI THINK TANK/SymbiosoAi-v4-12326/node_modules/http-errors'
201 silly reify ]
202 silly reify mark retired [
202 silly reify   '/Users/personal/Desktop/SymbiosoAI THINK TANK/SymbiosoAi-v4-12326/node_modules/http-proxy-agent'
202 silly reify ]
203 silly reify mark retired [
203 silly reify   '/Users/personal/Desktop/SymbiosoAI THINK TANK/SymbiosoAi-v4-12326/node_modules/http-reasons'
203 silly reify ]
204 silly reify mark retired [
204 silly reify   '/Users/personal/Desktop/SymbiosoAI THINK TANK/SymbiosoAi-v4-12326/node_modules/http-signature'
204 silly reify ]
205 silly reify mark retired [
205 silly reify   '/Users/personal/Desktop/SymbiosoAI THINK TANK/SymbiosoAi-v4-12326/node_modules/http_ece'
205 silly reify ]
206 silly reify mark retired [
206 silly reify   '/Users/personal/Desktop/SymbiosoAI THINK TANK/SymbiosoAi-v4-12326/node_modules/httpntlm'
206 silly reify ]
207 silly reify mark retired [
207 silly reify   '/Users/personal/Desktop/SymbiosoAI THINK TANK/SymbiosoAi-v4-12326/node_modules/httpreq'
207 silly reify ]
208 silly reify mark retired [
208 silly reify   '/Users/personal/Desktop/SymbiosoAI THINK TANK/SymbiosoAi-v4-12326/node_modules/https-proxy-agent'
208 silly reify ]
209 silly reify mark retired [
209 silly reify   '/Users/personal/Desktop/SymbiosoAI THINK TANK/SymbiosoAi-v4-12326/node_modules/human-signals'
209 silly reify ]
210 silly reify mark retired [
210 silly reify   '/Users/personal/Desktop/SymbiosoAI THINK TANK/SymbiosoAi-v4-12326/node_modules/humanize-ms'
210 silly reify ]
211 silly reify mark retired [
211 silly reify   '/Users/personal/Desktop/SymbiosoAI THINK TANK/SymbiosoAi-v4-12326/node_modules/immediate'
211 silly reify ]
212 silly reify mark retired [
212 silly reify   '/Users/personal/Desktop/SymbiosoAI THINK TANK/SymbiosoAi-v4-12326/node_modules/import-in-the-middle'
212 silly reify ]
213 silly reify mark retired [
213 silly reify   '/Users/personal/Desktop/SymbiosoAI THINK TANK/SymbiosoAi-v4-12326/node_modules/import-local'
213 silly reify ]
214 silly reify mark retired [
214 silly reify   '/Users/personal/Desktop/SymbiosoAI THINK TANK/SymbiosoAi-v4-12326/node_modules/imurmurhash'
214 silly reify ]
215 silly reify mark retired [
215 silly reify   '/Users/personal/Desktop/SymbiosoAI THINK TANK/SymbiosoAi-v4-12326/node_modules/inflight'
215 silly reify ]
216 silly reify mark retired [
216 silly reify   '/Users/personal/Desktop/SymbiosoAI THINK TANK/SymbiosoAi-v4-12326/node_modules/iobuffer'
216 silly reify ]
217 silly reify mark retired [
217 silly reify   '/Users/personal/Desktop/SymbiosoAI THINK TANK/SymbiosoAi-v4-12326/node_modules/ioredis'
217 silly reify ]
218 silly reify mark retired [
218 silly reify   '/Users/personal/Desktop/SymbiosoAI THINK TANK/SymbiosoAi-v4-12326/node_modules/ip-address'
218 silly reify ]
219 silly reify mark retired [
219 silly reify   '/Users/personal/Desktop/SymbiosoAI THINK TANK/SymbiosoAi-v4-12326/node_modules/is-arrayish'
219 silly reify ]
220 silly reify mark retired [
220 silly reify   '/Users/personal/Desktop/SymbiosoAI THINK TANK/SymbiosoAi-v4-12326/node_modules/is-buffer'
220 silly reify ]
221 silly reify mark retired [
221 silly reify   '/Users/personal/Desktop/SymbiosoAI THINK TANK/SymbiosoAi-v4-12326/node_modules/is-core-module'
221 silly reify ]
222 silly reify mark retired [
222 silly reify   '/Users/personal/Desktop/SymbiosoAI THINK TANK/SymbiosoAi-v4-12326/node_modules/is-fullwidth-code-point'
222 silly reify ]
223 silly reify mark retired [
223 silly reify   '/Users/personal/Desktop/SymbiosoAI THINK TANK/SymbiosoAi-v4-12326/node_modules/is-generator-fn'
223 silly reify ]
224 silly reify mark retired [
224 silly reify   '/Users/personal/Desktop/SymbiosoAI THINK TANK/SymbiosoAi-v4-12326/node_modules/is-self-closing'
224 silly reify ]
225 silly reify mark retired [
225 silly reify   '/Users/personal/Desktop/SymbiosoAI THINK TANK/SymbiosoAi-v4-12326/node_modules/is-promise'
225 silly reify ]
226 silly reify mark retired [
226 silly reify   '/Users/personal/Desktop/SymbiosoAI THINK TANK/SymbiosoAi-v4-12326/node_modules/is-stream'
226 silly reify ]
227 silly reify mark retired [
227 silly reify   '/Users/personal/Desktop/SymbiosoAI THINK TANK/SymbiosoAi-v4-12326/node_modules/is-typedarray'
227 silly reify ]
228 silly reify mark retired [
228 silly reify   '/Users/personal/Desktop/SymbiosoAI THINK TANK/SymbiosoAi-v4-12326/node_modules/isarray'
228 silly reify ]
229 silly reify mark retired [
229 silly reify   '/Users/personal/Desktop/SymbiosoAI THINK TANK/SymbiosoAi-v4-12326/node_modules/isexe'
229 silly reify ]
230 silly reify mark retired [
230 silly reify   '/Users/personal/Desktop/SymbiosoAI THINK TANK/SymbiosoAi-v4-12326/node_modules/isobject'
230 silly reify ]
231 silly reify mark retired [
231 silly reify   '/Users/personal/Desktop/SymbiosoAI THINK TANK/SymbiosoAi-v4-12326/node_modules/isstream'
231 silly reify ]
232 silly reify mark retired [
232 silly reify   '/Users/personal/Desktop/SymbiosoAI THINK TANK/SymbiosoAi-v4-12326/node_modules/istanbul-lib-coverage'
232 silly reify ]
233 silly reify mark retired [
233 silly reify   '/Users/personal/Desktop/SymbiosoAI THINK TANK/SymbiosoAi-v4-12326/node_modules/istanbul-lib-instrument'
233 silly reify ]
234 silly reify mark retired [
234 silly reify   '/Users/personal/Desktop/SymbiosoAI THINK TANK/SymbiosoAi-v4-12326/node_modules/istanbul-lib-report'
234 silly reify ]
235 silly reify mark retired [
235 silly reify   '/Users/personal/Desktop/SymbiosoAI THINK TANK/SymbiosoAi-v4-12326/node_modules/istanbul-lib-source-maps'
235 silly reify ]
236 silly reify mark retired [
236 silly reify   '/Users/personal/Desktop/SymbiosoAI THINK TANK/SymbiosoAi-v4-12326/node_modules/istanbul-reports'
236 silly reify ]
237 silly reify mark retired [
237 silly reify   '/Users/personal/Desktop/SymbiosoAI THINK TANK/SymbiosoAi-v4-12326/node_modules/jackspeak'
237 silly reify ]
238 silly reify mark retired [
238 silly reify   '/Users/personal/Desktop/SymbiosoAI THINK TANK/SymbiosoAi-v4-12326/node_modules/jest'
238 silly reify ]
239 silly reify mark retired [
239 silly reify   '/Users/personal/Desktop/SymbiosoAI THINK TANK/SymbiosoAi-v4-12326/node_modules/jest-circus'
239 silly reify ]
240 silly reify mark retired [
240 silly reify   '/Users/personal/Desktop/SymbiosoAI THINK TANK/SymbiosoAi-v4-12326/node_modules/jest-cli'
240 silly reify ]
241 silly reify mark retired [
241 silly reify   '/Users/personal/Desktop/SymbiosoAI THINK TANK/SymbiosoAi-v4-12326/node_modules/jest-config'
241 silly reify ]
242 silly reify mark retired [
242 silly reify   '/Users/personal/Desktop/SymbiosoAI THINK TANK/SymbiosoAi-v4-12326/node_modules/jest-diff'
242 silly reify ]
243 silly reify mark retired [
243 silly reify   '/Users/personal/Desktop/SymbiosoAI THINK TANK/SymbiosoAi-v4-12326/node_modules/jest-docblock'
243 silly reify ]
244 silly reify mark retired [
244 silly reify   '/Users/personal/Desktop/SymbiosoAI THINK TANK/SymbiosoAi-v4-12326/node_modules/jest-each'
244 silly reify ]
245 silly reify mark retired [
245 silly reify   '/Users/personal/Desktop/SymbiosoAI THINK TANK/SymbiosoAi-v4-12326/node_modules/jest-environment-node'
245 silly reify ]
246 silly reify mark retired [
246 silly reify   '/Users/personal/Desktop/SymbiosoAI THINK TANK/SymbiosoAi-v4-12326/node_modules/jest-haste-map'
246 silly reify ]
247 silly reify mark retired [
247 silly reify   '/Users/personal/Desktop/SymbiosoAI THINK TANK/SymbiosoAi-v4-12326/node_modules/jest-changed-files'
247 silly reify ]
248 silly reify mark retired [
248 silly reify   '/Users/personal/Desktop/SymbiosoAI THINK TANK/SymbiosoAi-v4-12326/node_modules/jest-junit'
248 silly reify ]
249 silly reify mark retired [
249 silly reify   '/Users/personal/Desktop/SymbiosoAI THINK TANK/SymbiosoAi-v4-12326/node_modules/jest-leak-detector'
249 silly reify ]
250 silly reify mark retired [
250 silly reify   '/Users/personal/Desktop/SymbiosoAI THINK TANK/SymbiosoAi-v4-12326/node_modules/jest-matcher-utils'
250 silly reify ]
251 silly reify mark retired [
251 silly reify   '/Users/personal/Desktop/SymbiosoAI THINK TANK/SymbiosoAi-v4-12326/node_modules/jest-message-util'
251 silly reify ]
252 silly reify mark retired [
252 silly reify   '/Users/personal/Desktop/SymbiosoAI THINK TANK/SymbiosoAi-v4-12326/node_modules/jest-mock'
252 silly reify ]
253 silly reify mark retired [
253 silly reify   '/Users/personal/Desktop/SymbiosoAI THINK TANK/SymbiosoAi-v4-12326/node_modules/jest-pnp-resolver'
253 silly reify ]
254 silly reify mark retired [
254 silly reify   '/Users/personal/Desktop/SymbiosoAI THINK TANK/SymbiosoAi-v4-12326/node_modules/jest-regex-util'
254 silly reify ]
255 silly reify mark retired [
255 silly reify   '/Users/personal/Desktop/SymbiosoAI THINK TANK/SymbiosoAi-v4-12326/node_modules/jest-resolve'
255 silly reify ]
256 silly reify mark retired [
256 silly reify   '/Users/personal/Desktop/SymbiosoAI THINK TANK/SymbiosoAi-v4-12326/node_modules/jest-resolve-dependencies'
256 silly reify ]
257 silly reify mark retired [
257 silly reify   '/Users/personal/Desktop/SymbiosoAI THINK TANK/SymbiosoAi-v4-12326/node_modules/jest-runner'
257 silly reify ]
258 silly reify mark retired [
258 silly reify   '/Users/personal/Desktop/SymbiosoAI THINK TANK/SymbiosoAi-v4-12326/node_modules/jest-runtime'
258 silly reify ]
259 silly reify mark retired [
259 silly reify   '/Users/personal/Desktop/SymbiosoAI THINK TANK/SymbiosoAi-v4-12326/node_modules/jest-snapshot'
259 silly reify ]
260 silly reify mark retired [
260 silly reify   '/Users/personal/Desktop/SymbiosoAI THINK TANK/SymbiosoAi-v4-12326/node_modules/jest-util'
260 silly reify ]
261 silly reify mark retired [
261 silly reify   '/Users/personal/Desktop/SymbiosoAI THINK TANK/SymbiosoAi-v4-12326/node_modules/jest-validate'
261 silly reify ]
262 silly reify mark retired [
262 silly reify   '/Users/personal/Desktop/SymbiosoAI THINK TANK/SymbiosoAi-v4-12326/node_modules/jest-watcher'
262 silly reify ]
263 silly reify mark retired [
263 silly reify   '/Users/personal/Desktop/SymbiosoAI THINK TANK/SymbiosoAi-v4-12326/node_modules/jest-worker'
263 silly reify ]
264 silly reify mark retired [
264 silly reify   '/Users/personal/Desktop/SymbiosoAI THINK TANK/SymbiosoAi-v4-12326/node_modules/jiti'
264 silly reify ]
265 silly reify mark retired [
265 silly reify   '/Users/personal/Desktop/SymbiosoAI THINK TANK/SymbiosoAi-v4-12326/node_modules/jose'
265 silly reify ]
266 silly reify mark retired [
266 silly reify   '/Users/personal/Desktop/SymbiosoAI THINK TANK/SymbiosoAi-v4-12326/node_modules/js-md4'
266 silly reify ]
267 silly reify mark retired [
267 silly reify   '/Users/personal/Desktop/SymbiosoAI THINK TANK/SymbiosoAi-v4-12326/node_modules/js-sha512'
267 silly reify ]
268 silly reify mark retired [
268 silly reify   '/Users/personal/Desktop/SymbiosoAI THINK TANK/SymbiosoAi-v4-12326/node_modules/js-yaml'
268 silly reify ]
269 silly reify mark retired [
269 silly reify   '/Users/personal/Desktop/SymbiosoAI THINK TANK/SymbiosoAi-v4-12326/node_modules/jsbn'
269 silly reify ]
270 silly reify mark retired [
270 silly reify   '/Users/personal/Desktop/SymbiosoAI THINK TANK/SymbiosoAi-v4-12326/node_modules/jsesc'
270 silly reify ]
271 silly reify mark retired [
271 silly reify   '/Users/personal/Desktop/SymbiosoAI THINK TANK/SymbiosoAi-v4-12326/node_modules/json-bigint'
271 silly reify ]
272 silly reify mark retired [
272 silly reify   '/Users/personal/Desktop/SymbiosoAI THINK TANK/SymbiosoAi-v4-12326/node_modules/json-parse-even-better-errors'
272 silly reify ]
273 silly reify mark retired [
273 silly reify   '/Users/personal/Desktop/SymbiosoAI THINK TANK/SymbiosoAi-v4-12326/node_modules/json-schema'
273 silly reify ]
274 silly reify mark retired [
274 silly reify   '/Users/personal/Desktop/SymbiosoAI THINK TANK/SymbiosoAi-v4-12326/node_modules/json-schema-traverse'
274 silly reify ]
275 silly reify mark retired [
275 silly reify   '/Users/personal/Desktop/SymbiosoAI THINK TANK/SymbiosoAi-v4-12326/node_modules/json-stringify-safe'
275 silly reify ]
276 silly reify mark retired [
276 silly reify   '/Users/personal/Desktop/SymbiosoAI THINK TANK/SymbiosoAi-v4-12326/node_modules/jspdf'
276 silly reify ]
277 silly reify mark retired [
277 silly reify   '/Users/personal/Desktop/SymbiosoAI THINK TANK/SymbiosoAi-v4-12326/node_modules/jsprim'
277 silly reify ]
278 silly reify mark retired [
278 silly reify   '/Users/personal/Desktop/SymbiosoAI THINK TANK/SymbiosoAi-v4-12326/node_modules/jszip'
278 silly reify ]
279 silly reify mark retired [
279 silly reify   '/Users/personal/Desktop/SymbiosoAI THINK TANK/SymbiosoAi-v4-12326/node_modules/jwa'
279 silly reify ]
280 silly reify mark retired [
280 silly reify   '/Users/personal/Desktop/SymbiosoAI THINK TANK/SymbiosoAi-v4-12326/node_modules/jws'
280 silly reify ]
281 silly reify mark retired [
281 silly reify   '/Users/personal/Desktop/SymbiosoAI THINK TANK/SymbiosoAi-v4-12326/node_modules/kind-of'
281 silly reify ]
282 silly reify mark retired [
282 silly reify   '/Users/personal/Desktop/SymbiosoAI THINK TANK/SymbiosoAi-v4-12326/node_modules/leven'
282 silly reify ]
283 silly reify mark retired [
283 silly reify   '/Users/personal/Desktop/SymbiosoAI THINK TANK/SymbiosoAi-v4-12326/node_modules/lie'
283 silly reify ]
284 silly reify mark retired [
284 silly reify   '/Users/personal/Desktop/SymbiosoAI THINK TANK/SymbiosoAi-v4-12326/node_modules/lightningcss'
284 silly reify ]
285 silly reify mark retired [
285 silly reify   '/Users/personal/Desktop/SymbiosoAI THINK TANK/SymbiosoAi-v4-12326/node_modules/lightningcss-darwin-arm64'
285 silly reify ]
286 silly reify mark retired [
286 silly reify   '/Users/personal/Desktop/SymbiosoAI THINK TANK/SymbiosoAi-v4-12326/node_modules/liquid-json'
286 silly reify ]
287 silly reify mark retired [
287 silly reify   '/Users/personal/Desktop/SymbiosoAI THINK TANK/SymbiosoAi-v4-12326/node_modules/locate-path'
287 silly reify ]
288 silly reify mark retired [
288 silly reify   '/Users/personal/Desktop/SymbiosoAI THINK TANK/SymbiosoAi-v4-12326/node_modules/lodash'
288 silly reify ]
289 silly reify mark retired [
289 silly reify   '/Users/personal/Desktop/SymbiosoAI THINK TANK/SymbiosoAi-v4-12326/node_modules/lodash.camelcase'
289 silly reify ]
290 silly reify mark retired [
290 silly reify   '/Users/personal/Desktop/SymbiosoAI THINK TANK/SymbiosoAi-v4-12326/node_modules/lodash.castarray'
290 silly reify ]
291 silly reify mark retired [
291 silly reify   '/Users/personal/Desktop/SymbiosoAI THINK TANK/SymbiosoAi-v4-12326/node_modules/lodash.defaults'
291 silly reify ]
292 silly reify mark retired [
292 silly reify   '/Users/personal/Desktop/SymbiosoAI THINK TANK/SymbiosoAi-v4-12326/node_modules/lodash.isarguments'
292 silly reify ]
293 silly reify mark retired [
293 silly reify   '/Users/personal/Desktop/SymbiosoAI THINK TANK/SymbiosoAi-v4-12326/node_modules/lodash.isplainobject'
293 silly reify ]
294 silly reify mark retired [
294 silly reify   '/Users/personal/Desktop/SymbiosoAI THINK TANK/SymbiosoAi-v4-12326/node_modules/lodash.memoize'
294 silly reify ]
295 silly reify mark retired [
295 silly reify   '/Users/personal/Desktop/SymbiosoAI THINK TANK/SymbiosoAi-v4-12326/node_modules/lodash.merge'
295 silly reify ]
296 silly reify mark retired [
296 silly reify   '/Users/personal/Desktop/SymbiosoAI THINK TANK/SymbiosoAi-v4-12326/node_modules/long'
296 silly reify ]
297 silly reify mark retired [
297 silly reify   '/Users/personal/Desktop/SymbiosoAI THINK TANK/SymbiosoAi-v4-12326/node_modules/lru-queue'
297 silly reify ]
298 silly reify mark retired [
298 silly reify   '/Users/personal/Desktop/SymbiosoAI THINK TANK/SymbiosoAi-v4-12326/node_modules/luxon'
298 silly reify ]
299 silly reify mark retired [
299 silly reify   '/Users/personal/Desktop/SymbiosoAI THINK TANK/SymbiosoAi-v4-12326/node_modules/magic-string'
299 silly reify ]
300 silly reify mark retired [
300 silly reify   '/Users/personal/Desktop/SymbiosoAI THINK TANK/SymbiosoAi-v4-12326/node_modules/make-dir'
300 silly reify ]
301 silly reify mark retired [
301 silly reify   '/Users/personal/Desktop/SymbiosoAI THINK TANK/SymbiosoAi-v4-12326/node_modules/make-error'
301 silly reify ]
302 silly reify mark retired [
302 silly reify   '/Users/personal/Desktop/SymbiosoAI THINK TANK/SymbiosoAi-v4-12326/node_modules/makeerror'
302 silly reify ]
303 silly reify mark retired [
303 silly reify   '/Users/personal/Desktop/SymbiosoAI THINK TANK/SymbiosoAi-v4-12326/node_modules/memoizee'
303 silly reify ]
304 silly reify mark retired [
304 silly reify   '/Users/personal/Desktop/SymbiosoAI THINK TANK/SymbiosoAi-v4-12326/node_modules/merge-stream'
304 silly reify ]
305 silly reify mark retired [
305 silly reify   '/Users/personal/Desktop/SymbiosoAI THINK TANK/SymbiosoAi-v4-12326/node_modules/mime-format'
305 silly reify ]
306 silly reify mark retired [
306 silly reify   '/Users/personal/Desktop/SymbiosoAI THINK TANK/SymbiosoAi-v4-12326/node_modules/mimic-fn'
306 silly reify ]
307 silly reify mark retired [
307 silly reify   '/Users/personal/Desktop/SymbiosoAI THINK TANK/SymbiosoAi-v4-12326/node_modules/minimalistic-assert'
307 silly reify ]
308 silly reify mark retired [
308 silly reify   '/Users/personal/Desktop/SymbiosoAI THINK TANK/SymbiosoAi-v4-12326/node_modules/minimatch'
308 silly reify ]
309 silly reify mark retired [
309 silly reify   '/Users/personal/Desktop/SymbiosoAI THINK TANK/SymbiosoAi-v4-12326/node_modules/minipass'
309 silly reify ]
310 silly reify mark retired [
310 silly reify   '/Users/personal/Desktop/SymbiosoAI THINK TANK/SymbiosoAi-v4-12326/node_modules/mkdirp'
310 silly reify ]
311 silly reify mark retired [
311 silly reify   '/Users/personal/Desktop/SymbiosoAI THINK TANK/SymbiosoAi-v4-12326/node_modules/modern-screenshot'
311 silly reify ]
312 silly reify mark retired [
312 silly reify   '/Users/personal/Desktop/SymbiosoAI THINK TANK/SymbiosoAi-v4-12326/node_modules/module-details-from-path'
312 silly reify ]
313 silly reify mark retired [
313 silly reify   '/Users/personal/Desktop/SymbiosoAI THINK TANK/SymbiosoAi-v4-12326/node_modules/moment'
313 silly reify ]
314 silly reify mark retired [
314 silly reify   '/Users/personal/Desktop/SymbiosoAI THINK TANK/SymbiosoAi-v4-12326/node_modules/moment-timezone'
314 silly reify ]
315 silly reify mark retired [
315 silly reify   '/Users/personal/Desktop/SymbiosoAI THINK TANK/SymbiosoAi-v4-12326/node_modules/motion-dom'
315 silly reify ]
316 silly reify mark retired [
316 silly reify   '/Users/personal/Desktop/SymbiosoAI THINK TANK/SymbiosoAi-v4-12326/node_modules/motion-utils'
316 silly reify ]
317 silly reify mark retired [
317 silly reify   '/Users/personal/Desktop/SymbiosoAI THINK TANK/SymbiosoAi-v4-12326/node_modules/msgpackr'
317 silly reify ]
318 silly reify mark retired [
318 silly reify   '/Users/personal/Desktop/SymbiosoAI THINK TANK/SymbiosoAi-v4-12326/node_modules/msgpackr-extract'
318 silly reify ]
319 silly reify mark retired [
319 silly reify   '/Users/personal/Desktop/SymbiosoAI THINK TANK/SymbiosoAi-v4-12326/node_modules/nanoid'
319 silly reify ]
320 silly reify mark retired [
320 silly reify   '/Users/personal/Desktop/SymbiosoAI THINK TANK/SymbiosoAi-v4-12326/node_modules/napi-postinstall'
320 silly reify ]
321 silly reify mark retired [
321 silly reify   '/Users/personal/Desktop/SymbiosoAI THINK TANK/SymbiosoAi-v4-12326/node_modules/natural-compare'
321 silly reify ]
322 silly reify mark retired [
322 silly reify   '/Users/personal/Desktop/SymbiosoAI THINK TANK/SymbiosoAi-v4-12326/node_modules/neo-async'
322 silly reify ]
323 silly reify mark retired [
323 silly reify   '/Users/personal/Desktop/SymbiosoAI THINK TANK/SymbiosoAi-v4-12326/node_modules/newman'
323 silly reify ]
324 silly reify mark retired [
324 silly reify   '/Users/personal/Desktop/SymbiosoAI THINK TANK/SymbiosoAi-v4-12326/node_modules/newman-reporter-htmlextra'
324 silly reify ]
325 silly reify mark retired [
325 silly reify   '/Users/personal/Desktop/SymbiosoAI THINK TANK/SymbiosoAi-v4-12326/node_modules/next-tick'
325 silly reify ]
326 silly reify mark retired [
326 silly reify   '/Users/personal/Desktop/SymbiosoAI THINK TANK/SymbiosoAi-v4-12326/node_modules/node-abort-controller'
326 silly reify ]
327 silly reify mark retired [
327 silly reify   '/Users/personal/Desktop/SymbiosoAI THINK TANK/SymbiosoAi-v4-12326/node_modules/node-domexception'
327 silly reify ]
328 silly reify mark retired [
328 silly reify   '/Users/personal/Desktop/SymbiosoAI THINK TANK/SymbiosoAi-v4-12326/node_modules/node-fetch'
328 silly reify ]
329 silly reify mark retired [
329 silly reify   '/Users/personal/Desktop/SymbiosoAI THINK TANK/SymbiosoAi-v4-12326/node_modules/node-forge'
329 silly reify ]
330 silly reify mark retired [
330 silly reify   '/Users/personal/Desktop/SymbiosoAI THINK TANK/SymbiosoAi-v4-12326/node_modules/node-gyp-build'
330 silly reify ]
331 silly reify mark retired [
331 silly reify   '/Users/personal/Desktop/SymbiosoAI THINK TANK/SymbiosoAi-v4-12326/node_modules/node-gyp-build-optional-packages'
331 silly reify ]
332 silly reify mark retired [
332 silly reify   '/Users/personal/Desktop/SymbiosoAI THINK TANK/SymbiosoAi-v4-12326/node_modules/node-int64'
332 silly reify ]
333 silly reify mark retired [
333 silly reify   '/Users/personal/Desktop/SymbiosoAI THINK TANK/SymbiosoAi-v4-12326/node_modules/node-oauth1'
333 silly reify ]
334 silly reify mark retired [
334 silly reify   '/Users/personal/Desktop/SymbiosoAI THINK TANK/SymbiosoAi-v4-12326/node_modules/node-releases'
334 silly reify ]
335 silly reify mark retired [
335 silly reify   '/Users/personal/Desktop/SymbiosoAI THINK TANK/SymbiosoAi-v4-12326/node_modules/normalize-range'
335 silly reify ]
336 silly reify mark retired [
336 silly reify   '/Users/personal/Desktop/SymbiosoAI THINK TANK/SymbiosoAi-v4-12326/node_modules/npm-run-path'
336 silly reify ]
337 silly reify mark retired [
337 silly reify   '/Users/personal/Desktop/SymbiosoAI THINK TANK/SymbiosoAi-v4-12326/node_modules/oauth-sign'
337 silly reify ]
338 silly reify mark retired [
338 silly reify   '/Users/personal/Desktop/SymbiosoAI THINK TANK/SymbiosoAi-v4-12326/node_modules/oauth4webapi'
338 silly reify ]
339 silly reify mark retired [
339 silly reify   '/Users/personal/Desktop/SymbiosoAI THINK TANK/SymbiosoAi-v4-12326/node_modules/object-inspect'
339 silly reify ]
340 silly reify mark retired [
340 silly reify   '/Users/personal/Desktop/SymbiosoAI THINK TANK/SymbiosoAi-v4-12326/node_modules/once'
340 silly reify ]
341 silly reify mark retired [
341 silly reify   '/Users/personal/Desktop/SymbiosoAI THINK TANK/SymbiosoAi-v4-12326/node_modules/onetime'
341 silly reify ]
342 silly reify mark retired [
342 silly reify   '/Users/personal/Desktop/SymbiosoAI THINK TANK/SymbiosoAi-v4-12326/node_modules/openai'
342 silly reify ]
343 silly reify mark retired [
343 silly reify   '/Users/personal/Desktop/SymbiosoAI THINK TANK/SymbiosoAi-v4-12326/node_modules/openid-client'
343 silly reify ]
344 silly reify mark retired [
344 silly reify   '/Users/personal/Desktop/SymbiosoAI THINK TANK/SymbiosoAi-v4-12326/node_modules/p-limit'
344 silly reify ]
345 silly reify mark retired [
345 silly reify   '/Users/personal/Desktop/SymbiosoAI THINK TANK/SymbiosoAi-v4-12326/node_modules/p-locate'
345 silly reify ]
346 silly reify mark retired [
346 silly reify   '/Users/personal/Desktop/SymbiosoAI THINK TANK/SymbiosoAi-v4-12326/node_modules/p-try'
346 silly reify ]
347 silly reify mark retired [
347 silly reify   '/Users/personal/Desktop/SymbiosoAI THINK TANK/SymbiosoAi-v4-12326/node_modules/package-json-from-dist'
347 silly reify ]
348 silly reify mark retired [
348 silly reify   '/Users/personal/Desktop/SymbiosoAI THINK TANK/SymbiosoAi-v4-12326/node_modules/pako'
348 silly reify ]
349 silly reify mark retired [
349 silly reify   '/Users/personal/Desktop/SymbiosoAI THINK TANK/SymbiosoAi-v4-12326/node_modules/parse-json'
349 silly reify ]
350 silly reify mark retired [
350 silly reify   '/Users/personal/Desktop/SymbiosoAI THINK TANK/SymbiosoAi-v4-12326/node_modules/parse-ms'
350 silly reify ]
351 silly reify mark retired [
351 silly reify   '/Users/personal/Desktop/SymbiosoAI THINK TANK/SymbiosoAi-v4-12326/node_modules/path-exists'
351 silly reify ]
352 silly reify mark retired [
352 silly reify   '/Users/personal/Desktop/SymbiosoAI THINK TANK/SymbiosoAi-v4-12326/node_modules/path-is-absolute'
352 silly reify ]
353 silly reify mark retired [
353 silly reify   '/Users/personal/Desktop/SymbiosoAI THINK TANK/SymbiosoAi-v4-12326/node_modules/path-key'
353 silly reify ]
354 silly reify mark retired [
354 silly reify   '/Users/personal/Desktop/SymbiosoAI THINK TANK/SymbiosoAi-v4-12326/node_modules/path-scurry'
354 silly reify ]
355 silly reify mark retired [
355 silly reify   '/Users/personal/Desktop/SymbiosoAI THINK TANK/SymbiosoAi-v4-12326/node_modules/performance-now'
355 silly reify ]
356 silly reify mark retired [
356 silly reify   '/Users/personal/Desktop/SymbiosoAI THINK TANK/SymbiosoAi-v4-12326/node_modules/pg'
356 silly reify ]
357 silly reify mark retired [
357 silly reify   '/Users/personal/Desktop/SymbiosoAI THINK TANK/SymbiosoAi-v4-12326/node_modules/pg-cloudflare'
357 silly reify ]
358 silly reify mark retired [
358 silly reify   '/Users/personal/Desktop/SymbiosoAI THINK TANK/SymbiosoAi-v4-12326/node_modules/pg-connection-string'
358 silly reify ]
359 silly reify mark retired [
359 silly reify   '/Users/personal/Desktop/SymbiosoAI THINK TANK/SymbiosoAi-v4-12326/node_modules/pg-pool'
359 silly reify ]
360 silly reify mark retired [
360 silly reify   '/Users/personal/Desktop/SymbiosoAI THINK TANK/SymbiosoAi-v4-12326/node_modules/pg-protocol'
360 silly reify ]
361 silly reify mark retired [
361 silly reify   '/Users/personal/Desktop/SymbiosoAI THINK TANK/SymbiosoAi-v4-12326/node_modules/pg-types'
361 silly reify ]
362 silly reify mark retired [
362 silly reify   '/Users/personal/Desktop/SymbiosoAI THINK TANK/SymbiosoAi-v4-12326/node_modules/playwright-core'
362 silly reify ]
363 silly reify mark retired [
363 silly reify   '/Users/personal/Desktop/SymbiosoAI THINK TANK/SymbiosoAi-v4-12326/node_modules/pkg-dir'
363 silly reify ]
364 silly reify mark retired [
364 silly reify   '/Users/personal/Desktop/SymbiosoAI THINK TANK/SymbiosoAi-v4-12326/node_modules/playwright'
364 silly reify ]
365 silly reify mark retired [
365 silly reify   '/Users/personal/Desktop/SymbiosoAI THINK TANK/SymbiosoAi-v4-12326/node_modules/postcss'
365 silly reify ]
366 silly reify mark retired [
366 silly reify   '/Users/personal/Desktop/SymbiosoAI THINK TANK/SymbiosoAi-v4-12326/node_modules/postcss-js'
366 silly reify ]
367 silly reify mark retired [
367 silly reify   '/Users/personal/Desktop/SymbiosoAI THINK TANK/SymbiosoAi-v4-12326/node_modules/postcss-load-config'
367 silly reify ]
368 silly reify mark retired [
368 silly reify   '/Users/personal/Desktop/SymbiosoAI THINK TANK/SymbiosoAi-v4-12326/node_modules/postgres-array'
368 silly reify ]
369 silly reify mark retired [
369 silly reify   '/Users/personal/Desktop/SymbiosoAI THINK TANK/SymbiosoAi-v4-12326/node_modules/postman-collection'
369 silly reify ]
370 silly reify mark retired [
370 silly reify   '/Users/personal/Desktop/SymbiosoAI THINK TANK/SymbiosoAi-v4-12326/node_modules/postman-collection-transformer'
370 silly reify ]
371 silly reify mark retired [
371 silly reify   '/Users/personal/Desktop/SymbiosoAI THINK TANK/SymbiosoAi-v4-12326/node_modules/postman-request'
371 silly reify ]
372 silly reify mark retired [
372 silly reify   '/Users/personal/Desktop/SymbiosoAI THINK TANK/SymbiosoAi-v4-12326/node_modules/postman-runtime'
372 silly reify ]
373 silly reify mark retired [
373 silly reify   '/Users/personal/Desktop/SymbiosoAI THINK TANK/SymbiosoAi-v4-12326/node_modules/postman-sandbox'
373 silly reify ]
374 silly reify mark retired [
374 silly reify   '/Users/personal/Desktop/SymbiosoAI THINK TANK/SymbiosoAi-v4-12326/node_modules/postman-url-encoder'
374 silly reify ]
375 silly reify mark retired [
375 silly reify   '/Users/personal/Desktop/SymbiosoAI THINK TANK/SymbiosoAi-v4-12326/node_modules/pretty-format'
375 silly reify ]
376 silly reify mark retired [
376 silly reify   '/Users/personal/Desktop/SymbiosoAI THINK TANK/SymbiosoAi-v4-12326/node_modules/pretty-ms'
376 silly reify ]
377 silly reify mark retired [
377 silly reify   '/Users/personal/Desktop/SymbiosoAI THINK TANK/SymbiosoAi-v4-12326/node_modules/process-nextick-args'
377 silly reify ]
378 silly reify mark retired [
378 silly reify   '/Users/personal/Desktop/SymbiosoAI THINK TANK/SymbiosoAi-v4-12326/node_modules/protobufjs'
378 silly reify ]
379 silly reify mark retired [
379 silly reify   '/Users/personal/Desktop/SymbiosoAI THINK TANK/SymbiosoAi-v4-12326/node_modules/psl'
379 silly reify ]
380 silly reify mark retired [
380 silly reify   '/Users/personal/Desktop/SymbiosoAI THINK TANK/SymbiosoAi-v4-12326/node_modules/punycode'
380 silly reify ]
381 silly reify mark retired [
381 silly reify   '/Users/personal/Desktop/SymbiosoAI THINK TANK/SymbiosoAi-v4-12326/node_modules/pure-rand'
381 silly reify ]
382 silly reify mark retired [
382 silly reify   '/Users/personal/Desktop/SymbiosoAI THINK TANK/SymbiosoAi-v4-12326/node_modules/qs'
382 silly reify ]
383 silly reify mark retired [
383 silly reify   '/Users/personal/Desktop/SymbiosoAI THINK TANK/SymbiosoAi-v4-12326/node_modules/querystringify'
383 silly reify ]
384 silly reify mark retired [
384 silly reify   '/Users/personal/Desktop/SymbiosoAI THINK TANK/SymbiosoAi-v4-12326/node_modules/raf'
384 silly reify ]
385 silly reify mark retired [
385 silly reify   '/Users/personal/Desktop/SymbiosoAI THINK TANK/SymbiosoAi-v4-12326/node_modules/raw-body'
385 silly reify ]
386 silly reify mark retired [
386 silly reify   '/Users/personal/Desktop/SymbiosoAI THINK TANK/SymbiosoAi-v4-12326/node_modules/react-hook-form'
386 silly reify ]
387 silly reify mark retired [
387 silly reify   '/Users/personal/Desktop/SymbiosoAI THINK TANK/SymbiosoAi-v4-12326/node_modules/react-icons'
387 silly reify ]
388 silly reify mark retired [
388 silly reify   '/Users/personal/Desktop/SymbiosoAI THINK TANK/SymbiosoAi-v4-12326/node_modules/react-refresh'
388 silly reify ]
389 silly reify mark retired [
389 silly reify   '/Users/personal/Desktop/SymbiosoAI THINK TANK/SymbiosoAi-v4-12326/node_modules/react-remove-scroll'
389 silly reify ]
390 silly reify mark retired [
390 silly reify   '/Users/personal/Desktop/SymbiosoAI THINK TANK/SymbiosoAi-v4-12326/node_modules/react-resizable-panels'
390 silly reify ]
391 silly reify mark retired [
391 silly reify   '/Users/personal/Desktop/SymbiosoAI THINK TANK/SymbiosoAi-v4-12326/node_modules/readable-stream'
391 silly reify ]
392 silly reify mark retired [
392 silly reify   '/Users/personal/Desktop/SymbiosoAI THINK TANK/SymbiosoAi-v4-12326/node_modules/recharts'
392 silly reify ]
393 silly reify mark retired [
393 silly reify   '/Users/personal/Desktop/SymbiosoAI THINK TANK/SymbiosoAi-v4-12326/node_modules/redis-parser'
393 silly reify ]
394 silly reify mark retired [
394 silly reify   '/Users/personal/Desktop/SymbiosoAI THINK TANK/SymbiosoAi-v4-12326/node_modules/redis-errors'
394 silly reify ]
395 silly reify mark retired [
395 silly reify   '/Users/personal/Desktop/SymbiosoAI THINK TANK/SymbiosoAi-v4-12326/node_modules/regenerator-runtime'
395 silly reify ]
396 silly reify mark retired [
396 silly reify   '/Users/personal/Desktop/SymbiosoAI THINK TANK/SymbiosoAi-v4-12326/node_modules/relative'
396 silly reify ]
397 silly reify mark retired [
397 silly reify   '/Users/personal/Desktop/SymbiosoAI THINK TANK/SymbiosoAi-v4-12326/node_modules/require-directory'
397 silly reify ]
398 silly reify mark retired [
398 silly reify   '/Users/personal/Desktop/SymbiosoAI THINK TANK/SymbiosoAi-v4-12326/node_modules/require-in-the-middle'
398 silly reify ]
399 silly reify mark retired [
399 silly reify   '/Users/personal/Desktop/SymbiosoAI THINK TANK/SymbiosoAi-v4-12326/node_modules/requires-port'
399 silly reify ]
400 silly reify mark retired [
400 silly reify   '/Users/personal/Desktop/SymbiosoAI THINK TANK/SymbiosoAi-v4-12326/node_modules/resolve'
400 silly reify ]
401 silly reify mark retired [
401 silly reify   '/Users/personal/Desktop/SymbiosoAI THINK TANK/SymbiosoAi-v4-12326/node_modules/resolve-cwd'
401 silly reify ]
402 silly reify mark retired [
402 silly reify   '/Users/personal/Desktop/SymbiosoAI THINK TANK/SymbiosoAi-v4-12326/node_modules/resolve-from'
402 silly reify ]
403 silly reify mark retired [
403 silly reify   '/Users/personal/Desktop/SymbiosoAI THINK TANK/SymbiosoAi-v4-12326/node_modules/retry'
403 silly reify ]
404 silly reify mark retired [
404 silly reify   '/Users/personal/Desktop/SymbiosoAI THINK TANK/SymbiosoAi-v4-12326/node_modules/retry-request'
404 silly reify ]
405 silly reify mark retired [
405 silly reify   '/Users/personal/Desktop/SymbiosoAI THINK TANK/SymbiosoAi-v4-12326/node_modules/reusify'
405 silly reify ]
406 silly reify mark retired [
406 silly reify   '/Users/personal/Desktop/SymbiosoAI THINK TANK/SymbiosoAi-v4-12326/node_modules/rgbcolor'
406 silly reify ]
407 silly reify mark retired [
407 silly reify   '/Users/personal/Desktop/SymbiosoAI THINK TANK/SymbiosoAi-v4-12326/node_modules/rollup'
407 silly reify ]
408 silly reify mark retired [
408 silly reify   '/Users/personal/Desktop/SymbiosoAI THINK TANK/SymbiosoAi-v4-12326/node_modules/sax'
408 silly reify ]
409 silly reify mark retired [
409 silly reify   '/Users/personal/Desktop/SymbiosoAI THINK TANK/SymbiosoAi-v4-12326/node_modules/self-closing-tags'
409 silly reify ]
410 silly reify mark retired [
410 silly reify   '/Users/personal/Desktop/SymbiosoAI THINK TANK/SymbiosoAi-v4-12326/node_modules/send'
410 silly reify ]
411 silly reify mark retired [
411 silly reify   '/Users/personal/Desktop/SymbiosoAI THINK TANK/SymbiosoAi-v4-12326/node_modules/serialised-error'
411 silly reify ]
412 silly reify mark retired [
412 silly reify   '/Users/personal/Desktop/SymbiosoAI THINK TANK/SymbiosoAi-v4-12326/node_modules/serve-static'
412 silly reify ]
413 silly reify mark retired [
413 silly reify   '/Users/personal/Desktop/SymbiosoAI THINK TANK/SymbiosoAi-v4-12326/node_modules/set-function-length'
413 silly reify ]
414 silly reify mark retired [
414 silly reify   '/Users/personal/Desktop/SymbiosoAI THINK TANK/SymbiosoAi-v4-12326/node_modules/setimmediate'
414 silly reify ]
415 silly reify mark retired [
415 silly reify   '/Users/personal/Desktop/SymbiosoAI THINK TANK/SymbiosoAi-v4-12326/node_modules/shebang-command'
415 silly reify ]
416 silly reify mark retired [
416 silly reify   '/Users/personal/Desktop/SymbiosoAI THINK TANK/SymbiosoAi-v4-12326/node_modules/shebang-regex'
416 silly reify ]
417 silly reify mark retired [
417 silly reify   '/Users/personal/Desktop/SymbiosoAI THINK TANK/SymbiosoAi-v4-12326/node_modules/side-channel'
417 silly reify ]
418 silly reify mark retired [
418 silly reify   '/Users/personal/Desktop/SymbiosoAI THINK TANK/SymbiosoAi-v4-12326/node_modules/signal-exit'
418 silly reify ]
419 silly reify mark retired [
419 silly reify   '/Users/personal/Desktop/SymbiosoAI THINK TANK/SymbiosoAi-v4-12326/node_modules/slash'
419 silly reify ]
420 silly reify mark retired [
420 silly reify   '/Users/personal/Desktop/SymbiosoAI THINK TANK/SymbiosoAi-v4-12326/node_modules/sprintf-js'
420 silly reify ]
421 silly reify mark retired [
421 silly reify   '/Users/personal/Desktop/SymbiosoAI THINK TANK/SymbiosoAi-v4-12326/node_modules/sshpk'
421 silly reify ]
422 silly reify mark retired [
422 silly reify   '/Users/personal/Desktop/SymbiosoAI THINK TANK/SymbiosoAi-v4-12326/node_modules/stack-trace'
422 silly reify ]
423 silly reify mark retired [
423 silly reify   '/Users/personal/Desktop/SymbiosoAI THINK TANK/SymbiosoAi-v4-12326/node_modules/stack-utils'
423 silly reify ]
424 silly reify mark retired [
424 silly reify   '/Users/personal/Desktop/SymbiosoAI THINK TANK/SymbiosoAi-v4-12326/node_modules/stackblur-canvas'
424 silly reify ]
425 silly reify mark retired [
425 silly reify   '/Users/personal/Desktop/SymbiosoAI THINK TANK/SymbiosoAi-v4-12326/node_modules/standard-as-callback'
425 silly reify ]
426 silly reify mark retired [
426 silly reify   '/Users/personal/Desktop/SymbiosoAI THINK TANK/SymbiosoAi-v4-12326/node_modules/statuses'
426 silly reify ]
427 silly reify mark retired [
427 silly reify   '/Users/personal/Desktop/SymbiosoAI THINK TANK/SymbiosoAi-v4-12326/node_modules/stream-events'
427 silly reify ]
428 silly reify mark retired [
428 silly reify   '/Users/personal/Desktop/SymbiosoAI THINK TANK/SymbiosoAi-v4-12326/node_modules/stream-length'
428 silly reify ]
429 silly reify mark retired [
429 silly reify   '/Users/personal/Desktop/SymbiosoAI THINK TANK/SymbiosoAi-v4-12326/node_modules/stream-shift'
429 silly reify ]
430 silly reify mark retired [
430 silly reify   '/Users/personal/Desktop/SymbiosoAI THINK TANK/SymbiosoAi-v4-12326/node_modules/string-length'
430 silly reify ]
431 silly reify mark retired [
431 silly reify   '/Users/personal/Desktop/SymbiosoAI THINK TANK/SymbiosoAi-v4-12326/node_modules/string-width'
431 silly reify ]
432 silly reify mark retired [
432 silly reify   '/Users/personal/Desktop/SymbiosoAI THINK TANK/SymbiosoAi-v4-12326/node_modules/string-width-cjs'
432 silly reify ]
433 silly reify mark retired [
433 silly reify   '/Users/personal/Desktop/SymbiosoAI THINK TANK/SymbiosoAi-v4-12326/node_modules/string_decoder'
433 silly reify ]
434 silly reify mark retired [
434 silly reify   '/Users/personal/Desktop/SymbiosoAI THINK TANK/SymbiosoAi-v4-12326/node_modules/strip-ansi'
434 silly reify ]
435 silly reify mark retired [
435 silly reify   '/Users/personal/Desktop/SymbiosoAI THINK TANK/SymbiosoAi-v4-12326/node_modules/strip-ansi-cjs'
435 silly reify ]
436 silly reify mark retired [
436 silly reify   '/Users/personal/Desktop/SymbiosoAI THINK TANK/SymbiosoAi-v4-12326/node_modules/strip-bom'
436 silly reify ]
437 silly reify mark retired [
437 silly reify   '/Users/personal/Desktop/SymbiosoAI THINK TANK/SymbiosoAi-v4-12326/node_modules/strip-final-newline'
437 silly reify ]
438 silly reify mark retired [
438 silly reify   '/Users/personal/Desktop/SymbiosoAI THINK TANK/SymbiosoAi-v4-12326/node_modules/strip-json-comments'
438 silly reify ]
439 silly reify mark retired [
439 silly reify   '/Users/personal/Desktop/SymbiosoAI THINK TANK/SymbiosoAi-v4-12326/node_modules/stripe'
439 silly reify ]
440 silly reify mark retired [
440 silly reify   '/Users/personal/Desktop/SymbiosoAI THINK TANK/SymbiosoAi-v4-12326/node_modules/striptags'
440 silly reify ]
441 silly reify mark retired [
441 silly reify   '/Users/personal/Desktop/SymbiosoAI THINK TANK/SymbiosoAi-v4-12326/node_modules/strnum'
441 silly reify ]
442 silly reify mark retired [
442 silly reify   '/Users/personal/Desktop/SymbiosoAI THINK TANK/SymbiosoAi-v4-12326/node_modules/stubs'
442 silly reify ]
443 silly reify mark retired [
443 silly reify   '/Users/personal/Desktop/SymbiosoAI THINK TANK/SymbiosoAi-v4-12326/node_modules/sucrase'
443 silly reify ]
444 silly reify mark retired [
444 silly reify   '/Users/personal/Desktop/SymbiosoAI THINK TANK/SymbiosoAi-v4-12326/node_modules/superagent'
444 silly reify ]
445 silly reify mark retired [
445 silly reify   '/Users/personal/Desktop/SymbiosoAI THINK TANK/SymbiosoAi-v4-12326/node_modules/supertest'
445 silly reify ]
446 silly reify mark retired [
446 silly reify   '/Users/personal/Desktop/SymbiosoAI THINK TANK/SymbiosoAi-v4-12326/node_modules/supports-color'
446 silly reify ]
447 silly reify mark retired [
447 silly reify   '/Users/personal/Desktop/SymbiosoAI THINK TANK/SymbiosoAi-v4-12326/node_modules/svg-pathdata'
447 silly reify ]
448 silly reify mark retired [
448 silly reify   '/Users/personal/Desktop/SymbiosoAI THINK TANK/SymbiosoAi-v4-12326/node_modules/synckit'
448 silly reify ]
449 silly reify mark retired [
449 silly reify   '/Users/personal/Desktop/SymbiosoAI THINK TANK/SymbiosoAi-v4-12326/node_modules/tailwind-merge'
449 silly reify ]
450 silly reify mark retired [
450 silly reify   '/Users/personal/Desktop/SymbiosoAI THINK TANK/SymbiosoAi-v4-12326/node_modules/tailwindcss'
450 silly reify ]
451 silly reify mark retired [
451 silly reify   '/Users/personal/Desktop/SymbiosoAI THINK TANK/SymbiosoAi-v4-12326/node_modules/tapable'
451 silly reify ]
452 silly reify mark retired [
452 silly reify   '/Users/personal/Desktop/SymbiosoAI THINK TANK/SymbiosoAi-v4-12326/node_modules/teeny-request'
452 silly reify ]
453 silly reify mark retired [
453 silly reify   '/Users/personal/Desktop/SymbiosoAI THINK TANK/SymbiosoAi-v4-12326/node_modules/teleport-javascript'
453 silly reify ]
454 silly reify mark retired [
454 silly reify   '/Users/personal/Desktop/SymbiosoAI THINK TANK/SymbiosoAi-v4-12326/node_modules/test-exclude'
454 silly reify ]
455 silly reify mark retired [
455 silly reify   '/Users/personal/Desktop/SymbiosoAI THINK TANK/SymbiosoAi-v4-12326/node_modules/text-segmentation'
455 silly reify ]
456 silly reify mark retired [
456 silly reify   '/Users/personal/Desktop/SymbiosoAI THINK TANK/SymbiosoAi-v4-12326/node_modules/timers-ext'
456 silly reify ]
457 silly reify mark retired [
457 silly reify   '/Users/personal/Desktop/SymbiosoAI THINK TANK/SymbiosoAi-v4-12326/node_modules/tmpl'
457 silly reify ]
458 silly reify mark retired [
458 silly reify   '/Users/personal/Desktop/SymbiosoAI THINK TANK/SymbiosoAi-v4-12326/node_modules/to-gfm-code-block'
458 silly reify ]
459 silly reify mark retired [
459 silly reify   '/Users/personal/Desktop/SymbiosoAI THINK TANK/SymbiosoAi-v4-12326/node_modules/tr46'
459 silly reify ]
460 silly reify mark retired [
460 silly reify   '/Users/personal/Desktop/SymbiosoAI THINK TANK/SymbiosoAi-v4-12326/node_modules/ts-jest'
460 silly reify ]
461 silly reify mark retired [
461 silly reify   '/Users/personal/Desktop/SymbiosoAI THINK TANK/SymbiosoAi-v4-12326/node_modules/ts-node'
461 silly reify ]
462 silly reify mark retired [
462 silly reify   '/Users/personal/Desktop/SymbiosoAI THINK TANK/SymbiosoAi-v4-12326/node_modules/tsx'
462 silly reify ]
463 silly reify mark retired [
463 silly reify   '/Users/personal/Desktop/SymbiosoAI THINK TANK/SymbiosoAi-v4-12326/node_modules/tw-animate-css'
463 silly reify ]
464 silly reify mark retired [
464 silly reify   '/Users/personal/Desktop/SymbiosoAI THINK TANK/SymbiosoAi-v4-12326/node_modules/tweetnacl'
464 silly reify ]
465 silly reify mark retired [
465 silly reify   '/Users/personal/Desktop/SymbiosoAI THINK TANK/SymbiosoAi-v4-12326/node_modules/type'
465 silly reify ]
466 silly reify mark retired [
466 silly reify   '/Users/personal/Desktop/SymbiosoAI THINK TANK/SymbiosoAi-v4-12326/node_modules/type-detect'
466 silly reify ]
467 silly reify mark retired [
467 silly reify   '/Users/personal/Desktop/SymbiosoAI THINK TANK/SymbiosoAi-v4-12326/node_modules/type-fest'
467 silly reify ]
468 silly reify mark retired [
468 silly reify   '/Users/personal/Desktop/SymbiosoAI THINK TANK/SymbiosoAi-v4-12326/node_modules/typeof-article'
468 silly reify ]
469 silly reify mark retired [
469 silly reify   '/Users/personal/Desktop/SymbiosoAI THINK TANK/SymbiosoAi-v4-12326/node_modules/uglify-js'
469 silly reify ]
470 silly reify mark retired [
470 silly reify   '/Users/personal/Desktop/SymbiosoAI THINK TANK/SymbiosoAi-v4-12326/node_modules/underscore'
470 silly reify ]
471 silly reify mark retired [
471 silly reify   '/Users/personal/Desktop/SymbiosoAI THINK TANK/SymbiosoAi-v4-12326/node_modules/universalify'
471 silly reify ]
472 silly reify mark retired [
472 silly reify   '/Users/personal/Desktop/SymbiosoAI THINK TANK/SymbiosoAi-v4-12326/node_modules/unrs-resolver'
472 silly reify ]
473 silly reify mark retired [
473 silly reify   '/Users/personal/Desktop/SymbiosoAI THINK TANK/SymbiosoAi-v4-12326/node_modules/update-browserslist-db'
473 silly reify ]
474 silly reify mark retired [
474 silly reify   '/Users/personal/Desktop/SymbiosoAI THINK TANK/SymbiosoAi-v4-12326/node_modules/uri-js'
474 silly reify ]
475 silly reify mark retired [
475 silly reify   '/Users/personal/Desktop/SymbiosoAI THINK TANK/SymbiosoAi-v4-12326/node_modules/url-parse'
475 silly reify ]
476 silly reify mark retired [
476 silly reify   '/Users/personal/Desktop/SymbiosoAI THINK TANK/SymbiosoAi-v4-12326/node_modules/use-sync-external-store'
476 silly reify ]
477 silly reify mark retired [
477 silly reify   '/Users/personal/Desktop/SymbiosoAI THINK TANK/SymbiosoAi-v4-12326/node_modules/utrie'
477 silly reify ]
478 silly reify mark retired [
478 silly reify   '/Users/personal/Desktop/SymbiosoAI THINK TANK/SymbiosoAi-v4-12326/node_modules/uuid'
478 silly reify ]
479 silly reify mark retired [
479 silly reify   '/Users/personal/Desktop/SymbiosoAI THINK TANK/SymbiosoAi-v4-12326/node_modules/uvm'
479 silly reify ]
480 silly reify mark retired [
480 silly reify   '/Users/personal/Desktop/SymbiosoAI THINK TANK/SymbiosoAi-v4-12326/node_modules/v8-compile-cache-lib'
480 silly reify ]
481 silly reify mark retired [
481 silly reify   '/Users/personal/Desktop/SymbiosoAI THINK TANK/SymbiosoAi-v4-12326/node_modules/v8-to-istanbul'
481 silly reify ]
482 silly reify mark retired [
482 silly reify   '/Users/personal/Desktop/SymbiosoAI THINK TANK/SymbiosoAi-v4-12326/node_modules/verror'
482 silly reify ]
483 silly reify mark retired [
483 silly reify   '/Users/personal/Desktop/SymbiosoAI THINK TANK/SymbiosoAi-v4-12326/node_modules/vite'
483 silly reify ]
484 silly reify mark retired [
484 silly reify   '/Users/personal/Desktop/SymbiosoAI THINK TANK/SymbiosoAi-v4-12326/node_modules/walker'
484 silly reify ]
485 silly reify mark retired [
485 silly reify   '/Users/personal/Desktop/SymbiosoAI THINK TANK/SymbiosoAi-v4-12326/node_modules/web-push'
485 silly reify ]
486 silly reify mark retired [
486 silly reify   '/Users/personal/Desktop/SymbiosoAI THINK TANK/SymbiosoAi-v4-12326/node_modules/web-streams-polyfill'
486 silly reify ]
487 silly reify mark retired [
487 silly reify   '/Users/personal/Desktop/SymbiosoAI THINK TANK/SymbiosoAi-v4-12326/node_modules/webidl-conversions'
487 silly reify ]
488 silly reify mark retired [
488 silly reify   '/Users/personal/Desktop/SymbiosoAI THINK TANK/SymbiosoAi-v4-12326/node_modules/whatwg-url'
488 silly reify ]
489 silly reify mark retired [
489 silly reify   '/Users/personal/Desktop/SymbiosoAI THINK TANK/SymbiosoAi-v4-12326/node_modules/which'
489 silly reify ]
490 silly reify mark retired [
490 silly reify   '/Users/personal/Desktop/SymbiosoAI THINK TANK/SymbiosoAi-v4-12326/node_modules/word-wrap'
490 silly reify ]
491 silly reify mark retired [
491 silly reify   '/Users/personal/Desktop/SymbiosoAI THINK TANK/SymbiosoAi-v4-12326/node_modules/wordwrap'
491 silly reify ]
492 silly reify mark retired [
492 silly reify   '/Users/personal/Desktop/SymbiosoAI THINK TANK/SymbiosoAi-v4-12326/node_modules/wouter'
492 silly reify ]
493 silly reify mark retired [
493 silly reify   '/Users/personal/Desktop/SymbiosoAI THINK TANK/SymbiosoAi-v4-12326/node_modules/wrap-ansi'
493 silly reify ]
494 silly reify mark retired [
494 silly reify   '/Users/personal/Desktop/SymbiosoAI THINK TANK/SymbiosoAi-v4-12326/node_modules/wrap-ansi-cjs'
494 silly reify ]
495 silly reify mark retired [
495 silly reify   '/Users/personal/Desktop/SymbiosoAI THINK TANK/SymbiosoAi-v4-12326/node_modules/wrappy'
495 silly reify ]
496 silly reify mark retired [
496 silly reify   '/Users/personal/Desktop/SymbiosoAI THINK TANK/SymbiosoAi-v4-12326/node_modules/write-file-atomic'
496 silly reify ]
497 silly reify mark retired [
497 silly reify   '/Users/personal/Desktop/SymbiosoAI THINK TANK/SymbiosoAi-v4-12326/node_modules/ws'
497 silly reify ]
498 silly reify mark retired [
498 silly reify   '/Users/personal/Desktop/SymbiosoAI THINK TANK/SymbiosoAi-v4-12326/node_modules/xml'
498 silly reify ]
499 silly reify mark retired [
499 silly reify   '/Users/personal/Desktop/SymbiosoAI THINK TANK/SymbiosoAi-v4-12326/node_modules/xml-js'
499 silly reify ]
500 silly reify mark retired [
500 silly reify   '/Users/personal/Desktop/SymbiosoAI THINK TANK/SymbiosoAi-v4-12326/node_modules/xmlbuilder'
500 silly reify ]
501 silly reify mark retired [
501 silly reify   '/Users/personal/Desktop/SymbiosoAI THINK TANK/SymbiosoAi-v4-12326/node_modules/y18n'
501 silly reify ]
502 silly reify mark retired [
502 silly reify   '/Users/personal/Desktop/SymbiosoAI THINK TANK/SymbiosoAi-v4-12326/node_modules/yaml'
502 silly reify ]
503 silly reify mark retired [
503 silly reify   '/Users/personal/Desktop/SymbiosoAI THINK TANK/SymbiosoAi-v4-12326/node_modules/yargs'
503 silly reify ]
504 silly reify mark retired [
504 silly reify   '/Users/personal/Desktop/SymbiosoAI THINK TANK/SymbiosoAi-v4-12326/node_modules/yargs-parser'
504 silly reify ]
505 silly reify mark retired [
505 silly reify   '/Users/personal/Desktop/SymbiosoAI THINK TANK/SymbiosoAi-v4-12326/node_modules/yn'
505 silly reify ]
506 silly reify mark retired [
506 silly reify   '/Users/personal/Desktop/SymbiosoAI THINK TANK/SymbiosoAi-v4-12326/node_modules/yocto-queue'
506 silly reify ]
507 silly reify mark retired [
507 silly reify   '/Users/personal/Desktop/SymbiosoAI THINK TANK/SymbiosoAi-v4-12326/node_modules/zod'
507 silly reify ]
508 silly reify mark retired [
508 silly reify   '/Users/personal/Desktop/SymbiosoAI THINK TANK/SymbiosoAi-v4-12326/node_modules/zod-validation-error'
508 silly reify ]
509 silly reify mark retired [
509 silly reify   '/Users/personal/Desktop/SymbiosoAI THINK TANK/SymbiosoAi-v4-12326/node_modules/@babel/core'
509 silly reify ]
510 silly reify mark retired [
510 silly reify   '/Users/personal/Desktop/SymbiosoAI THINK TANK/SymbiosoAi-v4-12326/node_modules/@babel/code-frame'
510 silly reify ]
511 silly reify mark retired [
511 silly reify   '/Users/personal/Desktop/SymbiosoAI THINK TANK/SymbiosoAi-v4-12326/node_modules/@babel/generator'
511 silly reify ]
512 silly reify mark retired [
512 silly reify   '/Users/personal/Desktop/SymbiosoAI THINK TANK/SymbiosoAi-v4-12326/node_modules/@babel/compat-data'
512 silly reify ]
513 silly reify mark retired [
513 silly reify   '/Users/personal/Desktop/SymbiosoAI THINK TANK/SymbiosoAi-v4-12326/node_modules/@babel/helper-compilation-targets'
513 silly reify ]
514 silly reify mark retired [
514 silly reify   '/Users/personal/Desktop/SymbiosoAI THINK TANK/SymbiosoAi-v4-12326/node_modules/@babel/helper-module-imports'
514 silly reify ]
515 silly reify mark retired [
515 silly reify   '/Users/personal/Desktop/SymbiosoAI THINK TANK/SymbiosoAi-v4-12326/node_modules/@babel/helper-module-transforms'
515 silly reify ]
516 silly reify mark retired [
516 silly reify   '/Users/personal/Desktop/SymbiosoAI THINK TANK/SymbiosoAi-v4-12326/node_modules/@babel/helper-plugin-utils'
516 silly reify ]
517 silly reify mark retired [
517 silly reify   '/Users/personal/Desktop/SymbiosoAI THINK TANK/SymbiosoAi-v4-12326/node_modules/@babel/helper-validator-identifier'
517 silly reify ]
518 silly reify mark retired [
518 silly reify   '/Users/personal/Desktop/SymbiosoAI THINK TANK/SymbiosoAi-v4-12326/node_modules/@babel/helpers'
518 silly reify ]
519 silly reify mark retired [
519 silly reify   '/Users/personal/Desktop/SymbiosoAI THINK TANK/SymbiosoAi-v4-12326/node_modules/@babel/parser'
519 silly reify ]
520 silly reify mark retired [
520 silly reify   '/Users/personal/Desktop/SymbiosoAI THINK TANK/SymbiosoAi-v4-12326/node_modules/@babel/plugin-syntax-async-generators'
520 silly reify ]
521 silly reify mark retired [
521 silly reify   '/Users/personal/Desktop/SymbiosoAI THINK TANK/SymbiosoAi-v4-12326/node_modules/@babel/plugin-syntax-bigint'
521 silly reify ]
522 silly reify mark retired [
522 silly reify   '/Users/personal/Desktop/SymbiosoAI THINK TANK/SymbiosoAi-v4-12326/node_modules/@babel/plugin-syntax-class-properties'
522 silly reify ]
523 silly reify mark retired [
523 silly reify   '/Users/personal/Desktop/SymbiosoAI THINK TANK/SymbiosoAi-v4-12326/node_modules/@babel/plugin-syntax-class-static-block'
523 silly reify ]
524 silly reify mark retired [
524 silly reify   '/Users/personal/Desktop/SymbiosoAI THINK TANK/SymbiosoAi-v4-12326/node_modules/@babel/plugin-syntax-import-attributes'
524 silly reify ]
525 silly reify mark retired [
525 silly reify   '/Users/personal/Desktop/SymbiosoAI THINK TANK/SymbiosoAi-v4-12326/node_modules/@babel/plugin-syntax-import-meta'
525 silly reify ]
526 silly reify mark retired [
526 silly reify   '/Users/personal/Desktop/SymbiosoAI THINK TANK/SymbiosoAi-v4-12326/node_modules/@babel/plugin-syntax-json-strings'
526 silly reify ]
527 silly reify mark retired [
527 silly reify   '/Users/personal/Desktop/SymbiosoAI THINK TANK/SymbiosoAi-v4-12326/node_modules/@babel/plugin-syntax-jsx'
527 silly reify ]
528 silly reify mark retired [
528 silly reify   '/Users/personal/Desktop/SymbiosoAI THINK TANK/SymbiosoAi-v4-12326/node_modules/@babel/plugin-syntax-logical-assignment-operators'
528 silly reify ]
529 silly reify mark retired [
529 silly reify   '/Users/personal/Desktop/SymbiosoAI THINK TANK/SymbiosoAi-v4-12326/node_modules/@babel/plugin-syntax-nullish-coalescing-operator'
529 silly reify ]
530 silly reify mark retired [
530 silly reify   '/Users/personal/Desktop/SymbiosoAI THINK TANK/SymbiosoAi-v4-12326/node_modules/@babel/plugin-syntax-numeric-separator'
530 silly reify ]
531 silly reify mark retired [
531 silly reify   '/Users/personal/Desktop/SymbiosoAI THINK TANK/SymbiosoAi-v4-12326/node_modules/@babel/plugin-syntax-object-rest-spread'
531 silly reify ]
532 silly reify mark retired [
532 silly reify   '/Users/personal/Desktop/SymbiosoAI THINK TANK/SymbiosoAi-v4-12326/node_modules/@babel/plugin-syntax-optional-catch-binding'
532 silly reify ]
533 silly reify mark retired [
533 silly reify   '/Users/personal/Desktop/SymbiosoAI THINK TANK/SymbiosoAi-v4-12326/node_modules/@babel/plugin-syntax-optional-chaining'
533 silly reify ]
534 silly reify mark retired [
534 silly reify   '/Users/personal/Desktop/SymbiosoAI THINK TANK/SymbiosoAi-v4-12326/node_modules/@babel/plugin-syntax-private-property-in-object'
534 silly reify ]
535 silly reify mark retired [
535 silly reify   '/Users/personal/Desktop/SymbiosoAI THINK TANK/SymbiosoAi-v4-12326/node_modules/@babel/plugin-syntax-top-level-await'
535 silly reify ]
536 silly reify mark retired [
536 silly reify   '/Users/personal/Desktop/SymbiosoAI THINK TANK/SymbiosoAi-v4-12326/node_modules/@babel/plugin-syntax-typescript'
536 silly reify ]
537 silly reify mark retired [
537 silly reify   '/Users/personal/Desktop/SymbiosoAI THINK TANK/SymbiosoAi-v4-12326/node_modules/@babel/plugin-transform-react-jsx-self'
537 silly reify ]
538 silly reify mark retired [
538 silly reify   '/Users/personal/Desktop/SymbiosoAI THINK TANK/SymbiosoAi-v4-12326/node_modules/@babel/plugin-transform-react-jsx-source'
538 silly reify ]
539 silly reify mark retired [
539 silly reify   '/Users/personal/Desktop/SymbiosoAI THINK TANK/SymbiosoAi-v4-12326/node_modules/@babel/runtime'
539 silly reify ]
540 silly reify mark retired [
540 silly reify   '/Users/personal/Desktop/SymbiosoAI THINK TANK/SymbiosoAi-v4-12326/node_modules/@babel/template'
540 silly reify ]
541 silly reify mark retired [
541 silly reify   '/Users/personal/Desktop/SymbiosoAI THINK TANK/SymbiosoAi-v4-12326/node_modules/@babel/traverse'
541 silly reify ]
542 silly reify mark retired [
542 silly reify   '/Users/personal/Desktop/SymbiosoAI THINK TANK/SymbiosoAi-v4-12326/node_modules/@babel/types'
542 silly reify ]
543 silly reify mark retired [
543 silly reify   '/Users/personal/Desktop/SymbiosoAI THINK TANK/SymbiosoAi-v4-12326/node_modules/@anthropic-ai/sdk'
543 silly reify ]
544 silly reify mark retired [
544 silly reify   '/Users/personal/Desktop/SymbiosoAI THINK TANK/SymbiosoAi-v4-12326/node_modules/@bcoe/v8-coverage'
544 silly reify ]
545 silly reify mark retired [
545 silly reify   '/Users/personal/Desktop/SymbiosoAI THINK TANK/SymbiosoAi-v4-12326/node_modules/@budibase/handlebars-helpers'
545 silly reify ]
546 silly reify mark retired [
546 silly reify   '/Users/personal/Desktop/SymbiosoAI THINK TANK/SymbiosoAi-v4-12326/node_modules/@colors/colors'
546 silly reify ]
547 silly reify mark retired [
547 silly reify   '/Users/personal/Desktop/SymbiosoAI THINK TANK/SymbiosoAi-v4-12326/node_modules/@cspotcode/source-map-support'
547 silly reify ]
548 silly reify mark retired [
548 silly reify   '/Users/personal/Desktop/SymbiosoAI THINK TANK/SymbiosoAi-v4-12326/node_modules/@esbuild/darwin-arm64'
548 silly reify ]
549 silly reify mark retired [
549 silly reify   '/Users/personal/Desktop/SymbiosoAI THINK TANK/SymbiosoAi-v4-12326/node_modules/@faker-js/faker'
549 silly reify ]
550 silly reify mark retired [
550 silly reify   '/Users/personal/Desktop/SymbiosoAI THINK TANK/SymbiosoAi-v4-12326/node_modules/@floating-ui/dom'
550 silly reify ]
551 silly reify mark retired [
551 silly reify   '/Users/personal/Desktop/SymbiosoAI THINK TANK/SymbiosoAi-v4-12326/node_modules/@floating-ui/core'
551 silly reify ]
552 silly reify mark retired [
552 silly reify   '/Users/personal/Desktop/SymbiosoAI THINK TANK/SymbiosoAi-v4-12326/node_modules/@floating-ui/react-dom'
552 silly reify ]
553 silly reify mark retired [
553 silly reify   '/Users/personal/Desktop/SymbiosoAI THINK TANK/SymbiosoAi-v4-12326/node_modules/@floating-ui/utils'
553 silly reify ]
554 silly reify mark retired [
554 silly reify   '/Users/personal/Desktop/SymbiosoAI THINK TANK/SymbiosoAi-v4-12326/node_modules/@google-cloud/paginator'
554 silly reify ]
555 silly reify mark retired [
555 silly reify   '/Users/personal/Desktop/SymbiosoAI THINK TANK/SymbiosoAi-v4-12326/node_modules/@google-cloud/projectify'
555 silly reify ]
556 silly reify mark retired [
556 silly reify   '/Users/personal/Desktop/SymbiosoAI THINK TANK/SymbiosoAi-v4-12326/node_modules/@google-cloud/promisify'
556 silly reify ]
557 silly reify mark retired [
557 silly reify   '/Users/personal/Desktop/SymbiosoAI THINK TANK/SymbiosoAi-v4-12326/node_modules/@google-cloud/storage'
557 silly reify ]
558 silly reify mark retired [
558 silly reify   '/Users/personal/Desktop/SymbiosoAI THINK TANK/SymbiosoAi-v4-12326/node_modules/@grpc/grpc-js'
558 silly reify ]
559 silly reify mark retired [
559 silly reify   '/Users/personal/Desktop/SymbiosoAI THINK TANK/SymbiosoAi-v4-12326/node_modules/@grpc/proto-loader'
559 silly reify ]
560 silly reify mark retired [
560 silly reify   '/Users/personal/Desktop/SymbiosoAI THINK TANK/SymbiosoAi-v4-12326/node_modules/@ioredis/commands'
560 silly reify ]
561 silly reify mark retired [
561 silly reify   '/Users/personal/Desktop/SymbiosoAI THINK TANK/SymbiosoAi-v4-12326/node_modules/@isaacs/cliui'
561 silly reify ]
562 silly reify mark retired [
562 silly reify   '/Users/personal/Desktop/SymbiosoAI THINK TANK/SymbiosoAi-v4-12326/node_modules/@istanbuljs/load-nyc-config'
562 silly reify ]
563 silly reify mark retired [
563 silly reify   '/Users/personal/Desktop/SymbiosoAI THINK TANK/SymbiosoAi-v4-12326/node_modules/@istanbuljs/schema'
563 silly reify ]
564 silly reify mark retired [
564 silly reify   '/Users/personal/Desktop/SymbiosoAI THINK TANK/SymbiosoAi-v4-12326/node_modules/@jest/console'
564 silly reify ]
565 silly reify mark retired [
565 silly reify   '/Users/personal/Desktop/SymbiosoAI THINK TANK/SymbiosoAi-v4-12326/node_modules/@jest/core'
565 silly reify ]
566 silly reify mark retired [
566 silly reify   '/Users/personal/Desktop/SymbiosoAI THINK TANK/SymbiosoAi-v4-12326/node_modules/@jest/diff-sequences'
566 silly reify ]
567 silly reify mark retired [
567 silly reify   '/Users/personal/Desktop/SymbiosoAI THINK TANK/SymbiosoAi-v4-12326/node_modules/@jest/environment'
567 silly reify ]
568 silly reify mark retired [
568 silly reify   '/Users/personal/Desktop/SymbiosoAI THINK TANK/SymbiosoAi-v4-12326/node_modules/@jest/expect'
568 silly reify ]
569 silly reify mark retired [
569 silly reify   '/Users/personal/Desktop/SymbiosoAI THINK TANK/SymbiosoAi-v4-12326/node_modules/@jest/expect-utils'
569 silly reify ]
570 silly reify mark retired [
570 silly reify   '/Users/personal/Desktop/SymbiosoAI THINK TANK/SymbiosoAi-v4-12326/node_modules/@jest/fake-timers'
570 silly reify ]
571 silly reify mark retired [
571 silly reify   '/Users/personal/Desktop/SymbiosoAI THINK TANK/SymbiosoAi-v4-12326/node_modules/@jest/get-type'
571 silly reify ]
572 silly reify mark retired [
572 silly reify   '/Users/personal/Desktop/SymbiosoAI THINK TANK/SymbiosoAi-v4-12326/node_modules/@jest/globals'
572 silly reify ]
573 silly reify mark retired [
573 silly reify   '/Users/personal/Desktop/SymbiosoAI THINK TANK/SymbiosoAi-v4-12326/node_modules/@jest/reporters'
573 silly reify ]
574 silly reify mark retired [
574 silly reify   '/Users/personal/Desktop/SymbiosoAI THINK TANK/SymbiosoAi-v4-12326/node_modules/@jest/pattern'
574 silly reify ]
575 silly reify mark retired [
575 silly reify   '/Users/personal/Desktop/SymbiosoAI THINK TANK/SymbiosoAi-v4-12326/node_modules/@jest/schemas'
575 silly reify ]
576 silly reify mark retired [
576 silly reify   '/Users/personal/Desktop/SymbiosoAI THINK TANK/SymbiosoAi-v4-12326/node_modules/@jest/snapshot-utils'
576 silly reify ]
577 silly reify mark retired [
577 silly reify   '/Users/personal/Desktop/SymbiosoAI THINK TANK/SymbiosoAi-v4-12326/node_modules/@jest/source-map'
577 silly reify ]
578 silly reify mark retired [
578 silly reify   '/Users/personal/Desktop/SymbiosoAI THINK TANK/SymbiosoAi-v4-12326/node_modules/@jest/test-result'
578 silly reify ]
579 silly reify mark retired [
579 silly reify   '/Users/personal/Desktop/SymbiosoAI THINK TANK/SymbiosoAi-v4-12326/node_modules/@jest/test-sequencer'
579 silly reify ]
580 silly reify mark retired [
580 silly reify   '/Users/personal/Desktop/SymbiosoAI THINK TANK/SymbiosoAi-v4-12326/node_modules/@jest/transform'
580 silly reify ]
581 silly reify mark retired [
581 silly reify   '/Users/personal/Desktop/SymbiosoAI THINK TANK/SymbiosoAi-v4-12326/node_modules/@jest/types'
581 silly reify ]
582 silly reify mark retired [
582 silly reify   '/Users/personal/Desktop/SymbiosoAI THINK TANK/SymbiosoAi-v4-12326/node_modules/@jridgewell/sourcemap-codec'
582 silly reify ]
583 silly reify mark retired [
583 silly reify   '/Users/personal/Desktop/SymbiosoAI THINK TANK/SymbiosoAi-v4-12326/node_modules/@js-sdsl/ordered-map'
583 silly reify ]
584 silly reify mark retired [
584 silly reify   '/Users/personal/Desktop/SymbiosoAI THINK TANK/SymbiosoAi-v4-12326/node_modules/@msgpackr-extract/msgpackr-extract-darwin-arm64'
584 silly reify ]
585 silly reify mark retired [
585 silly reify   '/Users/personal/Desktop/SymbiosoAI THINK TANK/SymbiosoAi-v4-12326/node_modules/@noble/hashes'
585 silly reify ]
586 silly reify mark retired [
586 silly reify   '/Users/personal/Desktop/SymbiosoAI THINK TANK/SymbiosoAi-v4-12326/node_modules/@opentelemetry/api'
586 silly reify ]
587 silly reify mark retired [
587 silly reify   '/Users/personal/Desktop/SymbiosoAI THINK TANK/SymbiosoAi-v4-12326/node_modules/@opentelemetry/context-async-hooks'
587 silly reify ]
588 silly reify mark retired [
588 silly reify   '/Users/personal/Desktop/SymbiosoAI THINK TANK/SymbiosoAi-v4-12326/node_modules/@opentelemetry/api-logs'
588 silly reify ]
589 silly reify mark retired [
589 silly reify   '/Users/personal/Desktop/SymbiosoAI THINK TANK/SymbiosoAi-v4-12326/node_modules/@opentelemetry/core'
589 silly reify ]
590 silly reify mark retired [
590 silly reify   '/Users/personal/Desktop/SymbiosoAI THINK TANK/SymbiosoAi-v4-12326/node_modules/@opentelemetry/exporter-logs-otlp-grpc'
590 silly reify ]
591 silly reify mark retired [
591 silly reify   '/Users/personal/Desktop/SymbiosoAI THINK TANK/SymbiosoAi-v4-12326/node_modules/@opentelemetry/exporter-logs-otlp-http'
591 silly reify ]
592 silly reify mark retired [
592 silly reify   '/Users/personal/Desktop/SymbiosoAI THINK TANK/SymbiosoAi-v4-12326/node_modules/@opentelemetry/exporter-logs-otlp-proto'
592 silly reify ]
593 silly reify mark retired [
593 silly reify   '/Users/personal/Desktop/SymbiosoAI THINK TANK/SymbiosoAi-v4-12326/node_modules/@opentelemetry/exporter-metrics-otlp-grpc'
593 silly reify ]
594 silly reify mark retired [
594 silly reify   '/Users/personal/Desktop/SymbiosoAI THINK TANK/SymbiosoAi-v4-12326/node_modules/@opentelemetry/exporter-prometheus'
594 silly reify ]
595 silly reify mark retired [
595 silly reify   '/Users/personal/Desktop/SymbiosoAI THINK TANK/SymbiosoAi-v4-12326/node_modules/@opentelemetry/exporter-trace-otlp-grpc'
595 silly reify ]
596 silly reify mark retired [
596 silly reify   '/Users/personal/Desktop/SymbiosoAI THINK TANK/SymbiosoAi-v4-12326/node_modules/@opentelemetry/exporter-metrics-otlp-http'
596 silly reify ]
597 silly reify mark retired [
597 silly reify   '/Users/personal/Desktop/SymbiosoAI THINK TANK/SymbiosoAi-v4-12326/node_modules/@opentelemetry/exporter-trace-otlp-http'
597 silly reify ]
598 silly reify mark retired [
598 silly reify   '/Users/personal/Desktop/SymbiosoAI THINK TANK/SymbiosoAi-v4-12326/node_modules/@opentelemetry/exporter-trace-otlp-proto'
598 silly reify ]
599 silly reify mark retired [
599 silly reify   '/Users/personal/Desktop/SymbiosoAI THINK TANK/SymbiosoAi-v4-12326/node_modules/@opentelemetry/exporter-zipkin'
599 silly reify ]
600 silly reify mark retired [
600 silly reify   '/Users/personal/Desktop/SymbiosoAI THINK TANK/SymbiosoAi-v4-12326/node_modules/@opentelemetry/instrumentation'
600 silly reify ]
601 silly reify mark retired [
601 silly reify   '/Users/personal/Desktop/SymbiosoAI THINK TANK/SymbiosoAi-v4-12326/node_modules/@opentelemetry/exporter-metrics-otlp-proto'
601 silly reify ]
602 silly reify mark retired [
602 silly reify   '/Users/personal/Desktop/SymbiosoAI THINK TANK/SymbiosoAi-v4-12326/node_modules/@opentelemetry/otlp-exporter-base'
602 silly reify ]
603 silly reify mark retired [
603 silly reify   '/Users/personal/Desktop/SymbiosoAI THINK TANK/SymbiosoAi-v4-12326/node_modules/@opentelemetry/otlp-grpc-exporter-base'
603 silly reify ]
604 silly reify mark retired [
604 silly reify   '/Users/personal/Desktop/SymbiosoAI THINK TANK/SymbiosoAi-v4-12326/node_modules/@opentelemetry/otlp-transformer'
604 silly reify ]
605 silly reify mark retired [
605 silly reify   '/Users/personal/Desktop/SymbiosoAI THINK TANK/SymbiosoAi-v4-12326/node_modules/@opentelemetry/propagator-b3'
605 silly reify ]
606 silly reify mark retired [
606 silly reify   '/Users/personal/Desktop/SymbiosoAI THINK TANK/SymbiosoAi-v4-12326/node_modules/@opentelemetry/propagator-jaeger'
606 silly reify ]
607 silly reify mark retired [
607 silly reify   '/Users/personal/Desktop/SymbiosoAI THINK TANK/SymbiosoAi-v4-12326/node_modules/@opentelemetry/resources'
607 silly reify ]
608 silly reify mark retired [
608 silly reify   '/Users/personal/Desktop/SymbiosoAI THINK TANK/SymbiosoAi-v4-12326/node_modules/@opentelemetry/sdk-logs'
608 silly reify ]
609 silly reify mark retired [
609 silly reify   '/Users/personal/Desktop/SymbiosoAI THINK TANK/SymbiosoAi-v4-12326/node_modules/@opentelemetry/sdk-metrics'
609 silly reify ]
610 silly reify mark retired [
610 silly reify   '/Users/personal/Desktop/SymbiosoAI THINK TANK/SymbiosoAi-v4-12326/node_modules/@opentelemetry/sdk-node'
610 silly reify ]
611 silly reify mark retired [
611 silly reify   '/Users/personal/Desktop/SymbiosoAI THINK TANK/SymbiosoAi-v4-12326/node_modules/@opentelemetry/sdk-trace-base'
611 silly reify ]
612 silly reify mark retired [
612 silly reify   '/Users/personal/Desktop/SymbiosoAI THINK TANK/SymbiosoAi-v4-12326/node_modules/@opentelemetry/sdk-trace-node'
612 silly reify ]
613 silly reify mark retired [
613 silly reify   '/Users/personal/Desktop/SymbiosoAI THINK TANK/SymbiosoAi-v4-12326/node_modules/@opentelemetry/semantic-conventions'
613 silly reify ]
614 silly reify mark retired [
614 silly reify   '/Users/personal/Desktop/SymbiosoAI THINK TANK/SymbiosoAi-v4-12326/node_modules/@paralleldrive/cuid2'
614 silly reify ]
615 silly reify mark retired [
615 silly reify   '/Users/personal/Desktop/SymbiosoAI THINK TANK/SymbiosoAi-v4-12326/node_modules/@pkgr/core'
615 silly reify ]
616 silly reify mark retired [
616 silly reify   '/Users/personal/Desktop/SymbiosoAI THINK TANK/SymbiosoAi-v4-12326/node_modules/@pkgjs/parseargs'
616 silly reify ]
617 silly reify mark retired [
617 silly reify   '/Users/personal/Desktop/SymbiosoAI THINK TANK/SymbiosoAi-v4-12326/node_modules/@playwright/test'
617 silly reify ]
618 silly reify mark retired [
618 silly reify   '/Users/personal/Desktop/SymbiosoAI THINK TANK/SymbiosoAi-v4-12326/node_modules/@postman/form-data'
618 silly reify ]
619 silly reify mark retired [
619 silly reify   '/Users/personal/Desktop/SymbiosoAI THINK TANK/SymbiosoAi-v4-12326/node_modules/@postman/tough-cookie'
619 silly reify ]
620 silly reify mark retired [
620 silly reify   '/Users/personal/Desktop/SymbiosoAI THINK TANK/SymbiosoAi-v4-12326/node_modules/@postman/tunnel-agent'
620 silly reify ]
621 silly reify mark retired [
621 silly reify   '/Users/personal/Desktop/SymbiosoAI THINK TANK/SymbiosoAi-v4-12326/node_modules/@protobufjs/aspromise'
621 silly reify ]
622 silly reify mark retired [
622 silly reify   '/Users/personal/Desktop/SymbiosoAI THINK TANK/SymbiosoAi-v4-12326/node_modules/@protobufjs/base64'
622 silly reify ]
623 silly reify mark retired [
623 silly reify   '/Users/personal/Desktop/SymbiosoAI THINK TANK/SymbiosoAi-v4-12326/node_modules/@protobufjs/codegen'
623 silly reify ]
624 silly reify mark retired [
624 silly reify   '/Users/personal/Desktop/SymbiosoAI THINK TANK/SymbiosoAi-v4-12326/node_modules/@protobufjs/eventemitter'
624 silly reify ]
625 silly reify mark retired [
625 silly reify   '/Users/personal/Desktop/SymbiosoAI THINK TANK/SymbiosoAi-v4-12326/node_modules/@protobufjs/fetch'
625 silly reify ]
626 silly reify mark retired [
626 silly reify   '/Users/personal/Desktop/SymbiosoAI THINK TANK/SymbiosoAi-v4-12326/node_modules/@protobufjs/float'
626 silly reify ]
627 silly reify mark retired [
627 silly reify   '/Users/personal/Desktop/SymbiosoAI THINK TANK/SymbiosoAi-v4-12326/node_modules/@protobufjs/inquire'
627 silly reify ]
628 silly reify mark retired [
628 silly reify   '/Users/personal/Desktop/SymbiosoAI THINK TANK/SymbiosoAi-v4-12326/node_modules/@protobufjs/path'
628 silly reify ]
629 silly reify mark retired [
629 silly reify   '/Users/personal/Desktop/SymbiosoAI THINK TANK/SymbiosoAi-v4-12326/node_modules/@protobufjs/pool'
629 silly reify ]
630 silly reify mark retired [
630 silly reify   '/Users/personal/Desktop/SymbiosoAI THINK TANK/SymbiosoAi-v4-12326/node_modules/@protobufjs/utf8'
630 silly reify ]
631 silly reify mark retired [
631 silly reify   '/Users/personal/Desktop/SymbiosoAI THINK TANK/SymbiosoAi-v4-12326/node_modules/@radix-ui/react-accordion'
631 silly reify ]
632 silly reify mark retired [
632 silly reify   '/Users/personal/Desktop/SymbiosoAI THINK TANK/SymbiosoAi-v4-12326/node_modules/@radix-ui/primitive'
632 silly reify ]
633 silly reify mark retired [
633 silly reify   '/Users/personal/Desktop/SymbiosoAI THINK TANK/SymbiosoAi-v4-12326/node_modules/@radix-ui/react-alert-dialog'
633 silly reify ]
634 silly reify mark retired [
634 silly reify   '/Users/personal/Desktop/SymbiosoAI THINK TANK/SymbiosoAi-v4-12326/node_modules/@radix-ui/react-arrow'
634 silly reify ]
635 silly reify mark retired [
635 silly reify   '/Users/personal/Desktop/SymbiosoAI THINK TANK/SymbiosoAi-v4-12326/node_modules/@radix-ui/react-aspect-ratio'
635 silly reify ]
636 silly reify mark retired [
636 silly reify   '/Users/personal/Desktop/SymbiosoAI THINK TANK/SymbiosoAi-v4-12326/node_modules/@radix-ui/react-avatar'
636 silly reify ]
637 silly reify mark retired [
637 silly reify   '/Users/personal/Desktop/SymbiosoAI THINK TANK/SymbiosoAi-v4-12326/node_modules/@radix-ui/react-checkbox'
637 silly reify ]
638 silly reify mark retired [
638 silly reify   '/Users/personal/Desktop/SymbiosoAI THINK TANK/SymbiosoAi-v4-12326/node_modules/@radix-ui/react-collapsible'
638 silly reify ]
639 silly reify mark retired [
639 silly reify   '/Users/personal/Desktop/SymbiosoAI THINK TANK/SymbiosoAi-v4-12326/node_modules/@radix-ui/react-collection'
639 silly reify ]
640 silly reify mark retired [
640 silly reify   '/Users/personal/Desktop/SymbiosoAI THINK TANK/SymbiosoAi-v4-12326/node_modules/@radix-ui/react-context-menu'
640 silly reify ]
641 silly reify mark retired [
641 silly reify   '/Users/personal/Desktop/SymbiosoAI THINK TANK/SymbiosoAi-v4-12326/node_modules/@radix-ui/react-dialog'
641 silly reify ]
642 silly reify mark retired [
642 silly reify   '/Users/personal/Desktop/SymbiosoAI THINK TANK/SymbiosoAi-v4-12326/node_modules/@radix-ui/react-dismissable-layer'
642 silly reify ]
643 silly reify mark retired [
643 silly reify   '/Users/personal/Desktop/SymbiosoAI THINK TANK/SymbiosoAi-v4-12326/node_modules/@radix-ui/react-dropdown-menu'
643 silly reify ]
644 silly reify mark retired [
644 silly reify   '/Users/personal/Desktop/SymbiosoAI THINK TANK/SymbiosoAi-v4-12326/node_modules/@radix-ui/react-focus-guards'
644 silly reify ]
645 silly reify mark retired [
645 silly reify   '/Users/personal/Desktop/SymbiosoAI THINK TANK/SymbiosoAi-v4-12326/node_modules/@radix-ui/react-focus-scope'
645 silly reify ]
646 silly reify mark retired [
646 silly reify   '/Users/personal/Desktop/SymbiosoAI THINK TANK/SymbiosoAi-v4-12326/node_modules/@radix-ui/react-hover-card'
646 silly reify ]
647 silly reify mark retired [
647 silly reify   '/Users/personal/Desktop/SymbiosoAI THINK TANK/SymbiosoAi-v4-12326/node_modules/@radix-ui/react-label'
647 silly reify ]
648 silly reify mark retired [
648 silly reify   '/Users/personal/Desktop/SymbiosoAI THINK TANK/SymbiosoAi-v4-12326/node_modules/@radix-ui/react-menu'
648 silly reify ]
649 silly reify mark retired [
649 silly reify   '/Users/personal/Desktop/SymbiosoAI THINK TANK/SymbiosoAi-v4-12326/node_modules/@radix-ui/react-menubar'
649 silly reify ]
650 silly reify mark retired [
650 silly reify   '/Users/personal/Desktop/SymbiosoAI THINK TANK/SymbiosoAi-v4-12326/node_modules/@radix-ui/react-navigation-menu'
650 silly reify ]
651 silly reify mark retired [
651 silly reify   '/Users/personal/Desktop/SymbiosoAI THINK TANK/SymbiosoAi-v4-12326/node_modules/@radix-ui/react-popover'
651 silly reify ]
652 silly reify mark retired [
652 silly reify   '/Users/personal/Desktop/SymbiosoAI THINK TANK/SymbiosoAi-v4-12326/node_modules/@radix-ui/react-popper'
652 silly reify ]
653 silly reify mark retired [
653 silly reify   '/Users/personal/Desktop/SymbiosoAI THINK TANK/SymbiosoAi-v4-12326/node_modules/@radix-ui/react-portal'
653 silly reify ]
654 silly reify mark retired [
654 silly reify   '/Users/personal/Desktop/SymbiosoAI THINK TANK/SymbiosoAi-v4-12326/node_modules/@radix-ui/react-presence'
654 silly reify ]
655 silly reify mark retired [
655 silly reify   '/Users/personal/Desktop/SymbiosoAI THINK TANK/SymbiosoAi-v4-12326/node_modules/@radix-ui/react-primitive'
655 silly reify ]
656 silly reify mark retired [
656 silly reify   '/Users/personal/Desktop/SymbiosoAI THINK TANK/SymbiosoAi-v4-12326/node_modules/@radix-ui/react-progress'
656 silly reify ]
657 silly reify mark retired [
657 silly reify   '/Users/personal/Desktop/SymbiosoAI THINK TANK/SymbiosoAi-v4-12326/node_modules/@radix-ui/react-radio-group'
657 silly reify ]
658 silly reify mark retired [
658 silly reify   '/Users/personal/Desktop/SymbiosoAI THINK TANK/SymbiosoAi-v4-12326/node_modules/@radix-ui/react-roving-focus'
658 silly reify ]
659 silly reify mark retired [
659 silly reify   '/Users/personal/Desktop/SymbiosoAI THINK TANK/SymbiosoAi-v4-12326/node_modules/@radix-ui/react-scroll-area'
659 silly reify ]
660 silly reify mark retired [
660 silly reify   '/Users/personal/Desktop/SymbiosoAI THINK TANK/SymbiosoAi-v4-12326/node_modules/@radix-ui/react-select'
660 silly reify ]
661 silly reify mark retired [
661 silly reify   '/Users/personal/Desktop/SymbiosoAI THINK TANK/SymbiosoAi-v4-12326/node_modules/@radix-ui/react-separator'
661 silly reify ]
662 silly reify mark retired [
662 silly reify   '/Users/personal/Desktop/SymbiosoAI THINK TANK/SymbiosoAi-v4-12326/node_modules/@radix-ui/react-slider'
662 silly reify ]
663 silly reify mark retired [
663 silly reify   '/Users/personal/Desktop/SymbiosoAI THINK TANK/SymbiosoAi-v4-12326/node_modules/@radix-ui/react-slot'
663 silly reify ]
664 silly reify mark retired [
664 silly reify   '/Users/personal/Desktop/SymbiosoAI THINK TANK/SymbiosoAi-v4-12326/node_modules/@radix-ui/react-switch'
664 silly reify ]
665 silly reify mark retired [
665 silly reify   '/Users/personal/Desktop/SymbiosoAI THINK TANK/SymbiosoAi-v4-12326/node_modules/@radix-ui/react-tabs'
665 silly reify ]
666 silly reify mark retired [
666 silly reify   '/Users/personal/Desktop/SymbiosoAI THINK TANK/SymbiosoAi-v4-12326/node_modules/@radix-ui/react-toast'
666 silly reify ]
667 silly reify mark retired [
667 silly reify   '/Users/personal/Desktop/SymbiosoAI THINK TANK/SymbiosoAi-v4-12326/node_modules/@radix-ui/react-toggle'
667 silly reify ]
668 silly reify mark retired [
668 silly reify   '/Users/personal/Desktop/SymbiosoAI THINK TANK/SymbiosoAi-v4-12326/node_modules/@radix-ui/react-toggle-group'
668 silly reify ]
669 silly reify mark retired [
669 silly reify   '/Users/personal/Desktop/SymbiosoAI THINK TANK/SymbiosoAi-v4-12326/node_modules/@radix-ui/react-tooltip'
669 silly reify ]
670 silly reify mark retired [
670 silly reify   '/Users/personal/Desktop/SymbiosoAI THINK TANK/SymbiosoAi-v4-12326/node_modules/@radix-ui/react-use-controllable-state'
670 silly reify ]
671 silly reify mark retired [
671 silly reify   '/Users/personal/Desktop/SymbiosoAI THINK TANK/SymbiosoAi-v4-12326/node_modules/@radix-ui/react-visually-hidden'
671 silly reify ]
672 silly reify mark retired [
672 silly reify   '/Users/personal/Desktop/SymbiosoAI THINK TANK/SymbiosoAi-v4-12326/node_modules/@replit/vite-plugin-cartographer'
672 silly reify ]
673 silly reify mark retired [
673 silly reify   '/Users/personal/Desktop/SymbiosoAI THINK TANK/SymbiosoAi-v4-12326/node_modules/@rollup/rollup-darwin-arm64'
673 silly reify ]
674 silly reify mark retired [
674 silly reify   '/Users/personal/Desktop/SymbiosoAI THINK TANK/SymbiosoAi-v4-12326/node_modules/@sinclair/typebox'
674 silly reify ]
675 silly reify mark retired [
675 silly reify   '/Users/personal/Desktop/SymbiosoAI THINK TANK/SymbiosoAi-v4-12326/node_modules/@sinonjs/fake-timers'
675 silly reify ]
676 silly reify mark retired [
676 silly reify   '/Users/personal/Desktop/SymbiosoAI THINK TANK/SymbiosoAi-v4-12326/node_modules/@stripe/react-stripe-js'
676 silly reify ]
677 silly reify mark retired [
677 silly reify   '/Users/personal/Desktop/SymbiosoAI THINK TANK/SymbiosoAi-v4-12326/node_modules/@stripe/stripe-js'
677 silly reify ]
678 silly reify mark retired [
678 silly reify   '/Users/personal/Desktop/SymbiosoAI THINK TANK/SymbiosoAi-v4-12326/node_modules/@tailwindcss/node'
678 silly reify ]
679 silly reify mark retired [
679 silly reify   '/Users/personal/Desktop/SymbiosoAI THINK TANK/SymbiosoAi-v4-12326/node_modules/@tailwindcss/oxide-darwin-arm64'
679 silly reify ]
680 silly reify mark retired [
680 silly reify   '/Users/personal/Desktop/SymbiosoAI THINK TANK/SymbiosoAi-v4-12326/node_modules/@tailwindcss/oxide'
680 silly reify ]
681 silly reify mark retired [
681 silly reify   '/Users/personal/Desktop/SymbiosoAI THINK TANK/SymbiosoAi-v4-12326/node_modules/@tailwindcss/vite'
681 silly reify ]
682 silly reify mark retired [
682 silly reify   '/Users/personal/Desktop/SymbiosoAI THINK TANK/SymbiosoAi-v4-12326/node_modules/@tailwindcss/typography'
682 silly reify ]
683 silly reify mark retired [
683 silly reify   '/Users/personal/Desktop/SymbiosoAI THINK TANK/SymbiosoAi-v4-12326/node_modules/@tanstack/query-core'
683 silly reify ]
684 silly reify mark retired [
684 silly reify   '/Users/personal/Desktop/SymbiosoAI THINK TANK/SymbiosoAi-v4-12326/node_modules/@tanstack/react-query'
684 silly reify ]
685 silly reify mark retired [
685 silly reify   '/Users/personal/Desktop/SymbiosoAI THINK TANK/SymbiosoAi-v4-12326/node_modules/@tootallnate/once'
685 silly reify ]
686 silly reify mark retired [
686 silly reify   '/Users/personal/Desktop/SymbiosoAI THINK TANK/SymbiosoAi-v4-12326/node_modules/@tsconfig/node10'
686 silly reify ]
687 silly reify mark retired [
687 silly reify   '/Users/personal/Desktop/SymbiosoAI THINK TANK/SymbiosoAi-v4-12326/node_modules/@tsconfig/node12'
687 silly reify ]
688 silly reify mark retired [
688 silly reify   '/Users/personal/Desktop/SymbiosoAI THINK TANK/SymbiosoAi-v4-12326/node_modules/@tsconfig/node14'
688 silly reify ]
689 silly reify mark retired [
689 silly reify   '/Users/personal/Desktop/SymbiosoAI THINK TANK/SymbiosoAi-v4-12326/node_modules/@sinonjs/commons'
689 silly reify ]
690 silly reify mark retired [
690 silly reify   '/Users/personal/Desktop/SymbiosoAI THINK TANK/SymbiosoAi-v4-12326/node_modules/@tsconfig/node16'
690 silly reify ]
691 silly reify mark retired [
691 silly reify   '/Users/personal/Desktop/SymbiosoAI THINK TANK/SymbiosoAi-v4-12326/node_modules/@types/babel__generator'
691 silly reify ]
692 silly reify mark retired [
692 silly reify   '/Users/personal/Desktop/SymbiosoAI THINK TANK/SymbiosoAi-v4-12326/node_modules/@types/babel__traverse'
692 silly reify ]
693 silly reify mark retired [
693 silly reify   '/Users/personal/Desktop/SymbiosoAI THINK TANK/SymbiosoAi-v4-12326/node_modules/@types/bcryptjs'
693 silly reify ]
694 silly reify mark retired [
694 silly reify   '/Users/personal/Desktop/SymbiosoAI THINK TANK/SymbiosoAi-v4-12326/node_modules/@types/body-parser'
694 silly reify ]
695 silly reify mark retired [
695 silly reify   '/Users/personal/Desktop/SymbiosoAI THINK TANK/SymbiosoAi-v4-12326/node_modules/@types/caseless'
695 silly reify ]
696 silly reify mark retired [
696 silly reify   '/Users/personal/Desktop/SymbiosoAI THINK TANK/SymbiosoAi-v4-12326/node_modules/@types/cookiejar'
696 silly reify ]
697 silly reify mark retired [
697 silly reify   '/Users/personal/Desktop/SymbiosoAI THINK TANK/SymbiosoAi-v4-12326/node_modules/@types/d3-array'
697 silly reify ]
698 silly reify mark retired [
698 silly reify   '/Users/personal/Desktop/SymbiosoAI THINK TANK/SymbiosoAi-v4-12326/node_modules/@types/d3-path'
698 silly reify ]
699 silly reify mark retired [
699 silly reify   '/Users/personal/Desktop/SymbiosoAI THINK TANK/SymbiosoAi-v4-12326/node_modules/@types/d3-scale'
699 silly reify ]
700 silly reify mark retired [
700 silly reify   '/Users/personal/Desktop/SymbiosoAI THINK TANK/SymbiosoAi-v4-12326/node_modules/@types/d3-shape'
700 silly reify ]
701 silly reify mark retired [
701 silly reify   '/Users/personal/Desktop/SymbiosoAI THINK TANK/SymbiosoAi-v4-12326/node_modules/@types/d3-time'
701 silly reify ]
702 silly reify mark retired [
702 silly reify   '/Users/personal/Desktop/SymbiosoAI THINK TANK/SymbiosoAi-v4-12326/node_modules/@types/estree'
702 silly reify ]
703 silly reify mark retired [
703 silly reify   '/Users/personal/Desktop/SymbiosoAI THINK TANK/SymbiosoAi-v4-12326/node_modules/@types/express-serve-static-core'
703 silly reify ]
704 silly reify mark retired [
704 silly reify   '/Users/personal/Desktop/SymbiosoAI THINK TANK/SymbiosoAi-v4-12326/node_modules/@types/express-session'
704 silly reify ]
705 silly reify mark retired [
705 silly reify   '/Users/personal/Desktop/SymbiosoAI THINK TANK/SymbiosoAi-v4-12326/node_modules/@types/http-errors'
705 silly reify ]
706 silly reify mark retired [
706 silly reify   '/Users/personal/Desktop/SymbiosoAI THINK TANK/SymbiosoAi-v4-12326/node_modules/@types/istanbul-lib-coverage'
706 silly reify ]
707 silly reify mark retired [
707 silly reify   '/Users/personal/Desktop/SymbiosoAI THINK TANK/SymbiosoAi-v4-12326/node_modules/@types/istanbul-lib-report'
707 silly reify ]
708 silly reify mark retired [
708 silly reify   '/Users/personal/Desktop/SymbiosoAI THINK TANK/SymbiosoAi-v4-12326/node_modules/@types/istanbul-reports'
708 silly reify ]
709 silly reify mark retired [
709 silly reify   '/Users/personal/Desktop/SymbiosoAI THINK TANK/SymbiosoAi-v4-12326/node_modules/@types/jest'
709 silly reify ]
710 silly reify mark retired [
710 silly reify   '/Users/personal/Desktop/SymbiosoAI THINK TANK/SymbiosoAi-v4-12326/node_modules/@types/memoizee'
710 silly reify ]
711 silly reify mark retired [
711 silly reify   '/Users/personal/Desktop/SymbiosoAI THINK TANK/SymbiosoAi-v4-12326/node_modules/@types/methods'
711 silly reify ]
712 silly reify mark retired [
712 silly reify   '/Users/personal/Desktop/SymbiosoAI THINK TANK/SymbiosoAi-v4-12326/node_modules/@types/mime'
712 silly reify ]
713 silly reify mark retired [
713 silly reify   '/Users/personal/Desktop/SymbiosoAI THINK TANK/SymbiosoAi-v4-12326/node_modules/@types/node-fetch'
713 silly reify ]
714 silly reify mark retired [
714 silly reify   '/Users/personal/Desktop/SymbiosoAI THINK TANK/SymbiosoAi-v4-12326/node_modules/@types/pako'
714 silly reify ]
715 silly reify mark retired [
715 silly reify   '/Users/personal/Desktop/SymbiosoAI THINK TANK/SymbiosoAi-v4-12326/node_modules/@types/prop-types'
715 silly reify ]
716 silly reify mark retired [
716 silly reify   '/Users/personal/Desktop/SymbiosoAI THINK TANK/SymbiosoAi-v4-12326/node_modules/@types/raf'
716 silly reify ]
717 silly reify mark retired [
717 silly reify   '/Users/personal/Desktop/SymbiosoAI THINK TANK/SymbiosoAi-v4-12326/node_modules/@types/qs'
717 silly reify ]
718 silly reify mark retired [
718 silly reify   '/Users/personal/Desktop/SymbiosoAI THINK TANK/SymbiosoAi-v4-12326/node_modules/@types/react'
718 silly reify ]
719 silly reify mark retired [
719 silly reify   '/Users/personal/Desktop/SymbiosoAI THINK TANK/SymbiosoAi-v4-12326/node_modules/@types/react-dom'
719 silly reify ]
720 silly reify mark retired [
720 silly reify   '/Users/personal/Desktop/SymbiosoAI THINK TANK/SymbiosoAi-v4-12326/node_modules/@types/request'
720 silly reify ]
721 silly reify mark retired [
721 silly reify   '/Users/personal/Desktop/SymbiosoAI THINK TANK/SymbiosoAi-v4-12326/node_modules/@types/send'
721 silly reify ]
722 silly reify mark retired [
722 silly reify   '/Users/personal/Desktop/SymbiosoAI THINK TANK/SymbiosoAi-v4-12326/node_modules/@types/serve-static'
722 silly reify ]
723 silly reify mark retired [
723 silly reify   '/Users/personal/Desktop/SymbiosoAI THINK TANK/SymbiosoAi-v4-12326/node_modules/@types/stack-utils'
723 silly reify ]
724 silly reify mark retired [
724 silly reify   '/Users/personal/Desktop/SymbiosoAI THINK TANK/SymbiosoAi-v4-12326/node_modules/@types/superagent'
724 silly reify ]
725 silly reify mark retired [
725 silly reify   '/Users/personal/Desktop/SymbiosoAI THINK TANK/SymbiosoAi-v4-12326/node_modules/@types/supertest'
725 silly reify ]
726 silly reify mark retired [
726 silly reify   '/Users/personal/Desktop/SymbiosoAI THINK TANK/SymbiosoAi-v4-12326/node_modules/@types/tough-cookie'
726 silly reify ]
727 silly reify mark retired [
727 silly reify   '/Users/personal/Desktop/SymbiosoAI THINK TANK/SymbiosoAi-v4-12326/node_modules/@types/trusted-types'
727 silly reify ]
728 silly reify mark retired [
728 silly reify   '/Users/personal/Desktop/SymbiosoAI THINK TANK/SymbiosoAi-v4-12326/node_modules/@types/web-push'
728 silly reify ]
729 silly reify mark retired [
729 silly reify   '/Users/personal/Desktop/SymbiosoAI THINK TANK/SymbiosoAi-v4-12326/node_modules/@types/ws'
729 silly reify ]
730 silly reify mark retired [
730 silly reify   '/Users/personal/Desktop/SymbiosoAI THINK TANK/SymbiosoAi-v4-12326/node_modules/@types/yargs'
730 silly reify ]
731 silly reify mark retired [
731 silly reify   '/Users/personal/Desktop/SymbiosoAI THINK TANK/SymbiosoAi-v4-12326/node_modules/@types/yargs-parser'
731 silly reify ]
732 silly reify mark retired [
732 silly reify   '/Users/personal/Desktop/SymbiosoAI THINK TANK/SymbiosoAi-v4-12326/node_modules/@ungap/structured-clone'
732 silly reify ]
733 silly reify mark retired [
733 silly reify   '/Users/personal/Desktop/SymbiosoAI THINK TANK/SymbiosoAi-v4-12326/node_modules/@unrs/resolver-binding-darwin-arm64'
733 silly reify ]
734 silly reify mark retired [
734 silly reify   '/Users/personal/Desktop/SymbiosoAI THINK TANK/SymbiosoAi-v4-12326/node_modules/@vitejs/plugin-react'
734 silly reify ]
735 silly reify mark retired [
735 silly reify   '/Users/personal/Desktop/SymbiosoAI THINK TANK/SymbiosoAi-v4-12326/node_modules/cssesc',
735 silly reify   '/Users/personal/Desktop/SymbiosoAI THINK TANK/SymbiosoAi-v4-12326/node_modules/.bin/cssesc'
735 silly reify ]
736 silly reify mark retired [
736 silly reify   '/Users/personal/Desktop/SymbiosoAI THINK TANK/SymbiosoAi-v4-12326/node_modules/loose-envify',
736 silly reify   '/Users/personal/Desktop/SymbiosoAI THINK TANK/SymbiosoAi-v4-12326/node_modules/.bin/loose-envify'
736 silly reify ]
737 silly reify mark retired [
737 silly reify   '/Users/personal/Desktop/SymbiosoAI THINK TANK/SymbiosoAi-v4-12326/node_modules/json5',
737 silly reify   '/Users/personal/Desktop/SymbiosoAI THINK TANK/SymbiosoAi-v4-12326/node_modules/.bin/json5'
737 silly reify ]
738 silly reify mark retired [
738 silly reify   '/Users/personal/Desktop/SymbiosoAI THINK TANK/SymbiosoAi-v4-12326/node_modules/mime',
738 silly reify   '/Users/personal/Desktop/SymbiosoAI THINK TANK/SymbiosoAi-v4-12326/node_modules/.bin/mime'
738 silly reify ]
739 silly reify mark retired [
739 silly reify   '/Users/personal/Desktop/SymbiosoAI THINK TANK/SymbiosoAi-v4-12326/node_modules/semver',
739 silly reify   '/Users/personal/Desktop/SymbiosoAI THINK TANK/SymbiosoAi-v4-12326/node_modules/.bin/semver'
739 silly reify ]
740 silly reify mark retired [
740 silly reify   '/Users/personal/Desktop/SymbiosoAI THINK TANK/SymbiosoAi-v4-12326/node_modules/typescript',
740 silly reify   '/Users/personal/Desktop/SymbiosoAI THINK TANK/SymbiosoAi-v4-12326/node_modules/.bin/tsc',
740 silly reify   '/Users/personal/Desktop/SymbiosoAI THINK TANK/SymbiosoAi-v4-12326/node_modules/.bin/tsserver'
740 silly reify ]
741 silly reify mark retired [
741 silly reify   '/Users/personal/Desktop/SymbiosoAI THINK TANK/SymbiosoAi-v4-12326/node_modules/@esbuild-kit/core-utils/node_modules/esbuild',
741 silly reify   '/Users/personal/Desktop/SymbiosoAI THINK TANK/SymbiosoAi-v4-12326/node_modules/@esbuild-kit/core-utils/node_modules/.bin/esbuild'
741 silly reify ]
742 silly reify moves {
742 silly reify   '/Users/personal/Desktop/SymbiosoAI THINK TANK/SymbiosoAi-v4-12326/node_modules/abort-controller': '/Users/personal/Desktop/SymbiosoAI THINK TANK/SymbiosoAi-v4-12326/node_modules/.abort-controller-hPTiLDnb',
742 silly reify   '/Users/personal/Desktop/SymbiosoAI THINK TANK/SymbiosoAi-v4-12326/node_modules/acorn': '/Users/personal/Desktop/SymbiosoAI THINK TANK/SymbiosoAi-v4-12326/node_modules/.acorn-hNF14svy',
742 silly reify   '/Users/personal/Desktop/SymbiosoAI THINK TANK/SymbiosoAi-v4-12326/node_modules/acorn-import-attributes': '/Users/personal/Desktop/SymbiosoAI THINK TANK/SymbiosoAi-v4-12326/node_modules/.acorn-import-attributes-8Zl1LJ5k',
742 silly reify   '/Users/personal/Desktop/SymbiosoAI THINK TANK/SymbiosoAi-v4-12326/node_modules/acorn-walk': '/Users/personal/Desktop/SymbiosoAI THINK TANK/SymbiosoAi-v4-12326/node_modules/.acorn-walk-EVtlfHe3',
742 silly reify   '/Users/personal/Desktop/SymbiosoAI THINK TANK/SymbiosoAi-v4-12326/node_modules/agent-base': '/Users/personal/Desktop/SymbiosoAI THINK TANK/SymbiosoAi-v4-12326/node_modules/.agent-base-zePV2hEX',
742 silly reify   '/Users/personal/Desktop/SymbiosoAI THINK TANK/SymbiosoAi-v4-12326/node_modules/agentkeepalive': '/Users/personal/Desktop/SymbiosoAI THINK TANK/SymbiosoAi-v4-12326/node_modules/.agentkeepalive-XYJKAChN',
742 silly reify   '/Users/personal/Desktop/SymbiosoAI THINK TANK/SymbiosoAi-v4-12326/node_modules/ajv': '/Users/personal/Desktop/SymbiosoAI THINK TANK/SymbiosoAi-v4-12326/node_modules/.ajv-IPv1q76X',
742 silly reify   '/Users/personal/Desktop/SymbiosoAI THINK TANK/SymbiosoAi-v4-12326/node_modules/ansi-escapes': '/Users/personal/Desktop/SymbiosoAI THINK TANK/SymbiosoAi-v4-12326/node_modules/.ansi-escapes-1osZQqcA',
742 silly reify   '/Users/personal/Desktop/SymbiosoAI THINK TANK/SymbiosoAi-v4-12326/node_modules/ansi-regex': '/Users/personal/Desktop/SymbiosoAI THINK TANK/SymbiosoAi-v4-12326/node_modules/.ansi-regex-1BF91w7N',
742 silly reify   '/Users/personal/Desktop/SymbiosoAI THINK TANK/SymbiosoAi-v4-12326/node_modules/ansi-styles': '/Users/personal/Desktop/SymbiosoAI THINK TANK/SymbiosoAi-v4-12326/node_modules/.ansi-styles-7gmNWm1t',
742 silly reify   '/Users/personal/Desktop/SymbiosoAI THINK TANK/SymbiosoAi-v4-12326/node_modules/argparse': '/Users/personal/Desktop/SymbiosoAI THINK TANK/SymbiosoAi-v4-12326/node_modules/.argparse-eEg6wFkl',
742 silly reify   '/Users/personal/Desktop/SymbiosoAI THINK TANK/SymbiosoAi-v4-12326/node_modules/aria-hidden': '/Users/personal/Desktop/SymbiosoAI THINK TANK/SymbiosoAi-v4-12326/node_modules/.aria-hidden-Yc1N3XiR',
742 silly reify   '/Users/personal/Desktop/SymbiosoAI THINK TANK/SymbiosoAi-v4-12326/node_modules/arrify': '/Users/personal/Desktop/SymbiosoAI THINK TANK/SymbiosoAi-v4-12326/node_modules/.arrify-8K66M4iQ',
742 silly reify   '/Users/personal/Desktop/SymbiosoAI THINK TANK/SymbiosoAi-v4-12326/node_modules/asap': '/Users/personal/Desktop/SymbiosoAI THINK TANK/SymbiosoAi-v4-12326/node_modules/.asap-P9tMrE13',
742 silly reify   '/Users/personal/Desktop/SymbiosoAI THINK TANK/SymbiosoAi-v4-12326/node_modules/asn1': '/Users/personal/Desktop/SymbiosoAI THINK TANK/SymbiosoAi-v4-12326/node_modules/.asn1-hp7osqqT',
742 silly reify   '/Users/personal/Desktop/SymbiosoAI THINK TANK/SymbiosoAi-v4-12326/node_modules/async': '/Users/personal/Desktop/SymbiosoAI THINK TANK/SymbiosoAi-v4-12326/node_modules/.async-oBkPLybH',
742 silly reify   '/Users/personal/Desktop/SymbiosoAI THINK TANK/SymbiosoAi-v4-12326/node_modules/assert-plus': '/Users/personal/Desktop/SymbiosoAI THINK TANK/SymbiosoAi-v4-12326/node_modules/.assert-plus-HMuoWS6W',
742 silly reify   '/Users/personal/Desktop/SymbiosoAI THINK TANK/SymbiosoAi-v4-12326/node_modules/async-retry': '/Users/personal/Desktop/SymbiosoAI THINK TANK/SymbiosoAi-v4-12326/node_modules/.async-retry-ldD4zk5J',
742 silly reify   '/Users/personal/Desktop/SymbiosoAI THINK TANK/SymbiosoAi-v4-12326/node_modules/asn1.js': '/Users/personal/Desktop/SymbiosoAI THINK TANK/SymbiosoAi-v4-12326/node_modules/.asn1.js-87f3uuTI',
742 silly reify   '/Users/personal/Desktop/SymbiosoAI THINK TANK/SymbiosoAi-v4-12326/node_modules/asynckit': '/Users/personal/Desktop/SymbiosoAI THINK TANK/SymbiosoAi-v4-12326/node_modules/.asynckit-6bzrfHVM',
742 silly reify   '/Users/personal/Desktop/SymbiosoAI THINK TANK/SymbiosoAi-v4-12326/node_modules/autoprefixer': '/Users/personal/Desktop/SymbiosoAI THINK TANK/SymbiosoAi-v4-12326/node_modules/.autoprefixer-Q8SWygZB',
742 silly reify   '/Users/personal/Desktop/SymbiosoAI THINK TANK/SymbiosoAi-v4-12326/node_modules/aws-sign2': '/Users/personal/Desktop/SymbiosoAI THINK TANK/SymbiosoAi-v4-12326/node_modules/.aws-sign2-buz7vXaN',
742 silly reify   '/Users/personal/Desktop/SymbiosoAI THINK TANK/SymbiosoAi-v4-12326/node_modules/aws4': '/Users/personal/Desktop/SymbiosoAI THINK TANK/SymbiosoAi-v4-12326/node_modules/.aws4-rgfONUvg',
742 silly reify   '/Users/personal/Desktop/SymbiosoAI THINK TANK/SymbiosoAi-v4-12326/node_modules/babel-jest': '/Users/personal/Desktop/SymbiosoAI THINK TANK/SymbiosoAi-v4-12326/node_modules/.babel-jest-BvQpwPgh',
742 silly reify   '/Users/personal/Desktop/SymbiosoAI THINK TANK/SymbiosoAi-v4-12326/node_modules/babel-plugin-istanbul': '/Users/personal/Desktop/SymbiosoAI THINK TANK/SymbiosoAi-v4-12326/node_modules/.babel-plugin-istanbul-q7kAFkmo',
742 silly reify   '/Users/personal/Desktop/SymbiosoAI THINK TANK/SymbiosoAi-v4-12326/node_modules/babel-plugin-jest-hoist': '/Users/personal/Desktop/SymbiosoAI THINK TANK/SymbiosoAi-v4-12326/node_modules/.babel-plugin-jest-hoist-vwzN8N92',
742 silly reify   '/Users/personal/Desktop/SymbiosoAI THINK TANK/SymbiosoAi-v4-12326/node_modules/babel-preset-current-node-syntax': '/Users/personal/Desktop/SymbiosoAI THINK TANK/SymbiosoAi-v4-12326/node_modules/.babel-preset-current-node-syntax-k3NqzvLi',
742 silly reify   '/Users/personal/Desktop/SymbiosoAI THINK TANK/SymbiosoAi-v4-12326/node_modules/babel-preset-jest': '/Users/personal/Desktop/SymbiosoAI THINK TANK/SymbiosoAi-v4-12326/node_modules/.babel-preset-jest-F8afY4X7',
742 silly reify   '/Users/personal/Desktop/SymbiosoAI THINK TANK/SymbiosoAi-v4-12326/node_modules/balanced-match': '/Users/personal/Desktop/SymbiosoAI THINK TANK/SymbiosoAi-v4-12326/node_modules/.balanced-match-SwHMdkJN',
742 silly reify   '/Users/personal/Desktop/SymbiosoAI THINK TANK/SymbiosoAi-v4-12326/node_modules/base64-arraybuffer': '/Users/personal/Desktop/SymbiosoAI THINK TANK/SymbiosoAi-v4-12326/node_modules/.base64-arraybuffer-MlzYQyYV',
742 silly reify   '/Users/personal/Desktop/SymbiosoAI THINK TANK/SymbiosoAi-v4-12326/node_modules/base64-js': '/Users/personal/Desktop/SymbiosoAI THINK TANK/SymbiosoAi-v4-12326/node_modules/.base64-js-MyvDE0MQ',
742 silly reify   '/Users/personal/Desktop/SymbiosoAI THINK TANK/SymbiosoAi-v4-12326/node_modules/bcrypt-pbkdf': '/Users/personal/Desktop/SymbiosoAI THINK TANK/SymbiosoAi-v4-12326/node_modules/.bcrypt-pbkdf-x8P8MdUO',
742 silly reify   '/Users/personal/Desktop/SymbiosoAI THINK TANK/SymbiosoAi-v4-12326/node_modules/bcryptjs': '/Users/personal/Desktop/SymbiosoAI THINK TANK/SymbiosoAi-v4-12326/node_modules/.bcryptjs-ZBAivXDg',
742 silly reify   '/Users/personal/Desktop/SymbiosoAI THINK TANK/SymbiosoAi-v4-12326/node_modules/bignumber.js': '/Users/personal/Desktop/SymbiosoAI THINK TANK/SymbiosoAi-v4-12326/node_modules/.bignumber.js-cXbXLyrM',
742 silly reify   '/Users/personal/Desktop/SymbiosoAI THINK TANK/SymbiosoAi-v4-12326/node_modules/bluebird': '/Users/personal/Desktop/SymbiosoAI THINK TANK/SymbiosoAi-v4-12326/node_modules/.bluebird-mItW6naL',
742 silly reify   '/Users/personal/Desktop/SymbiosoAI THINK TANK/SymbiosoAi-v4-12326/node_modules/bn.js': '/Users/personal/Desktop/SymbiosoAI THINK TANK/SymbiosoAi-v4-12326/node_modules/.bn.js-bHYACjL1',
742 silly reify   '/Users/personal/Desktop/SymbiosoAI THINK TANK/SymbiosoAi-v4-12326/node_modules/body-parser': '/Users/personal/Desktop/SymbiosoAI THINK TANK/SymbiosoAi-v4-12326/node_modules/.body-parser-e6iMFTo4',
742 silly reify   '/Users/personal/Desktop/SymbiosoAI THINK TANK/SymbiosoAi-v4-12326/node_modules/brace-expansion': '/Users/personal/Desktop/SymbiosoAI THINK TANK/SymbiosoAi-v4-12326/node_modules/.brace-expansion-RjiEBzVI',
742 silly reify   '/Users/personal/Desktop/SymbiosoAI THINK TANK/SymbiosoAi-v4-12326/node_modules/brotli': '/Users/personal/Desktop/SymbiosoAI THINK TANK/SymbiosoAi-v4-12326/node_modules/.brotli-QylbNS4j',
742 silly reify   '/Users/personal/Desktop/SymbiosoAI THINK TANK/SymbiosoAi-v4-12326/node_modules/bs-logger': '/Users/personal/Desktop/SymbiosoAI THINK TANK/SymbiosoAi-v4-12326/node_modules/.bs-logger-tRrEjh9d',
742 silly reify   '/Users/personal/Desktop/SymbiosoAI THINK TANK/SymbiosoAi-v4-12326/node_modules/browserslist': '/Users/personal/Desktop/SymbiosoAI THINK TANK/SymbiosoAi-v4-12326/node_modules/.browserslist-xWQ8XKR2',
742 silly reify   '/Users/personal/Desktop/SymbiosoAI THINK TANK/SymbiosoAi-v4-12326/node_modules/bser': '/Users/personal/Desktop/SymbiosoAI THINK TANK/SymbiosoAi-v4-12326/node_modules/.bser-aB3RgL5Q',
742 silly reify   '/Users/personal/Desktop/SymbiosoAI THINK TANK/SymbiosoAi-v4-12326/node_modules/buffer-equal-constant-time': '/Users/personal/Desktop/SymbiosoAI THINK TANK/SymbiosoAi-v4-12326/node_modules/.buffer-equal-constant-time-2IPLGqsg',
742 silly reify   '/Users/personal/Desktop/SymbiosoAI THINK TANK/SymbiosoAi-v4-12326/node_modules/bufferutil': '/Users/personal/Desktop/SymbiosoAI THINK TANK/SymbiosoAi-v4-12326/node_modules/.bufferutil-NWPzgovN',
742 silly reify   '/Users/personal/Desktop/SymbiosoAI THINK TANK/SymbiosoAi-v4-12326/node_modules/bullmq': '/Users/personal/Desktop/SymbiosoAI THINK TANK/SymbiosoAi-v4-12326/node_modules/.bullmq-rliquLcZ',
742 silly reify   '/Users/personal/Desktop/SymbiosoAI THINK TANK/SymbiosoAi-v4-12326/node_modules/call-bind': '/Users/personal/Desktop/SymbiosoAI THINK TANK/SymbiosoAi-v4-12326/node_modules/.call-bind-L6YpLcci',
742 silly reify   '/Users/personal/Desktop/SymbiosoAI THINK TANK/SymbiosoAi-v4-12326/node_modules/callsites': '/Users/personal/Desktop/SymbiosoAI THINK TANK/SymbiosoAi-v4-12326/node_modules/.callsites-vejYVi9P',
742 silly reify   '/Users/personal/Desktop/SymbiosoAI THINK TANK/SymbiosoAi-v4-12326/node_modules/camelcase': '/Users/personal/Desktop/SymbiosoAI THINK TANK/SymbiosoAi-v4-12326/node_modules/.camelcase-JpsHMkmN',
742 silly reify   '/Users/personal/Desktop/SymbiosoAI THINK TANK/SymbiosoAi-v4-12326/node_modules/caniuse-lite': '/Users/personal/Desktop/SymbiosoAI THINK TANK/SymbiosoAi-v4-12326/node_modules/.caniuse-lite-5xWSNCjI',
742 silly reify   '/Users/personal/Desktop/SymbiosoAI THINK TANK/SymbiosoAi-v4-12326/node_modules/canvg': '/Users/personal/Desktop/SymbiosoAI THINK TANK/SymbiosoAi-v4-12326/node_modules/.canvg-44oEdguA',
742 silly reify   '/Users/personal/Desktop/SymbiosoAI THINK TANK/SymbiosoAi-v4-12326/node_modules/chalk': '/Users/personal/Desktop/SymbiosoAI THINK TANK/SymbiosoAi-v4-12326/node_modules/.chalk-dIN5s3dD',
742 silly reify   '/Users/personal/Desktop/SymbiosoAI THINK TANK/SymbiosoAi-v4-12326/node_modules/char-regex': '/Users/personal/Desktop/SymbiosoAI THINK TANK/SymbiosoAi-v4-12326/node_modules/.char-regex-XN59LiiK',
742 silly reify   '/Users/personal/Desktop/SymbiosoAI THINK TANK/SymbiosoAi-v4-12326/node_modules/caseless': '/Users/personal/Desktop/SymbiosoAI THINK TANK/SymbiosoAi-v4-12326/node_modules/.caseless-ZMLruRvJ',
742 silly reify   '/Users/personal/Desktop/SymbiosoAI THINK TANK/SymbiosoAi-v4-12326/node_modules/chardet': '/Users/personal/Desktop/SymbiosoAI THINK TANK/SymbiosoAi-v4-12326/node_modules/.chardet-9NUC4sVt',
742 silly reify   '/Users/personal/Desktop/SymbiosoAI THINK TANK/SymbiosoAi-v4-12326/node_modules/charset': '/Users/personal/Desktop/SymbiosoAI THINK TANK/SymbiosoAi-v4-12326/node_modules/.charset-NjPJgNya',
742 silly reify   '/Users/personal/Desktop/SymbiosoAI THINK TANK/SymbiosoAi-v4-12326/node_modules/ci-info': '/Users/personal/Desktop/SymbiosoAI THINK TANK/SymbiosoAi-v4-12326/node_modules/.ci-info-OsuW1IMA',
742 silly reify   '/Users/personal/Desktop/SymbiosoAI THINK TANK/SymbiosoAi-v4-12326/node_modules/cjs-module-lexer': '/Users/personal/Desktop/SymbiosoAI THINK TANK/SymbiosoAi-v4-12326/node_modules/.cjs-module-lexer-pP3E43S0',
742 silly reify   '/Users/personal/Desktop/SymbiosoAI THINK TANK/SymbiosoAi-v4-12326/node_modules/cli-progress': '/Users/personal/Desktop/SymbiosoAI THINK TANK/SymbiosoAi-v4-12326/node_modules/.cli-progress-6CQB2zrX',
742 silly reify   '/Users/personal/Desktop/SymbiosoAI THINK TANK/SymbiosoAi-v4-12326/node_modules/cli-table3': '/Users/personal/Desktop/SymbiosoAI THINK TANK/SymbiosoAi-v4-12326/node_modules/.cli-table3-Dj2o7Uxc',
742 silly reify   '/Users/personal/Desktop/SymbiosoAI THINK TANK/SymbiosoAi-v4-12326/node_modules/cliui': '/Users/personal/Desktop/SymbiosoAI THINK TANK/SymbiosoAi-v4-12326/node_modules/.cliui-YV5nInBO',
742 silly reify   '/Users/personal/Desktop/SymbiosoAI THINK TANK/SymbiosoAi-v4-12326/node_modules/cluster-key-slot': '/Users/personal/Desktop/SymbiosoAI THINK TANK/SymbiosoAi-v4-12326/node_modules/.cluster-key-slot-KJU7dqqg',
742 silly reify   '/Users/personal/Desktop/SymbiosoAI THINK TANK/SymbiosoAi-v4-12326/node_modules/co': '/Users/personal/Desktop/SymbiosoAI THINK TANK/SymbiosoAi-v4-12326/node_modules/.co-nmnpl6CX',
742 silly reify   '/Users/personal/Desktop/SymbiosoAI THINK TANK/SymbiosoAi-v4-12326/node_modules/collect-v8-coverage': '/Users/personal/Desktop/SymbiosoAI THINK TANK/SymbiosoAi-v4-12326/node_modules/.collect-v8-coverage-zqj4F2o4',
742 silly reify   '/Users/personal/Desktop/SymbiosoAI THINK TANK/SymbiosoAi-v4-12326/node_modules/color-convert': '/Users/personal/Desktop/SymbiosoAI THINK TANK/SymbiosoAi-v4-12326/node_modules/.color-convert-Z1sPqbqb',
742 silly reify   '/Users/personal/Desktop/SymbiosoAI THINK TANK/SymbiosoAi-v4-12326/node_modules/color-name': '/Users/personal/Desktop/SymbiosoAI THINK TANK/SymbiosoAi-v4-12326/node_modules/.color-name-wDBwjQ6Y',
742 silly reify   '/Users/personal/Desktop/SymbiosoAI THINK TANK/SymbiosoAi-v4-12326/node_modules/colors': '/Users/personal/Desktop/SymbiosoAI THINK TANK/SymbiosoAi-v4-12326/node_modules/.colors-VaByv7FQ',
742 silly reify   '/Users/personal/Desktop/SymbiosoAI THINK TANK/SymbiosoAi-v4-12326/node_modules/combined-stream': '/Users/personal/Desktop/SymbiosoAI THINK TANK/SymbiosoAi-v4-12326/node_modules/.combined-stream-yjtFGRMP',
742 silly reify   '/Users/personal/Desktop/SymbiosoAI THINK TANK/SymbiosoAi-v4-12326/node_modules/component-emitter': '/Users/personal/Desktop/SymbiosoAI THINK TANK/SymbiosoAi-v4-12326/node_modules/.component-emitter-SIm5mJrV',
742 silly reify   '/Users/personal/Desktop/SymbiosoAI THINK TANK/SymbiosoAi-v4-12326/node_modules/concat-map': '/Users/personal/Desktop/SymbiosoAI THINK TANK/SymbiosoAi-v4-12326/node_modules/.concat-map-6mY6YY45',
742 silly reify   '/Users/personal/Desktop/SymbiosoAI THINK TANK/SymbiosoAi-v4-12326/node_modules/cookie-signature': '/Users/personal/Desktop/SymbiosoAI THINK TANK/SymbiosoAi-v4-12326/node_modules/.cookie-signature-DdLhqBcN',
742 silly reify   '/Users/personal/Desktop/SymbiosoAI THINK TANK/SymbiosoAi-v4-12326/node_modules/cookiejar': '/Users/personal/Desktop/SymbiosoAI THINK TANK/SymbiosoAi-v4-12326/node_modules/.cookiejar-rvDTkH1l',
742 silly reify   '/Users/personal/Desktop/SymbiosoAI THINK TANK/SymbiosoAi-v4-12326/node_modules/core-js': '/Users/personal/Desktop/SymbiosoAI THINK TANK/SymbiosoAi-v4-12326/node_modules/.core-js-NQpqf1yj',
742 silly reify   '/Users/personal/Desktop/SymbiosoAI THINK TANK/SymbiosoAi-v4-12326/node_modules/core-util-is': '/Users/personal/Desktop/SymbiosoAI THINK TANK/SymbiosoAi-v4-12326/node_modules/.core-util-is-6JsvBrXd',
742 silly reify   '/Users/personal/Desktop/SymbiosoAI THINK TANK/SymbiosoAi-v4-12326/node_modules/create-require': '/Users/personal/Desktop/SymbiosoAI THINK TANK/SymbiosoAi-v4-12326/node_modules/.create-require-vxSkdVgO',
742 silly reify   '/Users/personal/Desktop/SymbiosoAI THINK TANK/SymbiosoAi-v4-12326/node_modules/cron-parser': '/Users/personal/Desktop/SymbiosoAI THINK TANK/SymbiosoAi-v4-12326/node_modules/.cron-parser-jJtuIa6X',
742 silly reify   '/Users/personal/Desktop/SymbiosoAI THINK TANK/SymbiosoAi-v4-12326/node_modules/cookie': '/Users/personal/Desktop/SymbiosoAI THINK TANK/SymbiosoAi-v4-12326/node_modules/.cookie-h4PKjNll',
742 silly reify   '/Users/personal/Desktop/SymbiosoAI THINK TANK/SymbiosoAi-v4-12326/node_modules/cross-spawn': '/Users/personal/Desktop/SymbiosoAI THINK TANK/SymbiosoAi-v4-12326/node_modules/.cross-spawn-TEywRZQN',
742 silly reify   '/Users/personal/Desktop/SymbiosoAI THINK TANK/SymbiosoAi-v4-12326/node_modules/css-line-break': '/Users/personal/Desktop/SymbiosoAI THINK TANK/SymbiosoAi-v4-12326/node_modules/.css-line-break-sozQFRlH',
742 silly reify   '/Users/personal/Desktop/SymbiosoAI THINK TANK/SymbiosoAi-v4-12326/node_modules/csv-parse': '/Users/personal/Desktop/SymbiosoAI THINK TANK/SymbiosoAi-v4-12326/node_modules/.csv-parse-1lqclie4',
742 silly reify   '/Users/personal/Desktop/SymbiosoAI THINK TANK/SymbiosoAi-v4-12326/node_modules/d': '/Users/personal/Desktop/SymbiosoAI THINK TANK/SymbiosoAi-v4-12326/node_modules/.d-OYr41j4v',
742 silly reify   '/Users/personal/Desktop/SymbiosoAI THINK TANK/SymbiosoAi-v4-12326/node_modules/csstype': '/Users/personal/Desktop/SymbiosoAI THINK TANK/SymbiosoAi-v4-12326/node_modules/.csstype-Rv1Gt2zI',
742 silly reify   '/Users/personal/Desktop/SymbiosoAI THINK TANK/SymbiosoAi-v4-12326/node_modules/d3-format': '/Users/personal/Desktop/SymbiosoAI THINK TANK/SymbiosoAi-v4-12326/node_modules/.d3-format-sY8tqp9p',
742 silly reify   '/Users/personal/Desktop/SymbiosoAI THINK TANK/SymbiosoAi-v4-12326/node_modules/dashdash': '/Users/personal/Desktop/SymbiosoAI THINK TANK/SymbiosoAi-v4-12326/node_modules/.dashdash-QT1Mmpeh',
742 silly reify   '/Users/personal/Desktop/SymbiosoAI THINK TANK/SymbiosoAi-v4-12326/node_modules/data-uri-to-buffer': '/Users/personal/Desktop/SymbiosoAI THINK TANK/SymbiosoAi-v4-12326/node_modules/.data-uri-to-buffer-5V4nqdCV',
742 silly reify   '/Users/personal/Desktop/SymbiosoAI THINK TANK/SymbiosoAi-v4-12326/node_modules/debug': '/Users/personal/Desktop/SymbiosoAI THINK TANK/SymbiosoAi-v4-12326/node_modules/.debug-JctE00Ip',
742 silly reify   '/Users/personal/Desktop/SymbiosoAI THINK TANK/SymbiosoAi-v4-12326/node_modules/dedent': '/Users/personal/Desktop/SymbiosoAI THINK TANK/SymbiosoAi-v4-12326/node_modules/.dedent-1b34amW8',
742 silly reify   '/Users/personal/Desktop/SymbiosoAI THINK TANK/SymbiosoAi-v4-12326/node_modules/deepmerge': '/Users/personal/Desktop/SymbiosoAI THINK TANK/SymbiosoAi-v4-12326/node_modules/.deepmerge-CyZizLwZ',
742 silly reify   '/Users/personal/Desktop/SymbiosoAI THINK TANK/SymbiosoAi-v4-12326/node_modules/define-data-property': '/Users/personal/Desktop/SymbiosoAI THINK TANK/SymbiosoAi-v4-12326/node_modules/.define-data-property-VoMoAqg5',
742 silly reify   '/Users/personal/Desktop/SymbiosoAI THINK TANK/SymbiosoAi-v4-12326/node_modules/delayed-stream': '/Users/personal/Desktop/SymbiosoAI THINK TANK/SymbiosoAi-v4-12326/node_modules/.delayed-stream-OTEVm0aP',
742 silly reify   '/Users/personal/Desktop/SymbiosoAI THINK TANK/SymbiosoAi-v4-12326/node_modules/denque': '/Users/personal/Desktop/SymbiosoAI THINK TANK/SymbiosoAi-v4-12326/node_modules/.denque-VpXY8E5L',
742 silly reify   '/Users/personal/Desktop/SymbiosoAI THINK TANK/SymbiosoAi-v4-12326/node_modules/des.js': '/Users/personal/Desktop/SymbiosoAI THINK TANK/SymbiosoAi-v4-12326/node_modules/.des.js-OOnD2Zn7',
742 silly reify   '/Users/personal/Desktop/SymbiosoAI THINK TANK/SymbiosoAi-v4-12326/node_modules/detect-libc': '/Users/personal/Desktop/SymbiosoAI THINK TANK/SymbiosoAi-v4-12326/node_modules/.detect-libc-5dfXULpo',
742 silly reify   '/Users/personal/Desktop/SymbiosoAI THINK TANK/SymbiosoAi-v4-12326/node_modules/detect-newline': '/Users/personal/Desktop/SymbiosoAI THINK TANK/SymbiosoAi-v4-12326/node_modules/.detect-newline-zvuvsWo9',
742 silly reify   '/Users/personal/Desktop/SymbiosoAI THINK TANK/SymbiosoAi-v4-12326/node_modules/dezalgo': '/Users/personal/Desktop/SymbiosoAI THINK TANK/SymbiosoAi-v4-12326/node_modules/.dezalgo-mKjUGBUH',
742 silly reify   '/Users/personal/Desktop/SymbiosoAI THINK TANK/SymbiosoAi-v4-12326/node_modules/diff': '/Users/personal/Desktop/SymbiosoAI THINK TANK/SymbiosoAi-v4-12326/node_modules/.diff-rK7J8gf5',
742 silly reify   '/Users/personal/Desktop/SymbiosoAI THINK TANK/SymbiosoAi-v4-12326/node_modules/docx': '/Users/personal/Desktop/SymbiosoAI THINK TANK/SymbiosoAi-v4-12326/node_modules/.docx-v36ECgpC',
742 silly reify   '/Users/personal/Desktop/SymbiosoAI THINK TANK/SymbiosoAi-v4-12326/node_modules/dompurify': '/Users/personal/Desktop/SymbiosoAI THINK TANK/SymbiosoAi-v4-12326/node_modules/.dompurify-f9onRm60',
742 silly reify   '/Users/personal/Desktop/SymbiosoAI THINK TANK/SymbiosoAi-v4-12326/node_modules/drizzle-kit': '/Users/personal/Desktop/SymbiosoAI THINK TANK/SymbiosoAi-v4-12326/node_modules/.drizzle-kit-vxVUeOKs',
742 silly reify   '/Users/personal/Desktop/SymbiosoAI THINK TANK/SymbiosoAi-v4-12326/node_modules/drizzle-orm': '/Users/personal/Desktop/SymbiosoAI THINK TANK/SymbiosoAi-v4-12326/node_modules/.drizzle-orm-ke76SxTl',
742 silly reify   '/Users/personal/Desktop/SymbiosoAI THINK TANK/SymbiosoAi-v4-12326/node_modules/drizzle-zod': '/Users/personal/Desktop/SymbiosoAI THINK TANK/SymbiosoAi-v4-12326/node_modules/.drizzle-zod-W0B23Au2',
742 silly reify   '/Users/personal/Desktop/SymbiosoAI THINK TANK/SymbiosoAi-v4-12326/node_modules/duplexify': '/Users/personal/Desktop/SymbiosoAI THINK TANK/SymbiosoAi-v4-12326/node_modules/.duplexify-tuFi6Nci',
742 silly reify   '/Users/personal/Desktop/SymbiosoAI THINK TANK/SymbiosoAi-v4-12326/node_modules/eastasianwidth': '/Users/personal/Desktop/SymbiosoAI THINK TANK/SymbiosoAi-v4-12326/node_modules/.eastasianwidth-6g18Yi67',
742 silly reify   '/Users/personal/Desktop/SymbiosoAI THINK TANK/SymbiosoAi-v4-12326/node_modules/ecc-jsbn': '/Users/personal/Desktop/SymbiosoAI THINK TANK/SymbiosoAi-v4-12326/node_modules/.ecc-jsbn-g2J0xBDT',
742 silly reify   '/Users/personal/Desktop/SymbiosoAI THINK TANK/SymbiosoAi-v4-12326/node_modules/ecdsa-sig-formatter': '/Users/personal/Desktop/SymbiosoAI THINK TANK/SymbiosoAi-v4-12326/node_modules/.ecdsa-sig-formatter-gPWUeSWq',
742 silly reify   '/Users/personal/Desktop/SymbiosoAI THINK TANK/SymbiosoAi-v4-12326/node_modules/electron-to-chromium': '/Users/personal/Desktop/SymbiosoAI THINK TANK/SymbiosoAi-v4-12326/node_modules/.electron-to-chromium-TwWNxuKu',
742 silly reify   '/Users/personal/Desktop/SymbiosoAI THINK TANK/SymbiosoAi-v4-12326/node_modules/emittery': '/Users/personal/Desktop/SymbiosoAI THINK TANK/SymbiosoAi-v4-12326/node_modules/.emittery-UzbN9Zni',
742 silly reify   '/Users/personal/Desktop/SymbiosoAI THINK TANK/SymbiosoAi-v4-12326/node_modules/emoji-regex': '/Users/personal/Desktop/SymbiosoAI THINK TANK/SymbiosoAi-v4-12326/node_modules/.emoji-regex-ShB2pu8u',
742 silly reify   '/Users/personal/Desktop/SymbiosoAI THINK TANK/SymbiosoAi-v4-12326/node_modules/end-of-stream': '/Users/personal/Desktop/SymbiosoAI THINK TANK/SymbiosoAi-v4-12326/node_modules/.end-of-stream-IdhTbUqI',
742 silly reify   '/Users/personal/Desktop/SymbiosoAI THINK TANK/SymbiosoAi-v4-12326/node_modules/enhanced-resolve': '/Users/personal/Desktop/SymbiosoAI THINK TANK/SymbiosoAi-v4-12326/node_modules/.enhanced-resolve-oXd3Squz',
742 silly reify   '/Users/personal/Desktop/SymbiosoAI THINK TANK/SymbiosoAi-v4-12326/node_modules/error-ex': '/Users/personal/Desktop/SymbiosoAI THINK TANK/SymbiosoAi-v4-12326/node_modules/.error-ex-3I3tnlL3',
742 silly reify   '/Users/personal/Desktop/SymbiosoAI THINK TANK/SymbiosoAi-v4-12326/node_modules/es-set-tostringtag': '/Users/personal/Desktop/SymbiosoAI THINK TANK/SymbiosoAi-v4-12326/node_modules/.es-set-tostringtag-DrfnaT9n',
742 silly reify   '/Users/personal/Desktop/SymbiosoAI THINK TANK/SymbiosoAi-v4-12326/node_modules/es5-ext': '/Users/personal/Desktop/SymbiosoAI THINK TANK/SymbiosoAi-v4-12326/node_modules/.es5-ext-dRQZiw76',
742 silly reify   '/Users/personal/Desktop/SymbiosoAI THINK TANK/SymbiosoAi-v4-12326/node_modules/es6-iterator': '/Users/personal/Desktop/SymbiosoAI THINK TANK/SymbiosoAi-v4-12326/node_modules/.es6-iterator-faprvFMd',
742 silly reify   '/Users/personal/Desktop/SymbiosoAI THINK TANK/SymbiosoAi-v4-12326/node_modules/es6-symbol': '/Users/personal/Desktop/SymbiosoAI THINK TANK/SymbiosoAi-v4-12326/node_modules/.es6-symbol-eooIgGDH',
742 silly reify   '/Users/personal/Desktop/SymbiosoAI THINK TANK/SymbiosoAi-v4-12326/node_modules/es6-weak-map': '/Users/personal/Desktop/SymbiosoAI THINK TANK/SymbiosoAi-v4-12326/node_modules/.es6-weak-map-ErJBbbXL',
742 silly reify   '/Users/personal/Desktop/SymbiosoAI THINK TANK/SymbiosoAi-v4-12326/node_modules/esbuild': '/Users/personal/Desktop/SymbiosoAI THINK TANK/SymbiosoAi-v4-12326/node_modules/.esbuild-AyVpWLRq',
742 silly reify   '/Users/personal/Desktop/SymbiosoAI THINK TANK/SymbiosoAi-v4-12326/node_modules/escape-string-regexp': '/Users/personal/Desktop/SymbiosoAI THINK TANK/SymbiosoAi-v4-12326/node_modules/.escape-string-regexp-fGMIMnGb',
742 silly reify   '/Users/personal/Desktop/SymbiosoAI THINK TANK/SymbiosoAi-v4-12326/node_modules/esniff': '/Users/personal/Desktop/SymbiosoAI THINK TANK/SymbiosoAi-v4-12326/node_modules/.esniff-WyW8zSUE',
742 silly reify   '/Users/personal/Desktop/SymbiosoAI THINK TANK/SymbiosoAi-v4-12326/node_modules/esprima': '/Users/personal/Desktop/SymbiosoAI THINK TANK/SymbiosoAi-v4-12326/node_modules/.esprima-CKRn8XhY',
742 silly reify   '/Users/personal/Desktop/SymbiosoAI THINK TANK/SymbiosoAi-v4-12326/node_modules/event-emitter': '/Users/personal/Desktop/SymbiosoAI THINK TANK/SymbiosoAi-v4-12326/node_modules/.event-emitter-1HeKxVbO',
742 silly reify   '/Users/personal/Desktop/SymbiosoAI THINK TANK/SymbiosoAi-v4-12326/node_modules/event-target-shim': '/Users/personal/Desktop/SymbiosoAI THINK TANK/SymbiosoAi-v4-12326/node_modules/.event-target-shim-XF5z2HSi',
742 silly reify   '/Users/personal/Desktop/SymbiosoAI THINK TANK/SymbiosoAi-v4-12326/node_modules/eventsource': '/Users/personal/Desktop/SymbiosoAI THINK TANK/SymbiosoAi-v4-12326/node_modules/.eventsource-tIymc9Zg',
742 silly reify   '/Users/personal/Desktop/SymbiosoAI THINK TANK/SymbiosoAi-v4-12326/node_modules/eventsource-parser': '/Users/personal/Desktop/SymbiosoAI THINK TANK/SymbiosoAi-v4-12326/node_modules/.eventsource-parser-oimJvCy3',
742 silly reify   '/Users/personal/Desktop/SymbiosoAI THINK TANK/SymbiosoAi-v4-12326/node_modules/execa': '/Users/personal/Desktop/SymbiosoAI THINK TANK/SymbiosoAi-v4-12326/node_modules/.execa-e8ac0HQZ',
742 silly reify   '/Users/personal/Desktop/SymbiosoAI THINK TANK/SymbiosoAi-v4-12326/node_modules/exit-x': '/Users/personal/Desktop/SymbiosoAI THINK TANK/SymbiosoAi-v4-12326/node_modules/.exit-x-GhDcd20g',
742 silly reify   '/Users/personal/Desktop/SymbiosoAI THINK TANK/SymbiosoAi-v4-12326/node_modules/expect': '/Users/personal/Desktop/SymbiosoAI THINK TANK/SymbiosoAi-v4-12326/node_modules/.expect-baw90H7A',
742 silly reify   '/Users/personal/Desktop/SymbiosoAI THINK TANK/SymbiosoAi-v4-12326/node_modules/express': '/Users/personal/Desktop/SymbiosoAI THINK TANK/SymbiosoAi-v4-12326/node_modules/.express-A2H8YXKx',
742 silly reify   '/Users/personal/Desktop/SymbiosoAI THINK TANK/SymbiosoAi-v4-12326/node_modules/express-rate-limit': '/Users/personal/Desktop/SymbiosoAI THINK TANK/SymbiosoAi-v4-12326/node_modules/.express-rate-limit-SP1VQ8aw',
742 silly reify   '/Users/personal/Desktop/SymbiosoAI THINK TANK/SymbiosoAi-v4-12326/node_modules/express-session': '/Users/personal/Desktop/SymbiosoAI THINK TANK/SymbiosoAi-v4-12326/node_modules/.express-session-fPtHWSwk',
742 silly reify   '/Users/personal/Desktop/SymbiosoAI THINK TANK/SymbiosoAi-v4-12326/node_modules/ext': '/Users/personal/Desktop/SymbiosoAI THINK TANK/SymbiosoAi-v4-12326/node_modules/.ext-9hm8tuWH',
742 silly reify   '/Users/personal/Desktop/SymbiosoAI THINK TANK/SymbiosoAi-v4-12326/node_modules/extend': '/Users/personal/Desktop/SymbiosoAI THINK TANK/SymbiosoAi-v4-12326/node_modules/.extend-PJEjuvWV',
742 silly reify   '/Users/personal/Desktop/SymbiosoAI THINK TANK/SymbiosoAi-v4-12326/node_modules/extsprintf': '/Users/personal/Desktop/SymbiosoAI THINK TANK/SymbiosoAi-v4-12326/node_modules/.extsprintf-ezlqSk5Q',
742 silly reify   '/Users/personal/Desktop/SymbiosoAI THINK TANK/SymbiosoAi-v4-12326/node_modules/fast-deep-equal': '/Users/personal/Desktop/SymbiosoAI THINK TANK/SymbiosoAi-v4-12326/node_modules/.fast-deep-equal-cUiZqqaH',
742 silly reify   '/Users/personal/Desktop/SymbiosoAI THINK TANK/SymbiosoAi-v4-12326/node_modules/fast-equals': '/Users/personal/Desktop/SymbiosoAI THINK TANK/SymbiosoAi-v4-12326/node_modules/.fast-equals-x9ay4utY',
742 silly reify   '/Users/personal/Desktop/SymbiosoAI THINK TANK/SymbiosoAi-v4-12326/node_modules/fast-glob': '/Users/personal/Desktop/SymbiosoAI THINK TANK/SymbiosoAi-v4-12326/node_modules/.fast-glob-qRxgklYE',
742 silly reify   '/Users/personal/Desktop/SymbiosoAI THINK TANK/SymbiosoAi-v4-12326/node_modules/fast-json-stable-stringify': '/Users/personal/Desktop/SymbiosoAI THINK TANK/SymbiosoAi-v4-12326/node_modules/.fast-json-stable-stringify-GI2wlVxb',
742 silly reify   '/Users/personal/Desktop/SymbiosoAI THINK TANK/SymbiosoAi-v4-12326/node_modules/fast-png': '/Users/personal/Desktop/SymbiosoAI THINK TANK/SymbiosoAi-v4-12326/node_modules/.fast-png-3AOzzIew',
742 silly reify   '/Users/personal/Desktop/SymbiosoAI THINK TANK/SymbiosoAi-v4-12326/node_modules/fast-safe-stringify': '/Users/personal/Desktop/SymbiosoAI THINK TANK/SymbiosoAi-v4-12326/node_modules/.fast-safe-stringify-feCVkZwt',
742 silly reify   '/Users/personal/Desktop/SymbiosoAI THINK TANK/SymbiosoAi-v4-12326/node_modules/fast-xml-parser': '/Users/personal/Desktop/SymbiosoAI THINK TANK/SymbiosoAi-v4-12326/node_modules/.fast-xml-parser-x6tzs8ua',
742 silly reify   '/Users/personal/Desktop/SymbiosoAI THINK TANK/SymbiosoAi-v4-12326/node_modules/fastq': '/Users/personal/Desktop/SymbiosoAI THINK TANK/SymbiosoAi-v4-12326/node_modules/.fastq-aXErzD5D',
742 silly reify   '/Users/personal/Desktop/SymbiosoAI THINK TANK/SymbiosoAi-v4-12326/node_modules/fb-watchman': '/Users/personal/Desktop/SymbiosoAI THINK TANK/SymbiosoAi-v4-12326/node_modules/.fb-watchman-t11MqALZ',
742 silly reify   '/Users/personal/Desktop/SymbiosoAI THINK TANK/SymbiosoAi-v4-12326/node_modules/fetch-blob': '/Users/personal/Desktop/SymbiosoAI THINK TANK/SymbiosoAi-v4-12326/node_modules/.fetch-blob-ybYkxgYD',
742 silly reify   '/Users/personal/Desktop/SymbiosoAI THINK TANK/SymbiosoAi-v4-12326/node_modules/fflate': '/Users/personal/Desktop/SymbiosoAI THINK TANK/SymbiosoAi-v4-12326/node_modules/.fflate-tbSghIYt',
742 silly reify   '/Users/personal/Desktop/SymbiosoAI THINK TANK/SymbiosoAi-v4-12326/node_modules/file-type': '/Users/personal/Desktop/SymbiosoAI THINK TANK/SymbiosoAi-v4-12326/node_modules/.file-type-0O4vyRm7',
742 silly reify   '/Users/personal/Desktop/SymbiosoAI THINK TANK/SymbiosoAi-v4-12326/node_modules/filesize': '/Users/personal/Desktop/SymbiosoAI THINK TANK/SymbiosoAi-v4-12326/node_modules/.filesize-CscRw48J',
742 silly reify   '/Users/personal/Desktop/SymbiosoAI THINK TANK/SymbiosoAi-v4-12326/node_modules/finalhandler': '/Users/personal/Desktop/SymbiosoAI THINK TANK/SymbiosoAi-v4-12326/node_modules/.finalhandler-SQQ9AmPF',
742 silly reify   '/Users/personal/Desktop/SymbiosoAI THINK TANK/SymbiosoAi-v4-12326/node_modules/find-up': '/Users/personal/Desktop/SymbiosoAI THINK TANK/SymbiosoAi-v4-12326/node_modules/.find-up-JTh7df2K',
742 silly reify   '/Users/personal/Desktop/SymbiosoAI THINK TANK/SymbiosoAi-v4-12326/node_modules/flatted': '/Users/personal/Desktop/SymbiosoAI THINK TANK/SymbiosoAi-v4-12326/node_modules/.flatted-Uzaa01T2',
742 silly reify   '/Users/personal/Desktop/SymbiosoAI THINK TANK/SymbiosoAi-v4-12326/node_modules/foreground-child': '/Users/personal/Desktop/SymbiosoAI THINK TANK/SymbiosoAi-v4-12326/node_modules/.foreground-child-jnUAGZAs',
742 silly reify   '/Users/personal/Desktop/SymbiosoAI THINK TANK/SymbiosoAi-v4-12326/node_modules/forever-agent': '/Users/personal/Desktop/SymbiosoAI THINK TANK/SymbiosoAi-v4-12326/node_modules/.forever-agent-bd9n1Y0k',
742 silly reify   '/Users/personal/Desktop/SymbiosoAI THINK TANK/SymbiosoAi-v4-12326/node_modules/form-data': '/Users/personal/Desktop/SymbiosoAI THINK TANK/SymbiosoAi-v4-12326/node_modules/.form-data-KX7Okv4o',
742 silly reify   '/Users/personal/Desktop/SymbiosoAI THINK TANK/SymbiosoAi-v4-12326/node_modules/form-data-encoder': '/Users/personal/Desktop/SymbiosoAI THINK TANK/SymbiosoAi-v4-12326/node_modules/.form-data-encoder-JGdu9Mk8',
742 silly reify   '/Users/personal/Desktop/SymbiosoAI THINK TANK/SymbiosoAi-v4-12326/node_modules/formdata-node': '/Users/personal/Desktop/SymbiosoAI THINK TANK/SymbiosoAi-v4-12326/node_modules/.formdata-node-voKoFcyE',
742 silly reify   '/Users/personal/Desktop/SymbiosoAI THINK TANK/SymbiosoAi-v4-12326/node_modules/formdata-polyfill': '/Users/personal/Desktop/SymbiosoAI THINK TANK/SymbiosoAi-v4-12326/node_modules/.formdata-polyfill-p7ZXDWZq',
742 silly reify   '/Users/personal/Desktop/SymbiosoAI THINK TANK/SymbiosoAi-v4-12326/node_modules/formidable': '/Users/personal/Desktop/SymbiosoAI THINK TANK/SymbiosoAi-v4-12326/node_modules/.formidable-Bc3p7gYV',
742 silly reify   '/Users/personal/Desktop/SymbiosoAI THINK TANK/SymbiosoAi-v4-12326/node_modules/fraction.js': '/Users/personal/Desktop/SymbiosoAI THINK TANK/SymbiosoAi-v4-12326/node_modules/.fraction.js-WoxXRxHw',
742 silly reify   '/Users/personal/Desktop/SymbiosoAI THINK TANK/SymbiosoAi-v4-12326/node_modules/framer-motion': '/Users/personal/Desktop/SymbiosoAI THINK TANK/SymbiosoAi-v4-12326/node_modules/.framer-motion-jxpHhnX3',
742 silly reify   '/Users/personal/Desktop/SymbiosoAI THINK TANK/SymbiosoAi-v4-12326/node_modules/fs.realpath': '/Users/personal/Desktop/SymbiosoAI THINK TANK/SymbiosoAi-v4-12326/node_modules/.fs.realpath-GV0mfCDa',
742 silly reify   '/Users/personal/Desktop/SymbiosoAI THINK TANK/SymbiosoAi-v4-12326/node_modules/gaxios': '/Users/personal/Desktop/SymbiosoAI THINK TANK/SymbiosoAi-v4-12326/node_modules/.gaxios-pOOLRUUB',
742 silly reify   '/Users/personal/Desktop/SymbiosoAI THINK TANK/SymbiosoAi-v4-12326/node_modules/gcp-metadata': '/Users/personal/Desktop/SymbiosoAI THINK TANK/SymbiosoAi-v4-12326/node_modules/.gcp-metadata-PFnhJhiK',
742 silly reify   '/Users/personal/Desktop/SymbiosoAI THINK TANK/SymbiosoAi-v4-12326/node_modules/get-caller-file': '/Users/personal/Desktop/SymbiosoAI THINK TANK/SymbiosoAi-v4-12326/node_modules/.get-caller-file-lgAIwVTU',
742 silly reify   '/Users/personal/Desktop/SymbiosoAI THINK TANK/SymbiosoAi-v4-12326/node_modules/get-object': '/Users/personal/Desktop/SymbiosoAI THINK TANK/SymbiosoAi-v4-12326/node_modules/.get-object-w0MLfI6Z',
742 silly reify   '/Users/personal/Desktop/SymbiosoAI THINK TANK/SymbiosoAi-v4-12326/node_modules/get-package-type': '/Users/personal/Desktop/SymbiosoAI THINK TANK/SymbiosoAi-v4-12326/node_modules/.get-package-type-3nf8b5wi',
742 silly reify   '/Users/personal/Desktop/SymbiosoAI THINK TANK/SymbiosoAi-v4-12326/node_modules/get-stream': '/Users/personal/Desktop/SymbiosoAI THINK TANK/SymbiosoAi-v4-12326/node_modules/.get-stream-FYnriIho',
742 silly reify   '/Users/personal/Desktop/SymbiosoAI THINK TANK/SymbiosoAi-v4-12326/node_modules/get-tsconfig': '/Users/personal/Desktop/SymbiosoAI THINK TANK/SymbiosoAi-v4-12326/node_modules/.get-tsconfig-B0CY4SjL',
742 silly reify   '/Users/personal/Desktop/SymbiosoAI THINK TANK/SymbiosoAi-v4-12326/node_modules/get-value': '/Users/personal/Desktop/SymbiosoAI THINK TANK/SymbiosoAi-v4-12326/node_modules/.get-value-EZB9dUwo',
742 silly reify   '/Users/personal/Desktop/SymbiosoAI THINK TANK/SymbiosoAi-v4-12326/node_modules/getpass': '/Users/personal/Desktop/SymbiosoAI THINK TANK/SymbiosoAi-v4-12326/node_modules/.getpass-YDIm6HYx',
742 silly reify   '/Users/personal/Desktop/SymbiosoAI THINK TANK/SymbiosoAi-v4-12326/node_modules/glob': '/Users/personal/Desktop/SymbiosoAI THINK TANK/SymbiosoAi-v4-12326/node_modules/.glob-CpF0O3jh',
742 silly reify   '/Users/personal/Desktop/SymbiosoAI THINK TANK/SymbiosoAi-v4-12326/node_modules/google-auth-library': '/Users/personal/Desktop/SymbiosoAI THINK TANK/SymbiosoAi-v4-12326/node_modules/.google-auth-library-z3a2xPky',
742 silly reify   '/Users/personal/Desktop/SymbiosoAI THINK TANK/SymbiosoAi-v4-12326/node_modules/google-logging-utils': '/Users/personal/Desktop/SymbiosoAI THINK TANK/SymbiosoAi-v4-12326/node_modules/.google-logging-utils-04kEXdEa',
742 silly reify   '/Users/personal/Desktop/SymbiosoAI THINK TANK/SymbiosoAi-v4-12326/node_modules/gtoken': '/Users/personal/Desktop/SymbiosoAI THINK TANK/SymbiosoAi-v4-12326/node_modules/.gtoken-jHcNsNNW',
742 silly reify   '/Users/personal/Desktop/SymbiosoAI THINK TANK/SymbiosoAi-v4-12326/node_modules/handlebars': '/Users/personal/Desktop/SymbiosoAI THINK TANK/SymbiosoAi-v4-12326/node_modules/.handlebars-RFmOFo6e',
742 silly reify   '/Users/personal/Desktop/SymbiosoAI THINK TANK/SymbiosoAi-v4-12326/node_modules/handlebars-utils': '/Users/personal/Desktop/SymbiosoAI THINK TANK/SymbiosoAi-v4-12326/node_modules/.handlebars-utils-31lG4F3d',
742 silly reify   '/Users/personal/Desktop/SymbiosoAI THINK TANK/SymbiosoAi-v4-12326/node_modules/har-schema': '/Users/personal/Desktop/SymbiosoAI THINK TANK/SymbiosoAi-v4-12326/node_modules/.har-schema-VpsuHDtt',
742 silly reify   '/Users/personal/Desktop/SymbiosoAI THINK TANK/SymbiosoAi-v4-12326/node_modules/har-validator': '/Users/personal/Desktop/SymbiosoAI THINK TANK/SymbiosoAi-v4-12326/node_modules/.har-validator-UUHrPUSE',
742 silly reify   '/Users/personal/Desktop/SymbiosoAI THINK TANK/SymbiosoAi-v4-12326/node_modules/has-flag': '/Users/personal/Desktop/SymbiosoAI THINK TANK/SymbiosoAi-v4-12326/node_modules/.has-flag-ZWcE8jl6',
742 silly reify   '/Users/personal/Desktop/SymbiosoAI THINK TANK/SymbiosoAi-v4-12326/node_modules/has-property-descriptors': '/Users/personal/Desktop/SymbiosoAI THINK TANK/SymbiosoAi-v4-12326/node_modules/.has-property-descriptors-PplYSHTk',
742 silly reify   '/Users/personal/Desktop/SymbiosoAI THINK TANK/SymbiosoAi-v4-12326/node_modules/has-tostringtag': '/Users/personal/Desktop/SymbiosoAI THINK TANK/SymbiosoAi-v4-12326/node_modules/.has-tostringtag-mEtIOVSC',
742 silly reify   '/Users/personal/Desktop/SymbiosoAI THINK TANK/SymbiosoAi-v4-12326/node_modules/has-value': '/Users/personal/Desktop/SymbiosoAI THINK TANK/SymbiosoAi-v4-12326/node_modules/.has-value-33xh3SgO',
742 silly reify   '/Users/personal/Desktop/SymbiosoAI THINK TANK/SymbiosoAi-v4-12326/node_modules/has-values': '/Users/personal/Desktop/SymbiosoAI THINK TANK/SymbiosoAi-v4-12326/node_modules/.has-values-FIfy6a1A',
742 silly reify   '/Users/personal/Desktop/SymbiosoAI THINK TANK/SymbiosoAi-v4-12326/node_modules/hash.js': '/Users/personal/Desktop/SymbiosoAI THINK TANK/SymbiosoAi-v4-12326/node_modules/.hash.js-FcmhNvrn',
742 silly reify   '/Users/personal/Desktop/SymbiosoAI THINK TANK/SymbiosoAi-v4-12326/node_modules/helmet': '/Users/personal/Desktop/SymbiosoAI THINK TANK/SymbiosoAi-v4-12326/node_modules/.helmet-zfCtz1Kb',
742 silly reify   '/Users/personal/Desktop/SymbiosoAI THINK TANK/SymbiosoAi-v4-12326/node_modules/html-entities': '/Users/personal/Desktop/SymbiosoAI THINK TANK/SymbiosoAi-v4-12326/node_modules/.html-entities-TzBSDMGe',
742 silly reify   '/Users/personal/Desktop/SymbiosoAI THINK TANK/SymbiosoAi-v4-12326/node_modules/html-escaper': '/Users/personal/Desktop/SymbiosoAI THINK TANK/SymbiosoAi-v4-12326/node_modules/.html-escaper-HRv7SFPZ',
742 silly reify   '/Users/personal/Desktop/SymbiosoAI THINK TANK/SymbiosoAi-v4-12326/node_modules/html-tag': '/Users/personal/Desktop/SymbiosoAI THINK TANK/SymbiosoAi-v4-12326/node_modules/.html-tag-6JLBz7Gu',
742 silly reify   '/Users/personal/Desktop/SymbiosoAI THINK TANK/SymbiosoAi-v4-12326/node_modules/html2canvas': '/Users/personal/Desktop/SymbiosoAI THINK TANK/SymbiosoAi-v4-12326/node_modules/.html2canvas-aOC3Uc1e',
742 silly reify   '/Users/personal/Desktop/SymbiosoAI THINK TANK/SymbiosoAi-v4-12326/node_modules/http-errors': '/Users/personal/Desktop/SymbiosoAI THINK TANK/SymbiosoAi-v4-12326/node_modules/.http-errors-EAnQZuAs',
742 silly reify   '/Users/personal/Desktop/SymbiosoAI THINK TANK/SymbiosoAi-v4-12326/node_modules/http-proxy-agent': '/Users/personal/Desktop/SymbiosoAI THINK TANK/SymbiosoAi-v4-12326/node_modules/.http-proxy-agent-HSCpexg3',
742 silly reify   '/Users/personal/Desktop/SymbiosoAI THINK TANK/SymbiosoAi-v4-12326/node_modules/http-reasons': '/Users/personal/Desktop/SymbiosoAI THINK TANK/SymbiosoAi-v4-12326/node_modules/.http-reasons-uoyYOI6S',
742 silly reify   '/Users/personal/Desktop/SymbiosoAI THINK TANK/SymbiosoAi-v4-12326/node_modules/http-signature': '/Users/personal/Desktop/SymbiosoAI THINK TANK/SymbiosoAi-v4-12326/node_modules/.http-signature-d8uYs9JS',
742 silly reify   '/Users/personal/Desktop/SymbiosoAI THINK TANK/SymbiosoAi-v4-12326/node_modules/http_ece': '/Users/personal/Desktop/SymbiosoAI THINK TANK/SymbiosoAi-v4-12326/node_modules/.http_ece-hQP5orbS',
742 silly reify   '/Users/personal/Desktop/SymbiosoAI THINK TANK/SymbiosoAi-v4-12326/node_modules/httpntlm': '/Users/personal/Desktop/SymbiosoAI THINK TANK/SymbiosoAi-v4-12326/node_modules/.httpntlm-0VrqleME',
742 silly reify   '/Users/personal/Desktop/SymbiosoAI THINK TANK/SymbiosoAi-v4-12326/node_modules/httpreq': '/Users/personal/Desktop/SymbiosoAI THINK TANK/SymbiosoAi-v4-12326/node_modules/.httpreq-OKi7qkOQ',
742 silly reify   '/Users/personal/Desktop/SymbiosoAI THINK TANK/SymbiosoAi-v4-12326/node_modules/https-proxy-agent': '/Users/personal/Desktop/SymbiosoAI THINK TANK/SymbiosoAi-v4-12326/node_modules/.https-proxy-agent-xHxbQ47B',
742 silly reify   '/Users/personal/Desktop/SymbiosoAI THINK TANK/SymbiosoAi-v4-12326/node_modules/human-signals': '/Users/personal/Desktop/SymbiosoAI THINK TANK/SymbiosoAi-v4-12326/node_modules/.human-signals-uBs0yT0G',
742 silly reify   '/Users/personal/Desktop/SymbiosoAI THINK TANK/SymbiosoAi-v4-12326/node_modules/humanize-ms': '/Users/personal/Desktop/SymbiosoAI THINK TANK/SymbiosoAi-v4-12326/node_modules/.humanize-ms-VHQDvXOt',
742 silly reify   '/Users/personal/Desktop/SymbiosoAI THINK TANK/SymbiosoAi-v4-12326/node_modules/immediate': '/Users/personal/Desktop/SymbiosoAI THINK TANK/SymbiosoAi-v4-12326/node_modules/.immediate-az6JsIiO',
742 silly reify   '/Users/personal/Desktop/SymbiosoAI THINK TANK/SymbiosoAi-v4-12326/node_modules/import-in-the-middle': '/Users/personal/Desktop/SymbiosoAI THINK TANK/SymbiosoAi-v4-12326/node_modules/.import-in-the-middle-fqE46t9T',
742 silly reify   '/Users/personal/Desktop/SymbiosoAI THINK TANK/SymbiosoAi-v4-12326/node_modules/import-local': '/Users/personal/Desktop/SymbiosoAI THINK TANK/SymbiosoAi-v4-12326/node_modules/.import-local-23M0c0BT',
742 silly reify   '/Users/personal/Desktop/SymbiosoAI THINK TANK/SymbiosoAi-v4-12326/node_modules/imurmurhash': '/Users/personal/Desktop/SymbiosoAI THINK TANK/SymbiosoAi-v4-12326/node_modules/.imurmurhash-Av0Ab4fx',
742 silly reify   '/Users/personal/Desktop/SymbiosoAI THINK TANK/SymbiosoAi-v4-12326/node_modules/inflight': '/Users/personal/Desktop/SymbiosoAI THINK TANK/SymbiosoAi-v4-12326/node_modules/.inflight-nW1BR7an',
742 silly reify   '/Users/personal/Desktop/SymbiosoAI THINK TANK/SymbiosoAi-v4-12326/node_modules/iobuffer': '/Users/personal/Desktop/SymbiosoAI THINK TANK/SymbiosoAi-v4-12326/node_modules/.iobuffer-V4hQtZny',
742 silly reify   '/Users/personal/Desktop/SymbiosoAI THINK TANK/SymbiosoAi-v4-12326/node_modules/ioredis': '/Users/personal/Desktop/SymbiosoAI THINK TANK/SymbiosoAi-v4-12326/node_modules/.ioredis-7CPXaUyE',
742 silly reify   '/Users/personal/Desktop/SymbiosoAI THINK TANK/SymbiosoAi-v4-12326/node_modules/ip-address': '/Users/personal/Desktop/SymbiosoAI THINK TANK/SymbiosoAi-v4-12326/node_modules/.ip-address-k0HrgBrS',
742 silly reify   '/Users/personal/Desktop/SymbiosoAI THINK TANK/SymbiosoAi-v4-12326/node_modules/is-arrayish': '/Users/personal/Desktop/SymbiosoAI THINK TANK/SymbiosoAi-v4-12326/node_modules/.is-arrayish-MmTrCSWx',
742 silly reify   '/Users/personal/Desktop/SymbiosoAI THINK TANK/SymbiosoAi-v4-12326/node_modules/is-buffer': '/Users/personal/Desktop/SymbiosoAI THINK TANK/SymbiosoAi-v4-12326/node_modules/.is-buffer-9TJwjLvz',
742 silly reify   '/Users/personal/Desktop/SymbiosoAI THINK TANK/SymbiosoAi-v4-12326/node_modules/is-core-module': '/Users/personal/Desktop/SymbiosoAI THINK TANK/SymbiosoAi-v4-12326/node_modules/.is-core-module-hgGyN5Me',
742 silly reify   '/Users/personal/Desktop/SymbiosoAI THINK TANK/SymbiosoAi-v4-12326/node_modules/is-fullwidth-code-point': '/Users/personal/Desktop/SymbiosoAI THINK TANK/SymbiosoAi-v4-12326/node_modules/.is-fullwidth-code-point-75m25B3j',
742 silly reify   '/Users/personal/Desktop/SymbiosoAI THINK TANK/SymbiosoAi-v4-12326/node_modules/is-generator-fn': '/Users/personal/Desktop/SymbiosoAI THINK TANK/SymbiosoAi-v4-12326/node_modules/.is-generator-fn-6hSaanHo',
742 silly reify   '/Users/personal/Desktop/SymbiosoAI THINK TANK/SymbiosoAi-v4-12326/node_modules/is-self-closing': '/Users/personal/Desktop/SymbiosoAI THINK TANK/SymbiosoAi-v4-12326/node_modules/.is-self-closing-pex4cyGY',
742 silly reify   '/Users/personal/Desktop/SymbiosoAI THINK TANK/SymbiosoAi-v4-12326/node_modules/is-promise': '/Users/personal/Desktop/SymbiosoAI THINK TANK/SymbiosoAi-v4-12326/node_modules/.is-promise-bBVgQrds',
742 silly reify   '/Users/personal/Desktop/SymbiosoAI THINK TANK/SymbiosoAi-v4-12326/node_modules/is-stream': '/Users/personal/Desktop/SymbiosoAI THINK TANK/SymbiosoAi-v4-12326/node_modules/.is-stream-bxqnW6Sj',
742 silly reify   '/Users/personal/Desktop/SymbiosoAI THINK TANK/SymbiosoAi-v4-12326/node_modules/is-typedarray': '/Users/personal/Desktop/SymbiosoAI THINK TANK/SymbiosoAi-v4-12326/node_modules/.is-typedarray-ztivXbwz',
742 silly reify   '/Users/personal/Desktop/SymbiosoAI THINK TANK/SymbiosoAi-v4-12326/node_modules/isarray': '/Users/personal/Desktop/SymbiosoAI THINK TANK/SymbiosoAi-v4-12326/node_modules/.isarray-vQL6KPuC',
742 silly reify   '/Users/personal/Desktop/SymbiosoAI THINK TANK/SymbiosoAi-v4-12326/node_modules/isexe': '/Users/personal/Desktop/SymbiosoAI THINK TANK/SymbiosoAi-v4-12326/node_modules/.isexe-kqVdM1Ba',
742 silly reify   '/Users/personal/Desktop/SymbiosoAI THINK TANK/SymbiosoAi-v4-12326/node_modules/isobject': '/Users/personal/Desktop/SymbiosoAI THINK TANK/SymbiosoAi-v4-12326/node_modules/.isobject-c4xP6VaY',
742 silly reify   '/Users/personal/Desktop/SymbiosoAI THINK TANK/SymbiosoAi-v4-12326/node_modules/isstream': '/Users/personal/Desktop/SymbiosoAI THINK TANK/SymbiosoAi-v4-12326/node_modules/.isstream-fARixtyD',
742 silly reify   '/Users/personal/Desktop/SymbiosoAI THINK TANK/SymbiosoAi-v4-12326/node_modules/istanbul-lib-coverage': '/Users/personal/Desktop/SymbiosoAI THINK TANK/SymbiosoAi-v4-12326/node_modules/.istanbul-lib-coverage-obBJC58L',
742 silly reify   '/Users/personal/Desktop/SymbiosoAI THINK TANK/SymbiosoAi-v4-12326/node_modules/istanbul-lib-instrument': '/Users/personal/Desktop/SymbiosoAI THINK TANK/SymbiosoAi-v4-12326/node_modules/.istanbul-lib-instrument-Wu8ePFF3',
742 silly reify   '/Users/personal/Desktop/SymbiosoAI THINK TANK/SymbiosoAi-v4-12326/node_modules/istanbul-lib-report': '/Users/personal/Desktop/SymbiosoAI THINK TANK/SymbiosoAi-v4-12326/node_modules/.istanbul-lib-report-Pc6FPL5B',
742 silly reify   '/Users/personal/Desktop/SymbiosoAI THINK TANK/SymbiosoAi-v4-12326/node_modules/istanbul-lib-source-maps': '/Users/personal/Desktop/SymbiosoAI THINK TANK/SymbiosoAi-v4-12326/node_modules/.istanbul-lib-source-maps-FDv35s5E',
742 silly reify   '/Users/personal/Desktop/SymbiosoAI THINK TANK/SymbiosoAi-v4-12326/node_modules/istanbul-reports': '/Users/personal/Desktop/SymbiosoAI THINK TANK/SymbiosoAi-v4-12326/node_modules/.istanbul-reports-Eu41FI3X',
742 silly reify   '/Users/personal/Desktop/SymbiosoAI THINK TANK/SymbiosoAi-v4-12326/node_modules/jackspeak': '/Users/personal/Desktop/SymbiosoAI THINK TANK/SymbiosoAi-v4-12326/node_modules/.jackspeak-oFwtKMt7',
742 silly reify   '/Users/personal/Desktop/SymbiosoAI THINK TANK/SymbiosoAi-v4-12326/node_modules/jest': '/Users/personal/Desktop/SymbiosoAI THINK TANK/SymbiosoAi-v4-12326/node_modules/.jest-9E91pv47',
742 silly reify   '/Users/personal/Desktop/SymbiosoAI THINK TANK/SymbiosoAi-v4-12326/node_modules/jest-circus': '/Users/personal/Desktop/SymbiosoAI THINK TANK/SymbiosoAi-v4-12326/node_modules/.jest-circus-jwruOzzx',
742 silly reify   '/Users/personal/Desktop/SymbiosoAI THINK TANK/SymbiosoAi-v4-12326/node_modules/jest-cli': '/Users/personal/Desktop/SymbiosoAI THINK TANK/SymbiosoAi-v4-12326/node_modules/.jest-cli-fDIerWnI',
742 silly reify   '/Users/personal/Desktop/SymbiosoAI THINK TANK/SymbiosoAi-v4-12326/node_modules/jest-config': '/Users/personal/Desktop/SymbiosoAI THINK TANK/SymbiosoAi-v4-12326/node_modules/.jest-config-kqMMFnFO',
742 silly reify   '/Users/personal/Desktop/SymbiosoAI THINK TANK/SymbiosoAi-v4-12326/node_modules/jest-diff': '/Users/personal/Desktop/SymbiosoAI THINK TANK/SymbiosoAi-v4-12326/node_modules/.jest-diff-GGF8Tj2B',
742 silly reify   '/Users/personal/Desktop/SymbiosoAI THINK TANK/SymbiosoAi-v4-12326/node_modules/jest-docblock': '/Users/personal/Desktop/SymbiosoAI THINK TANK/SymbiosoAi-v4-12326/node_modules/.jest-docblock-LODgyh23',
742 silly reify   '/Users/personal/Desktop/SymbiosoAI THINK TANK/SymbiosoAi-v4-12326/node_modules/jest-each': '/Users/personal/Desktop/SymbiosoAI THINK TANK/SymbiosoAi-v4-12326/node_modules/.jest-each-IaZJICtF',
742 silly reify   '/Users/personal/Desktop/SymbiosoAI THINK TANK/SymbiosoAi-v4-12326/node_modules/jest-environment-node': '/Users/personal/Desktop/SymbiosoAI THINK TANK/SymbiosoAi-v4-12326/node_modules/.jest-environment-node-kv1Fq6An',
742 silly reify   '/Users/personal/Desktop/SymbiosoAI THINK TANK/SymbiosoAi-v4-12326/node_modules/jest-haste-map': '/Users/personal/Desktop/SymbiosoAI THINK TANK/SymbiosoAi-v4-12326/node_modules/.jest-haste-map-gwBBy7e5',
742 silly reify   '/Users/personal/Desktop/SymbiosoAI THINK TANK/SymbiosoAi-v4-12326/node_modules/jest-changed-files': '/Users/personal/Desktop/SymbiosoAI THINK TANK/SymbiosoAi-v4-12326/node_modules/.jest-changed-files-yMeFPAYi',
742 silly reify   '/Users/personal/Desktop/SymbiosoAI THINK TANK/SymbiosoAi-v4-12326/node_modules/jest-junit': '/Users/personal/Desktop/SymbiosoAI THINK TANK/SymbiosoAi-v4-12326/node_modules/.jest-junit-7XENB4F4',
742 silly reify   '/Users/personal/Desktop/SymbiosoAI THINK TANK/SymbiosoAi-v4-12326/node_modules/jest-leak-detector': '/Users/personal/Desktop/SymbiosoAI THINK TANK/SymbiosoAi-v4-12326/node_modules/.jest-leak-detector-tSIe0aIZ',
742 silly reify   '/Users/personal/Desktop/SymbiosoAI THINK TANK/SymbiosoAi-v4-12326/node_modules/jest-matcher-utils': '/Users/personal/Desktop/SymbiosoAI THINK TANK/SymbiosoAi-v4-12326/node_modules/.jest-matcher-utils-HICMVYxo',
742 silly reify   '/Users/personal/Desktop/SymbiosoAI THINK TANK/SymbiosoAi-v4-12326/node_modules/jest-message-util': '/Users/personal/Desktop/SymbiosoAI THINK TANK/SymbiosoAi-v4-12326/node_modules/.jest-message-util-NkLBE5Rx',
742 silly reify   '/Users/personal/Desktop/SymbiosoAI THINK TANK/SymbiosoAi-v4-12326/node_modules/jest-mock': '/Users/personal/Desktop/SymbiosoAI THINK TANK/SymbiosoAi-v4-12326/node_modules/.jest-mock-PG4J7E4F',
742 silly reify   '/Users/personal/Desktop/SymbiosoAI THINK TANK/SymbiosoAi-v4-12326/node_modules/jest-pnp-resolver': '/Users/personal/Desktop/SymbiosoAI THINK TANK/SymbiosoAi-v4-12326/node_modules/.jest-pnp-resolver-S9b2ktgS',
742 silly reify   '/Users/personal/Desktop/SymbiosoAI THINK TANK/SymbiosoAi-v4-12326/node_modules/jest-regex-util': '/Users/personal/Desktop/SymbiosoAI THINK TANK/SymbiosoAi-v4-12326/node_modules/.jest-regex-util-VnoM2HXF',
742 silly reify   '/Users/personal/Desktop/SymbiosoAI THINK TANK/SymbiosoAi-v4-12326/node_modules/jest-resolve': '/Users/personal/Desktop/SymbiosoAI THINK TANK/SymbiosoAi-v4-12326/node_modules/.jest-resolve-JU9FEua0',
742 silly reify   '/Users/personal/Desktop/SymbiosoAI THINK TANK/SymbiosoAi-v4-12326/node_modules/jest-resolve-dependencies': '/Users/personal/Desktop/SymbiosoAI THINK TANK/SymbiosoAi-v4-12326/node_modules/.jest-resolve-dependencies-2vZ2CX7a',
742 silly reify   '/Users/personal/Desktop/SymbiosoAI THINK TANK/SymbiosoAi-v4-12326/node_modules/jest-runner': '/Users/personal/Desktop/SymbiosoAI THINK TANK/SymbiosoAi-v4-12326/node_modules/.jest-runner-R23GFWij',
742 silly reify   '/Users/personal/Desktop/SymbiosoAI THINK TANK/SymbiosoAi-v4-12326/node_modules/jest-runtime': '/Users/personal/Desktop/SymbiosoAI THINK TANK/SymbiosoAi-v4-12326/node_modules/.jest-runtime-el9gDpYw',
742 silly reify   '/Users/personal/Desktop/SymbiosoAI THINK TANK/SymbiosoAi-v4-12326/node_modules/jest-snapshot': '/Users/personal/Desktop/SymbiosoAI THINK TANK/SymbiosoAi-v4-12326/node_modules/.jest-snapshot-eHcF5LSa',
742 silly reify   '/Users/personal/Desktop/SymbiosoAI THINK TANK/SymbiosoAi-v4-12326/node_modules/jest-util': '/Users/personal/Desktop/SymbiosoAI THINK TANK/SymbiosoAi-v4-12326/node_modules/.jest-util-p38BudZl',
742 silly reify   '/Users/personal/Desktop/SymbiosoAI THINK TANK/SymbiosoAi-v4-12326/node_modules/jest-validate': '/Users/personal/Desktop/SymbiosoAI THINK TANK/SymbiosoAi-v4-12326/node_modules/.jest-validate-UcV0UIsM',
742 silly reify   '/Users/personal/Desktop/SymbiosoAI THINK TANK/SymbiosoAi-v4-12326/node_modules/jest-watcher': '/Users/personal/Desktop/SymbiosoAI THINK TANK/SymbiosoAi-v4-12326/node_modules/.jest-watcher-85ZUC0I2',
742 silly reify   '/Users/personal/Desktop/SymbiosoAI THINK TANK/SymbiosoAi-v4-12326/node_modules/jest-worker': '/Users/personal/Desktop/SymbiosoAI THINK TANK/SymbiosoAi-v4-12326/node_modules/.jest-worker-ay6DnXiU',
742 silly reify   '/Users/personal/Desktop/SymbiosoAI THINK TANK/SymbiosoAi-v4-12326/node_modules/jiti': '/Users/personal/Desktop/SymbiosoAI THINK TANK/SymbiosoAi-v4-12326/node_modules/.jiti-tqPazl6s',
742 silly reify   '/Users/personal/Desktop/SymbiosoAI THINK TANK/SymbiosoAi-v4-12326/node_modules/jose': '/Users/personal/Desktop/SymbiosoAI THINK TANK/SymbiosoAi-v4-12326/node_modules/.jose-7NqN7JI5',
742 silly reify   '/Users/personal/Desktop/SymbiosoAI THINK TANK/SymbiosoAi-v4-12326/node_modules/js-md4': '/Users/personal/Desktop/SymbiosoAI THINK TANK/SymbiosoAi-v4-12326/node_modules/.js-md4-wa2aNtxv',
742 silly reify   '/Users/personal/Desktop/SymbiosoAI THINK TANK/SymbiosoAi-v4-12326/node_modules/js-sha512': '/Users/personal/Desktop/SymbiosoAI THINK TANK/SymbiosoAi-v4-12326/node_modules/.js-sha512-dITt151f',
742 silly reify   '/Users/personal/Desktop/SymbiosoAI THINK TANK/SymbiosoAi-v4-12326/node_modules/js-yaml': '/Users/personal/Desktop/SymbiosoAI THINK TANK/SymbiosoAi-v4-12326/node_modules/.js-yaml-RxaaZcgj',
742 silly reify   '/Users/personal/Desktop/SymbiosoAI THINK TANK/SymbiosoAi-v4-12326/node_modules/jsbn': '/Users/personal/Desktop/SymbiosoAI THINK TANK/SymbiosoAi-v4-12326/node_modules/.jsbn-yNbtrnZs',
742 silly reify   '/Users/personal/Desktop/SymbiosoAI THINK TANK/SymbiosoAi-v4-12326/node_modules/jsesc': '/Users/personal/Desktop/SymbiosoAI THINK TANK/SymbiosoAi-v4-12326/node_modules/.jsesc-acUGMZGP',
742 silly reify   '/Users/personal/Desktop/SymbiosoAI THINK TANK/SymbiosoAi-v4-12326/node_modules/json-bigint': '/Users/personal/Desktop/SymbiosoAI THINK TANK/SymbiosoAi-v4-12326/node_modules/.json-bigint-eqvCTUFY',
742 silly reify   '/Users/personal/Desktop/SymbiosoAI THINK TANK/SymbiosoAi-v4-12326/node_modules/json-parse-even-better-errors': '/Users/personal/Desktop/SymbiosoAI THINK TANK/SymbiosoAi-v4-12326/node_modules/.json-parse-even-better-errors-ARV0VCY7',
742 silly reify   '/Users/personal/Desktop/SymbiosoAI THINK TANK/SymbiosoAi-v4-12326/node_modules/json-schema': '/Users/personal/Desktop/SymbiosoAI THINK TANK/SymbiosoAi-v4-12326/node_modules/.json-schema-pAOW3276',
742 silly reify   '/Users/personal/Desktop/SymbiosoAI THINK TANK/SymbiosoAi-v4-12326/node_modules/json-schema-traverse': '/Users/personal/Desktop/SymbiosoAI THINK TANK/SymbiosoAi-v4-12326/node_modules/.json-schema-traverse-Ltbq5eRD',
742 silly reify   '/Users/personal/Desktop/SymbiosoAI THINK TANK/SymbiosoAi-v4-12326/node_modules/json-stringify-safe': '/Users/personal/Desktop/SymbiosoAI THINK TANK/SymbiosoAi-v4-12326/node_modules/.json-stringify-safe-ODkqwgsI',
742 silly reify   '/Users/personal/Desktop/SymbiosoAI THINK TANK/SymbiosoAi-v4-12326/node_modules/jspdf': '/Users/personal/Desktop/SymbiosoAI THINK TANK/SymbiosoAi-v4-12326/node_modules/.jspdf-qXkYAcEs',
742 silly reify   '/Users/personal/Desktop/SymbiosoAI THINK TANK/SymbiosoAi-v4-12326/node_modules/jsprim': '/Users/personal/Desktop/SymbiosoAI THINK TANK/SymbiosoAi-v4-12326/node_modules/.jsprim-1eiitXQQ',
742 silly reify   '/Users/personal/Desktop/SymbiosoAI THINK TANK/SymbiosoAi-v4-12326/node_modules/jszip': '/Users/personal/Desktop/SymbiosoAI THINK TANK/SymbiosoAi-v4-12326/node_modules/.jszip-CYb8sQKK',
742 silly reify   '/Users/personal/Desktop/SymbiosoAI THINK TANK/SymbiosoAi-v4-12326/node_modules/jwa': '/Users/personal/Desktop/SymbiosoAI THINK TANK/SymbiosoAi-v4-12326/node_modules/.jwa-5Z4A6Mjx',
742 silly reify   '/Users/personal/Desktop/SymbiosoAI THINK TANK/SymbiosoAi-v4-12326/node_modules/jws': '/Users/personal/Desktop/SymbiosoAI THINK TANK/SymbiosoAi-v4-12326/node_modules/.jws-77oEGAtE',
742 silly reify   '/Users/personal/Desktop/SymbiosoAI THINK TANK/SymbiosoAi-v4-12326/node_modules/kind-of': '/Users/personal/Desktop/SymbiosoAI THINK TANK/SymbiosoAi-v4-12326/node_modules/.kind-of-97n46Kx0',
742 silly reify   '/Users/personal/Desktop/SymbiosoAI THINK TANK/SymbiosoAi-v4-12326/node_modules/leven': '/Users/personal/Desktop/SymbiosoAI THINK TANK/SymbiosoAi-v4-12326/node_modules/.leven-f5n86trs',
742 silly reify   '/Users/personal/Desktop/SymbiosoAI THINK TANK/SymbiosoAi-v4-12326/node_modules/lie': '/Users/personal/Desktop/SymbiosoAI THINK TANK/SymbiosoAi-v4-12326/node_modules/.lie-2wsVzwNE',
742 silly reify   '/Users/personal/Desktop/SymbiosoAI THINK TANK/SymbiosoAi-v4-12326/node_modules/lightningcss': '/Users/personal/Desktop/SymbiosoAI THINK TANK/SymbiosoAi-v4-12326/node_modules/.lightningcss-f594hJgr',
742 silly reify   '/Users/personal/Desktop/SymbiosoAI THINK TANK/SymbiosoAi-v4-12326/node_modules/lightningcss-darwin-arm64': '/Users/personal/Desktop/SymbiosoAI THINK TANK/SymbiosoAi-v4-12326/node_modules/.lightningcss-darwin-arm64-2g0MJVn3',
742 silly reify   '/Users/personal/Desktop/SymbiosoAI THINK TANK/SymbiosoAi-v4-12326/node_modules/liquid-json': '/Users/personal/Desktop/SymbiosoAI THINK TANK/SymbiosoAi-v4-12326/node_modules/.liquid-json-zmcg2mgJ',
742 silly reify   '/Users/personal/Desktop/SymbiosoAI THINK TANK/SymbiosoAi-v4-12326/node_modules/locate-path': '/Users/personal/Desktop/SymbiosoAI THINK TANK/SymbiosoAi-v4-12326/node_modules/.locate-path-DNhQWiVI',
742 silly reify   '/Users/personal/Desktop/SymbiosoAI THINK TANK/SymbiosoAi-v4-12326/node_modules/lodash': '/Users/personal/Desktop/SymbiosoAI THINK TANK/SymbiosoAi-v4-12326/node_modules/.lodash-CppSWaMy',
742 silly reify   '/Users/personal/Desktop/SymbiosoAI THINK TANK/SymbiosoAi-v4-12326/node_modules/lodash.camelcase': '/Users/personal/Desktop/SymbiosoAI THINK TANK/SymbiosoAi-v4-12326/node_modules/.lodash.camelcase-vVFe8kxO',
742 silly reify   '/Users/personal/Desktop/SymbiosoAI THINK TANK/SymbiosoAi-v4-12326/node_modules/lodash.castarray': '/Users/personal/Desktop/SymbiosoAI THINK TANK/SymbiosoAi-v4-12326/node_modules/.lodash.castarray-bV87zv1s',
742 silly reify   '/Users/personal/Desktop/SymbiosoAI THINK TANK/SymbiosoAi-v4-12326/node_modules/lodash.defaults': '/Users/personal/Desktop/SymbiosoAI THINK TANK/SymbiosoAi-v4-12326/node_modules/.lodash.defaults-AesZUw80',
742 silly reify   '/Users/personal/Desktop/SymbiosoAI THINK TANK/SymbiosoAi-v4-12326/node_modules/lodash.isarguments': '/Users/personal/Desktop/SymbiosoAI THINK TANK/SymbiosoAi-v4-12326/node_modules/.lodash.isarguments-aSjw409q',
742 silly reify   '/Users/personal/Desktop/SymbiosoAI THINK TANK/SymbiosoAi-v4-12326/node_modules/lodash.isplainobject': '/Users/personal/Desktop/SymbiosoAI THINK TANK/SymbiosoAi-v4-12326/node_modules/.lodash.isplainobject-b1rldRIi',
742 silly reify   '/Users/personal/Desktop/SymbiosoAI THINK TANK/SymbiosoAi-v4-12326/node_modules/lodash.memoize': '/Users/personal/Desktop/SymbiosoAI THINK TANK/SymbiosoAi-v4-12326/node_modules/.lodash.memoize-sSuVWNyy',
742 silly reify   '/Users/personal/Desktop/SymbiosoAI THINK TANK/SymbiosoAi-v4-12326/node_modules/lodash.merge': '/Users/personal/Desktop/SymbiosoAI THINK TANK/SymbiosoAi-v4-12326/node_modules/.lodash.merge-pTwtDOOx',
742 silly reify   '/Users/personal/Desktop/SymbiosoAI THINK TANK/SymbiosoAi-v4-12326/node_modules/long': '/Users/personal/Desktop/SymbiosoAI THINK TANK/SymbiosoAi-v4-12326/node_modules/.long-lZ2l2N6O',
742 silly reify   '/Users/personal/Desktop/SymbiosoAI THINK TANK/SymbiosoAi-v4-12326/node_modules/lru-queue': '/Users/personal/Desktop/SymbiosoAI THINK TANK/SymbiosoAi-v4-12326/node_modules/.lru-queue-9Yo235wX',
742 silly reify   '/Users/personal/Desktop/SymbiosoAI THINK TANK/SymbiosoAi-v4-12326/node_modules/luxon': '/Users/personal/Desktop/SymbiosoAI THINK TANK/SymbiosoAi-v4-12326/node_modules/.luxon-zwG3yIid',
742 silly reify   '/Users/personal/Desktop/SymbiosoAI THINK TANK/SymbiosoAi-v4-12326/node_modules/magic-string': '/Users/personal/Desktop/SymbiosoAI THINK TANK/SymbiosoAi-v4-12326/node_modules/.magic-string-0t9BRCwP',
742 silly reify   '/Users/personal/Desktop/SymbiosoAI THINK TANK/SymbiosoAi-v4-12326/node_modules/make-dir': '/Users/personal/Desktop/SymbiosoAI THINK TANK/SymbiosoAi-v4-12326/node_modules/.make-dir-eUZQxWkH',
742 silly reify   '/Users/personal/Desktop/SymbiosoAI THINK TANK/SymbiosoAi-v4-12326/node_modules/make-error': '/Users/personal/Desktop/SymbiosoAI THINK TANK/SymbiosoAi-v4-12326/node_modules/.make-error-K0K0LM57',
742 silly reify   '/Users/personal/Desktop/SymbiosoAI THINK TANK/SymbiosoAi-v4-12326/node_modules/makeerror': '/Users/personal/Desktop/SymbiosoAI THINK TANK/SymbiosoAi-v4-12326/node_modules/.makeerror-kuihZJcx',
742 silly reify   '/Users/personal/Desktop/SymbiosoAI THINK TANK/SymbiosoAi-v4-12326/node_modules/memoizee': '/Users/personal/Desktop/SymbiosoAI THINK TANK/SymbiosoAi-v4-12326/node_modules/.memoizee-8JLWz5JX',
742 silly reify   '/Users/personal/Desktop/SymbiosoAI THINK TANK/SymbiosoAi-v4-12326/node_modules/merge-stream': '/Users/personal/Desktop/SymbiosoAI THINK TANK/SymbiosoAi-v4-12326/node_modules/.merge-stream-api5H1Dq',
742 silly reify   '/Users/personal/Desktop/SymbiosoAI THINK TANK/SymbiosoAi-v4-12326/node_modules/mime-format': '/Users/personal/Desktop/SymbiosoAI THINK TANK/SymbiosoAi-v4-12326/node_modules/.mime-format-fojRVdJL',
742 silly reify   '/Users/personal/Desktop/SymbiosoAI THINK TANK/SymbiosoAi-v4-12326/node_modules/mimic-fn': '/Users/personal/Desktop/SymbiosoAI THINK TANK/SymbiosoAi-v4-12326/node_modules/.mimic-fn-USIb3f6x',
742 silly reify   '/Users/personal/Desktop/SymbiosoAI THINK TANK/SymbiosoAi-v4-12326/node_modules/minimalistic-assert': '/Users/personal/Desktop/SymbiosoAI THINK TANK/SymbiosoAi-v4-12326/node_modules/.minimalistic-assert-cxCccHGb',
742 silly reify   '/Users/personal/Desktop/SymbiosoAI THINK TANK/SymbiosoAi-v4-12326/node_modules/minimatch': '/Users/personal/Desktop/SymbiosoAI THINK TANK/SymbiosoAi-v4-12326/node_modules/.minimatch-MEizLIbK',
742 silly reify   '/Users/personal/Desktop/SymbiosoAI THINK TANK/SymbiosoAi-v4-12326/node_modules/minipass': '/Users/personal/Desktop/SymbiosoAI THINK TANK/SymbiosoAi-v4-12326/node_modules/.minipass-HuscttNI',
742 silly reify   '/Users/personal/Desktop/SymbiosoAI THINK TANK/SymbiosoAi-v4-12326/node_modules/mkdirp': '/Users/personal/Desktop/SymbiosoAI THINK TANK/SymbiosoAi-v4-12326/node_modules/.mkdirp-hto72ohX',
742 silly reify   '/Users/personal/Desktop/SymbiosoAI THINK TANK/SymbiosoAi-v4-12326/node_modules/modern-screenshot': '/Users/personal/Desktop/SymbiosoAI THINK TANK/SymbiosoAi-v4-12326/node_modules/.modern-screenshot-O6YP7lqN',
742 silly reify   '/Users/personal/Desktop/SymbiosoAI THINK TANK/SymbiosoAi-v4-12326/node_modules/module-details-from-path': '/Users/personal/Desktop/SymbiosoAI THINK TANK/SymbiosoAi-v4-12326/node_modules/.module-details-from-path-wiDw5Rw3',
742 silly reify   '/Users/personal/Desktop/SymbiosoAI THINK TANK/SymbiosoAi-v4-12326/node_modules/moment': '/Users/personal/Desktop/SymbiosoAI THINK TANK/SymbiosoAi-v4-12326/node_modules/.moment-pGTZH1bf',
742 silly reify   '/Users/personal/Desktop/SymbiosoAI THINK TANK/SymbiosoAi-v4-12326/node_modules/moment-timezone': '/Users/personal/Desktop/SymbiosoAI THINK TANK/SymbiosoAi-v4-12326/node_modules/.moment-timezone-rTtyd1M1',
742 silly reify   '/Users/personal/Desktop/SymbiosoAI THINK TANK/SymbiosoAi-v4-12326/node_modules/motion-dom': '/Users/personal/Desktop/SymbiosoAI THINK TANK/SymbiosoAi-v4-12326/node_modules/.motion-dom-g4iNDYpj',
742 silly reify   '/Users/personal/Desktop/SymbiosoAI THINK TANK/SymbiosoAi-v4-12326/node_modules/motion-utils': '/Users/personal/Desktop/SymbiosoAI THINK TANK/SymbiosoAi-v4-12326/node_modules/.motion-utils-8QImH9Pt',
742 silly reify   '/Users/personal/Desktop/SymbiosoAI THINK TANK/SymbiosoAi-v4-12326/node_modules/msgpackr': '/Users/personal/Desktop/SymbiosoAI THINK TANK/SymbiosoAi-v4-12326/node_modules/.msgpackr-Q8SLYxwM',
742 silly reify   '/Users/personal/Desktop/SymbiosoAI THINK TANK/SymbiosoAi-v4-12326/node_modules/msgpackr-extract': '/Users/personal/Desktop/SymbiosoAI THINK TANK/SymbiosoAi-v4-12326/node_modules/.msgpackr-extract-pDWalS99',
742 silly reify   '/Users/personal/Desktop/SymbiosoAI THINK TANK/SymbiosoAi-v4-12326/node_modules/nanoid': '/Users/personal/Desktop/SymbiosoAI THINK TANK/SymbiosoAi-v4-12326/node_modules/.nanoid-n9JWlk7A',
742 silly reify   '/Users/personal/Desktop/SymbiosoAI THINK TANK/SymbiosoAi-v4-12326/node_modules/napi-postinstall': '/Users/personal/Desktop/SymbiosoAI THINK TANK/SymbiosoAi-v4-12326/node_modules/.napi-postinstall-VJq2QjPg',
742 silly reify   '/Users/personal/Desktop/SymbiosoAI THINK TANK/SymbiosoAi-v4-12326/node_modules/natural-compare': '/Users/personal/Desktop/SymbiosoAI THINK TANK/SymbiosoAi-v4-12326/node_modules/.natural-compare-pEsZLxFa',
742 silly reify   '/Users/personal/Desktop/SymbiosoAI THINK TANK/SymbiosoAi-v4-12326/node_modules/neo-async': '/Users/personal/Desktop/SymbiosoAI THINK TANK/SymbiosoAi-v4-12326/node_modules/.neo-async-fXBvzsq7',
742 silly reify   '/Users/personal/Desktop/SymbiosoAI THINK TANK/SymbiosoAi-v4-12326/node_modules/newman': '/Users/personal/Desktop/SymbiosoAI THINK TANK/SymbiosoAi-v4-12326/node_modules/.newman-buOsBTUS',
742 silly reify   '/Users/personal/Desktop/SymbiosoAI THINK TANK/SymbiosoAi-v4-12326/node_modules/newman-reporter-htmlextra': '/Users/personal/Desktop/SymbiosoAI THINK TANK/SymbiosoAi-v4-12326/node_modules/.newman-reporter-htmlextra-neDvRl5S',
742 silly reify   '/Users/personal/Desktop/SymbiosoAI THINK TANK/SymbiosoAi-v4-12326/node_modules/next-tick': '/Users/personal/Desktop/SymbiosoAI THINK TANK/SymbiosoAi-v4-12326/node_modules/.next-tick-pUL4xwBe',
742 silly reify   '/Users/personal/Desktop/SymbiosoAI THINK TANK/SymbiosoAi-v4-12326/node_modules/node-abort-controller': '/Users/personal/Desktop/SymbiosoAI THINK TANK/SymbiosoAi-v4-12326/node_modules/.node-abort-controller-cLthwNqs',
742 silly reify   '/Users/personal/Desktop/SymbiosoAI THINK TANK/SymbiosoAi-v4-12326/node_modules/node-domexception': '/Users/personal/Desktop/SymbiosoAI THINK TANK/SymbiosoAi-v4-12326/node_modules/.node-domexception-4TZRsnx4',
742 silly reify   '/Users/personal/Desktop/SymbiosoAI THINK TANK/SymbiosoAi-v4-12326/node_modules/node-fetch': '/Users/personal/Desktop/SymbiosoAI THINK TANK/SymbiosoAi-v4-12326/node_modules/.node-fetch-XQvBTN7y',
742 silly reify   '/Users/personal/Desktop/SymbiosoAI THINK TANK/SymbiosoAi-v4-12326/node_modules/node-forge': '/Users/personal/Desktop/SymbiosoAI THINK TANK/SymbiosoAi-v4-12326/node_modules/.node-forge-O9LVRY4x',
742 silly reify   '/Users/personal/Desktop/SymbiosoAI THINK TANK/SymbiosoAi-v4-12326/node_modules/node-gyp-build': '/Users/personal/Desktop/SymbiosoAI THINK TANK/SymbiosoAi-v4-12326/node_modules/.node-gyp-build-4YQzyQlN',
742 silly reify   '/Users/personal/Desktop/SymbiosoAI THINK TANK/SymbiosoAi-v4-12326/node_modules/node-gyp-build-optional-packages': '/Users/personal/Desktop/SymbiosoAI THINK TANK/SymbiosoAi-v4-12326/node_modules/.node-gyp-build-optional-packages-IFqB7inZ',
742 silly reify   '/Users/personal/Desktop/SymbiosoAI THINK TANK/SymbiosoAi-v4-12326/node_modules/node-int64': '/Users/personal/Desktop/SymbiosoAI THINK TANK/SymbiosoAi-v4-12326/node_modules/.node-int64-M7jfxyKw',
742 silly reify   '/Users/personal/Desktop/SymbiosoAI THINK TANK/SymbiosoAi-v4-12326/node_modules/node-oauth1': '/Users/personal/Desktop/SymbiosoAI THINK TANK/SymbiosoAi-v4-12326/node_modules/.node-oauth1-cklSpXlJ',
742 silly reify   '/Users/personal/Desktop/SymbiosoAI THINK TANK/SymbiosoAi-v4-12326/node_modules/node-releases': '/Users/personal/Desktop/SymbiosoAI THINK TANK/SymbiosoAi-v4-12326/node_modules/.node-releases-DntvGGcr',
742 silly reify   '/Users/personal/Desktop/SymbiosoAI THINK TANK/SymbiosoAi-v4-12326/node_modules/normalize-range': '/Users/personal/Desktop/SymbiosoAI THINK TANK/SymbiosoAi-v4-12326/node_modules/.normalize-range-jUoy71UN',
742 silly reify   '/Users/personal/Desktop/SymbiosoAI THINK TANK/SymbiosoAi-v4-12326/node_modules/npm-run-path': '/Users/personal/Desktop/SymbiosoAI THINK TANK/SymbiosoAi-v4-12326/node_modules/.npm-run-path-xG7PoLTP',
742 silly reify   '/Users/personal/Desktop/SymbiosoAI THINK TANK/SymbiosoAi-v4-12326/node_modules/oauth-sign': '/Users/personal/Desktop/SymbiosoAI THINK TANK/SymbiosoAi-v4-12326/node_modules/.oauth-sign-9Wxt9uYL',
742 silly reify   '/Users/personal/Desktop/SymbiosoAI THINK TANK/SymbiosoAi-v4-12326/node_modules/oauth4webapi': '/Users/personal/Desktop/SymbiosoAI THINK TANK/SymbiosoAi-v4-12326/node_modules/.oauth4webapi-7QbaWMP0',
742 silly reify   '/Users/personal/Desktop/SymbiosoAI THINK TANK/SymbiosoAi-v4-12326/node_modules/object-inspect': '/Users/personal/Desktop/SymbiosoAI THINK TANK/SymbiosoAi-v4-12326/node_modules/.object-inspect-txSVZ3o9',
742 silly reify   '/Users/personal/Desktop/SymbiosoAI THINK TANK/SymbiosoAi-v4-12326/node_modules/once': '/Users/personal/Desktop/SymbiosoAI THINK TANK/SymbiosoAi-v4-12326/node_modules/.once-7Ta7nAWo',
742 silly reify   '/Users/personal/Desktop/SymbiosoAI THINK TANK/SymbiosoAi-v4-12326/node_modules/onetime': '/Users/personal/Desktop/SymbiosoAI THINK TANK/SymbiosoAi-v4-12326/node_modules/.onetime-EZlmPsZf',
742 silly reify   '/Users/personal/Desktop/SymbiosoAI THINK TANK/SymbiosoAi-v4-12326/node_modules/openai': '/Users/personal/Desktop/SymbiosoAI THINK TANK/SymbiosoAi-v4-12326/node_modules/.openai-RnKKn6MX',
742 silly reify   '/Users/personal/Desktop/SymbiosoAI THINK TANK/SymbiosoAi-v4-12326/node_modules/openid-client': '/Users/personal/Desktop/SymbiosoAI THINK TANK/SymbiosoAi-v4-12326/node_modules/.openid-client-VQVb7nPB',
742 silly reify   '/Users/personal/Desktop/SymbiosoAI THINK TANK/SymbiosoAi-v4-12326/node_modules/p-limit': '/Users/personal/Desktop/SymbiosoAI THINK TANK/SymbiosoAi-v4-12326/node_modules/.p-limit-YYrlDDKT',
742 silly reify   '/Users/personal/Desktop/SymbiosoAI THINK TANK/SymbiosoAi-v4-12326/node_modules/p-locate': '/Users/personal/Desktop/SymbiosoAI THINK TANK/SymbiosoAi-v4-12326/node_modules/.p-locate-Z8UTvk6A',
742 silly reify   '/Users/personal/Desktop/SymbiosoAI THINK TANK/SymbiosoAi-v4-12326/node_modules/p-try': '/Users/personal/Desktop/SymbiosoAI THINK TANK/SymbiosoAi-v4-12326/node_modules/.p-try-SDUvzhOe',
742 silly reify   '/Users/personal/Desktop/SymbiosoAI THINK TANK/SymbiosoAi-v4-12326/node_modules/package-json-from-dist': '/Users/personal/Desktop/SymbiosoAI THINK TANK/SymbiosoAi-v4-12326/node_modules/.package-json-from-dist-Lul05tJw',
742 silly reify   '/Users/personal/Desktop/SymbiosoAI THINK TANK/SymbiosoAi-v4-12326/node_modules/pako': '/Users/personal/Desktop/SymbiosoAI THINK TANK/SymbiosoAi-v4-12326/node_modules/.pako-fhcnM07d',
742 silly reify   '/Users/personal/Desktop/SymbiosoAI THINK TANK/SymbiosoAi-v4-12326/node_modules/parse-json': '/Users/personal/Desktop/SymbiosoAI THINK TANK/SymbiosoAi-v4-12326/node_modules/.parse-json-LX4oDfd2',
742 silly reify   '/Users/personal/Desktop/SymbiosoAI THINK TANK/SymbiosoAi-v4-12326/node_modules/parse-ms': '/Users/personal/Desktop/SymbiosoAI THINK TANK/SymbiosoAi-v4-12326/node_modules/.parse-ms-v7STCn9q',
742 silly reify   '/Users/personal/Desktop/SymbiosoAI THINK TANK/SymbiosoAi-v4-12326/node_modules/path-exists': '/Users/personal/Desktop/SymbiosoAI THINK TANK/SymbiosoAi-v4-12326/node_modules/.path-exists-EwdfHcbd',
742 silly reify   '/Users/personal/Desktop/SymbiosoAI THINK TANK/SymbiosoAi-v4-12326/node_modules/path-is-absolute': '/Users/personal/Desktop/SymbiosoAI THINK TANK/SymbiosoAi-v4-12326/node_modules/.path-is-absolute-vIi689ll',
742 silly reify   '/Users/personal/Desktop/SymbiosoAI THINK TANK/SymbiosoAi-v4-12326/node_modules/path-key': '/Users/personal/Desktop/SymbiosoAI THINK TANK/SymbiosoAi-v4-12326/node_modules/.path-key-4G5BQ4wS',
742 silly reify   '/Users/personal/Desktop/SymbiosoAI THINK TANK/SymbiosoAi-v4-12326/node_modules/path-scurry': '/Users/personal/Desktop/SymbiosoAI THINK TANK/SymbiosoAi-v4-12326/node_modules/.path-scurry-ZlQNChzD',
742 silly reify   '/Users/personal/Desktop/SymbiosoAI THINK TANK/SymbiosoAi-v4-12326/node_modules/performance-now': '/Users/personal/Desktop/SymbiosoAI THINK TANK/SymbiosoAi-v4-12326/node_modules/.performance-now-uGNvPa0U',
742 silly reify   '/Users/personal/Desktop/SymbiosoAI THINK TANK/SymbiosoAi-v4-12326/node_modules/pg': '/Users/personal/Desktop/SymbiosoAI THINK TANK/SymbiosoAi-v4-12326/node_modules/.pg-tmEMxXDq',
742 silly reify   '/Users/personal/Desktop/SymbiosoAI THINK TANK/SymbiosoAi-v4-12326/node_modules/pg-cloudflare': '/Users/personal/Desktop/SymbiosoAI THINK TANK/SymbiosoAi-v4-12326/node_modules/.pg-cloudflare-WQnvwReX',
742 silly reify   '/Users/personal/Desktop/SymbiosoAI THINK TANK/SymbiosoAi-v4-12326/node_modules/pg-connection-string': '/Users/personal/Desktop/SymbiosoAI THINK TANK/SymbiosoAi-v4-12326/node_modules/.pg-connection-string-ZRTA7tVX',
742 silly reify   '/Users/personal/Desktop/SymbiosoAI THINK TANK/SymbiosoAi-v4-12326/node_modules/pg-pool': '/Users/personal/Desktop/SymbiosoAI THINK TANK/SymbiosoAi-v4-12326/node_modules/.pg-pool-rj8RQJEw',
742 silly reify   '/Users/personal/Desktop/SymbiosoAI THINK TANK/SymbiosoAi-v4-12326/node_modules/pg-protocol': '/Users/personal/Desktop/SymbiosoAI THINK TANK/SymbiosoAi-v4-12326/node_modules/.pg-protocol-ijfgdvmT',
742 silly reify   '/Users/personal/Desktop/SymbiosoAI THINK TANK/SymbiosoAi-v4-12326/node_modules/pg-types': '/Users/personal/Desktop/SymbiosoAI THINK TANK/SymbiosoAi-v4-12326/node_modules/.pg-types-zQJvRGbH',
742 silly reify   '/Users/personal/Desktop/SymbiosoAI THINK TANK/SymbiosoAi-v4-12326/node_modules/playwright-core': '/Users/personal/Desktop/SymbiosoAI THINK TANK/SymbiosoAi-v4-12326/node_modules/.playwright-core-7rLoM1ig',
742 silly reify   '/Users/personal/Desktop/SymbiosoAI THINK TANK/SymbiosoAi-v4-12326/node_modules/pkg-dir': '/Users/personal/Desktop/SymbiosoAI THINK TANK/SymbiosoAi-v4-12326/node_modules/.pkg-dir-YzOrIqTW',
742 silly reify   '/Users/personal/Desktop/SymbiosoAI THINK TANK/SymbiosoAi-v4-12326/node_modules/playwright': '/Users/personal/Desktop/SymbiosoAI THINK TANK/SymbiosoAi-v4-12326/node_modules/.playwright-rBFxkUri',
742 silly reify   '/Users/personal/Desktop/SymbiosoAI THINK TANK/SymbiosoAi-v4-12326/node_modules/postcss': '/Users/personal/Desktop/SymbiosoAI THINK TANK/SymbiosoAi-v4-12326/node_modules/.postcss-b97B1lLt',
742 silly reify   '/Users/personal/Desktop/SymbiosoAI THINK TANK/SymbiosoAi-v4-12326/node_modules/postcss-js': '/Users/personal/Desktop/SymbiosoAI THINK TANK/SymbiosoAi-v4-12326/node_modules/.postcss-js-5VTeJjfL',
742 silly reify   '/Users/personal/Desktop/SymbiosoAI THINK TANK/SymbiosoAi-v4-12326/node_modules/postcss-load-config': '/Users/personal/Desktop/SymbiosoAI THINK TANK/SymbiosoAi-v4-12326/node_modules/.postcss-load-config-lEzhldxq',
742 silly reify   '/Users/personal/Desktop/SymbiosoAI THINK TANK/SymbiosoAi-v4-12326/node_modules/postgres-array': '/Users/personal/Desktop/SymbiosoAI THINK TANK/SymbiosoAi-v4-12326/node_modules/.postgres-array-Bzgb6oid',
742 silly reify   '/Users/personal/Desktop/SymbiosoAI THINK TANK/SymbiosoAi-v4-12326/node_modules/postman-collection': '/Users/personal/Desktop/SymbiosoAI THINK TANK/SymbiosoAi-v4-12326/node_modules/.postman-collection-s2QQEOGc',
742 silly reify   '/Users/personal/Desktop/SymbiosoAI THINK TANK/SymbiosoAi-v4-12326/node_modules/postman-collection-transformer': '/Users/personal/Desktop/SymbiosoAI THINK TANK/SymbiosoAi-v4-12326/node_modules/.postman-collection-transformer-5umr5q4i',
742 silly reify   '/Users/personal/Desktop/SymbiosoAI THINK TANK/SymbiosoAi-v4-12326/node_modules/postman-request': '/Users/personal/Desktop/SymbiosoAI THINK TANK/SymbiosoAi-v4-12326/node_modules/.postman-request-R7BcdVfy',
742 silly reify   '/Users/personal/Desktop/SymbiosoAI THINK TANK/SymbiosoAi-v4-12326/node_modules/postman-runtime': '/Users/personal/Desktop/SymbiosoAI THINK TANK/SymbiosoAi-v4-12326/node_modules/.postman-runtime-Cckjne92',
742 silly reify   '/Users/personal/Desktop/SymbiosoAI THINK TANK/SymbiosoAi-v4-12326/node_modules/postman-sandbox': '/Users/personal/Desktop/SymbiosoAI THINK TANK/SymbiosoAi-v4-12326/node_modules/.postman-sandbox-0Egi9rh5',
742 silly reify   '/Users/personal/Desktop/SymbiosoAI THINK TANK/SymbiosoAi-v4-12326/node_modules/postman-url-encoder': '/Users/personal/Desktop/SymbiosoAI THINK TANK/SymbiosoAi-v4-12326/node_modules/.postman-url-encoder-Bvq3NKe6',
742 silly reify   '/Users/personal/Desktop/SymbiosoAI THINK TANK/SymbiosoAi-v4-12326/node_modules/pretty-format': '/Users/personal/Desktop/SymbiosoAI THINK TANK/SymbiosoAi-v4-12326/node_modules/.pretty-format-HzyRkman',
742 silly reify   '/Users/personal/Desktop/SymbiosoAI THINK TANK/SymbiosoAi-v4-12326/node_modules/pretty-ms': '/Users/personal/Desktop/SymbiosoAI THINK TANK/SymbiosoAi-v4-12326/node_modules/.pretty-ms-y86Gp5LN',
742 silly reify   '/Users/personal/Desktop/SymbiosoAI THINK TANK/SymbiosoAi-v4-12326/node_modules/process-nextick-args': '/Users/personal/Desktop/SymbiosoAI THINK TANK/SymbiosoAi-v4-12326/node_modules/.process-nextick-args-3xQsWAoM',
742 silly reify   '/Users/personal/Desktop/SymbiosoAI THINK TANK/SymbiosoAi-v4-12326/node_modules/protobufjs': '/Users/personal/Desktop/SymbiosoAI THINK TANK/SymbiosoAi-v4-12326/node_modules/.protobufjs-SpxLwJCu',
742 silly reify   '/Users/personal/Desktop/SymbiosoAI THINK TANK/SymbiosoAi-v4-12326/node_modules/psl': '/Users/personal/Desktop/SymbiosoAI THINK TANK/SymbiosoAi-v4-12326/node_modules/.psl-xgkj0Td0',
742 silly reify   '/Users/personal/Desktop/SymbiosoAI THINK TANK/SymbiosoAi-v4-12326/node_modules/punycode': '/Users/personal/Desktop/SymbiosoAI THINK TANK/SymbiosoAi-v4-12326/node_modules/.punycode-mGHDWUHK',
742 silly reify   '/Users/personal/Desktop/SymbiosoAI THINK TANK/SymbiosoAi-v4-12326/node_modules/pure-rand': '/Users/personal/Desktop/SymbiosoAI THINK TANK/SymbiosoAi-v4-12326/node_modules/.pure-rand-Qe4UFYFd',
742 silly reify   '/Users/personal/Desktop/SymbiosoAI THINK TANK/SymbiosoAi-v4-12326/node_modules/qs': '/Users/personal/Desktop/SymbiosoAI THINK TANK/SymbiosoAi-v4-12326/node_modules/.qs-eGIZQyGR',
742 silly reify   '/Users/personal/Desktop/SymbiosoAI THINK TANK/SymbiosoAi-v4-12326/node_modules/querystringify': '/Users/personal/Desktop/SymbiosoAI THINK TANK/SymbiosoAi-v4-12326/node_modules/.querystringify-IN9ulwMM',
742 silly reify   '/Users/personal/Desktop/SymbiosoAI THINK TANK/SymbiosoAi-v4-12326/node_modules/raf': '/Users/personal/Desktop/SymbiosoAI THINK TANK/SymbiosoAi-v4-12326/node_modules/.raf-8o9oT0kA',
742 silly reify   '/Users/personal/Desktop/SymbiosoAI THINK TANK/SymbiosoAi-v4-12326/node_modules/raw-body': '/Users/personal/Desktop/SymbiosoAI THINK TANK/SymbiosoAi-v4-12326/node_modules/.raw-body-I9M6ocJK',
742 silly reify   '/Users/personal/Desktop/SymbiosoAI THINK TANK/SymbiosoAi-v4-12326/node_modules/react-hook-form': '/Users/personal/Desktop/SymbiosoAI THINK TANK/SymbiosoAi-v4-12326/node_modules/.react-hook-form-CGYE3zi8',
742 silly reify   '/Users/personal/Desktop/SymbiosoAI THINK TANK/SymbiosoAi-v4-12326/node_modules/react-icons': '/Users/personal/Desktop/SymbiosoAI THINK TANK/SymbiosoAi-v4-12326/node_modules/.react-icons-1rKfj9XJ',
742 silly reify   '/Users/personal/Desktop/SymbiosoAI THINK TANK/SymbiosoAi-v4-12326/node_modules/react-refresh': '/Users/personal/Desktop/SymbiosoAI THINK TANK/SymbiosoAi-v4-12326/node_modules/.react-refresh-Xmvs8Wtt',
742 silly reify   '/Users/personal/Desktop/SymbiosoAI THINK TANK/SymbiosoAi-v4-12326/node_modules/react-remove-scroll': '/Users/personal/Desktop/SymbiosoAI THINK TANK/SymbiosoAi-v4-12326/node_modules/.react-remove-scroll-V0JQQf06',
742 silly reify   '/Users/personal/Desktop/SymbiosoAI THINK TANK/SymbiosoAi-v4-12326/node_modules/react-resizable-panels': '/Users/personal/Desktop/SymbiosoAI THINK TANK/SymbiosoAi-v4-12326/node_modules/.react-resizable-panels-hFlqPaIM',
742 silly reify   '/Users/personal/Desktop/SymbiosoAI THINK TANK/SymbiosoAi-v4-12326/node_modules/readable-stream': '/Users/personal/Desktop/SymbiosoAI THINK TANK/SymbiosoAi-v4-12326/node_modules/.readable-stream-KYy6o6Hv',
742 silly reify   '/Users/personal/Desktop/SymbiosoAI THINK TANK/SymbiosoAi-v4-12326/node_modules/recharts': '/Users/personal/Desktop/SymbiosoAI THINK TANK/SymbiosoAi-v4-12326/node_modules/.recharts-HBXHPVz9',
742 silly reify   '/Users/personal/Desktop/SymbiosoAI THINK TANK/SymbiosoAi-v4-12326/node_modules/redis-parser': '/Users/personal/Desktop/SymbiosoAI THINK TANK/SymbiosoAi-v4-12326/node_modules/.redis-parser-wCL5LEue',
742 silly reify   '/Users/personal/Desktop/SymbiosoAI THINK TANK/SymbiosoAi-v4-12326/node_modules/redis-errors': '/Users/personal/Desktop/SymbiosoAI THINK TANK/SymbiosoAi-v4-12326/node_modules/.redis-errors-2PH85AN8',
742 silly reify   '/Users/personal/Desktop/SymbiosoAI THINK TANK/SymbiosoAi-v4-12326/node_modules/regenerator-runtime': '/Users/personal/Desktop/SymbiosoAI THINK TANK/SymbiosoAi-v4-12326/node_modules/.regenerator-runtime-cCFUWtmz',
742 silly reify   '/Users/personal/Desktop/SymbiosoAI THINK TANK/SymbiosoAi-v4-12326/node_modules/relative': '/Users/personal/Desktop/SymbiosoAI THINK TANK/SymbiosoAi-v4-12326/node_modules/.relative-lMWNJ9qF',
742 silly reify   '/Users/personal/Desktop/SymbiosoAI THINK TANK/SymbiosoAi-v4-12326/node_modules/require-directory': '/Users/personal/Desktop/SymbiosoAI THINK TANK/SymbiosoAi-v4-12326/node_modules/.require-directory-cwXRqVp8',
742 silly reify   '/Users/personal/Desktop/SymbiosoAI THINK TANK/SymbiosoAi-v4-12326/node_modules/require-in-the-middle': '/Users/personal/Desktop/SymbiosoAI THINK TANK/SymbiosoAi-v4-12326/node_modules/.require-in-the-middle-DC9vl1mt',
742 silly reify   '/Users/personal/Desktop/SymbiosoAI THINK TANK/SymbiosoAi-v4-12326/node_modules/requires-port': '/Users/personal/Desktop/SymbiosoAI THINK TANK/SymbiosoAi-v4-12326/node_modules/.requires-port-PGyxvzhd',
742 silly reify   '/Users/personal/Desktop/SymbiosoAI THINK TANK/SymbiosoAi-v4-12326/node_modules/resolve': '/Users/personal/Desktop/SymbiosoAI THINK TANK/SymbiosoAi-v4-12326/node_modules/.resolve-tOVexpdC',
742 silly reify   '/Users/personal/Desktop/SymbiosoAI THINK TANK/SymbiosoAi-v4-12326/node_modules/resolve-cwd': '/Users/personal/Desktop/SymbiosoAI THINK TANK/SymbiosoAi-v4-12326/node_modules/.resolve-cwd-C3vhj5zD',
742 silly reify   '/Users/personal/Desktop/SymbiosoAI THINK TANK/SymbiosoAi-v4-12326/node_modules/resolve-from': '/Users/personal/Desktop/SymbiosoAI THINK TANK/SymbiosoAi-v4-12326/node_modules/.resolve-from-HPBVGHyF',
742 silly reify   '/Users/personal/Desktop/SymbiosoAI THINK TANK/SymbiosoAi-v4-12326/node_modules/retry': '/Users/personal/Desktop/SymbiosoAI THINK TANK/SymbiosoAi-v4-12326/node_modules/.retry-13hOhaa5',
742 silly reify   '/Users/personal/Desktop/SymbiosoAI THINK TANK/SymbiosoAi-v4-12326/node_modules/retry-request': '/Users/personal/Desktop/SymbiosoAI THINK TANK/SymbiosoAi-v4-12326/node_modules/.retry-request-FVD3N8nh',
742 silly reify   '/Users/personal/Desktop/SymbiosoAI THINK TANK/SymbiosoAi-v4-12326/node_modules/reusify': '/Users/personal/Desktop/SymbiosoAI THINK TANK/SymbiosoAi-v4-12326/node_modules/.reusify-KlrRc8lM',
742 silly reify   '/Users/personal/Desktop/SymbiosoAI THINK TANK/SymbiosoAi-v4-12326/node_modules/rgbcolor': '/Users/personal/Desktop/SymbiosoAI THINK TANK/SymbiosoAi-v4-12326/node_modules/.rgbcolor-S88WWzgm',
742 silly reify   '/Users/personal/Desktop/SymbiosoAI THINK TANK/SymbiosoAi-v4-12326/node_modules/rollup': '/Users/personal/Desktop/SymbiosoAI THINK TANK/SymbiosoAi-v4-12326/node_modules/.rollup-neol5oji',
742 silly reify   '/Users/personal/Desktop/SymbiosoAI THINK TANK/SymbiosoAi-v4-12326/node_modules/sax': '/Users/personal/Desktop/SymbiosoAI THINK TANK/SymbiosoAi-v4-12326/node_modules/.sax-HxV1XIHg',
742 silly reify   '/Users/personal/Desktop/SymbiosoAI THINK TANK/SymbiosoAi-v4-12326/node_modules/self-closing-tags': '/Users/personal/Desktop/SymbiosoAI THINK TANK/SymbiosoAi-v4-12326/node_modules/.self-closing-tags-lE9m8jPu',
742 silly reify   '/Users/personal/Desktop/SymbiosoAI THINK TANK/SymbiosoAi-v4-12326/node_modules/send': '/Users/personal/Desktop/SymbiosoAI THINK TANK/SymbiosoAi-v4-12326/node_modules/.send-zargLGYn',
742 silly reify   '/Users/personal/Desktop/SymbiosoAI THINK TANK/SymbiosoAi-v4-12326/node_modules/serialised-error': '/Users/personal/Desktop/SymbiosoAI THINK TANK/SymbiosoAi-v4-12326/node_modules/.serialised-error-kQ7ZKH3u',
742 silly reify   '/Users/personal/Desktop/SymbiosoAI THINK TANK/SymbiosoAi-v4-12326/node_modules/serve-static': '/Users/personal/Desktop/SymbiosoAI THINK TANK/SymbiosoAi-v4-12326/node_modules/.serve-static-5wtBMUIf',
742 silly reify   '/Users/personal/Desktop/SymbiosoAI THINK TANK/SymbiosoAi-v4-12326/node_modules/set-function-length': '/Users/personal/Desktop/SymbiosoAI THINK TANK/SymbiosoAi-v4-12326/node_modules/.set-function-length-34xSAyTl',
742 silly reify   '/Users/personal/Desktop/SymbiosoAI THINK TANK/SymbiosoAi-v4-12326/node_modules/setimmediate': '/Users/personal/Desktop/SymbiosoAI THINK TANK/SymbiosoAi-v4-12326/node_modules/.setimmediate-cGxm0ZzT',
742 silly reify   '/Users/personal/Desktop/SymbiosoAI THINK TANK/SymbiosoAi-v4-12326/node_modules/shebang-command': '/Users/personal/Desktop/SymbiosoAI THINK TANK/SymbiosoAi-v4-12326/node_modules/.shebang-command-bzagPTAz',
742 silly reify   '/Users/personal/Desktop/SymbiosoAI THINK TANK/SymbiosoAi-v4-12326/node_modules/shebang-regex': '/Users/personal/Desktop/SymbiosoAI THINK TANK/SymbiosoAi-v4-12326/node_modules/.shebang-regex-fMBPRCxr',
742 silly reify   '/Users/personal/Desktop/SymbiosoAI THINK TANK/SymbiosoAi-v4-12326/node_modules/side-channel': '/Users/personal/Desktop/SymbiosoAI THINK TANK/SymbiosoAi-v4-12326/node_modules/.side-channel-emKNXYZB',
742 silly reify   '/Users/personal/Desktop/SymbiosoAI THINK TANK/SymbiosoAi-v4-12326/node_modules/signal-exit': '/Users/personal/Desktop/SymbiosoAI THINK TANK/SymbiosoAi-v4-12326/node_modules/.signal-exit-JUs047FU',
742 silly reify   '/Users/personal/Desktop/SymbiosoAI THINK TANK/SymbiosoAi-v4-12326/node_modules/slash': '/Users/personal/Desktop/SymbiosoAI THINK TANK/SymbiosoAi-v4-12326/node_modules/.slash-6TLwFBVk',
742 silly reify   '/Users/personal/Desktop/SymbiosoAI THINK TANK/SymbiosoAi-v4-12326/node_modules/sprintf-js': '/Users/personal/Desktop/SymbiosoAI THINK TANK/SymbiosoAi-v4-12326/node_modules/.sprintf-js-W1vWh51n',
742 silly reify   '/Users/personal/Desktop/SymbiosoAI THINK TANK/SymbiosoAi-v4-12326/node_modules/sshpk': '/Users/personal/Desktop/SymbiosoAI THINK TANK/SymbiosoAi-v4-12326/node_modules/.sshpk-LjbunKrP',
742 silly reify   '/Users/personal/Desktop/SymbiosoAI THINK TANK/SymbiosoAi-v4-12326/node_modules/stack-trace': '/Users/personal/Desktop/SymbiosoAI THINK TANK/SymbiosoAi-v4-12326/node_modules/.stack-trace-2RaU3X2Y',
742 silly reify   '/Users/personal/Desktop/SymbiosoAI THINK TANK/SymbiosoAi-v4-12326/node_modules/stack-utils': '/Users/personal/Desktop/SymbiosoAI THINK TANK/SymbiosoAi-v4-12326/node_modules/.stack-utils-BXMvevPk',
742 silly reify   '/Users/personal/Desktop/SymbiosoAI THINK TANK/SymbiosoAi-v4-12326/node_modules/stackblur-canvas': '/Users/personal/Desktop/SymbiosoAI THINK TANK/SymbiosoAi-v4-12326/node_modules/.stackblur-canvas-DTJw5WzN',
742 silly reify   '/Users/personal/Desktop/SymbiosoAI THINK TANK/SymbiosoAi-v4-12326/node_modules/standard-as-callback': '/Users/personal/Desktop/SymbiosoAI THINK TANK/SymbiosoAi-v4-12326/node_modules/.standard-as-callback-odk1qRy1',
742 silly reify   '/Users/personal/Desktop/SymbiosoAI THINK TANK/SymbiosoAi-v4-12326/node_modules/statuses': '/Users/personal/Desktop/SymbiosoAI THINK TANK/SymbiosoAi-v4-12326/node_modules/.statuses-kOudwceu',
742 silly reify   '/Users/personal/Desktop/SymbiosoAI THINK TANK/SymbiosoAi-v4-12326/node_modules/stream-events': '/Users/personal/Desktop/SymbiosoAI THINK TANK/SymbiosoAi-v4-12326/node_modules/.stream-events-0Re4xmLc',
742 silly reify   '/Users/personal/Desktop/SymbiosoAI THINK TANK/SymbiosoAi-v4-12326/node_modules/stream-length': '/Users/personal/Desktop/SymbiosoAI THINK TANK/SymbiosoAi-v4-12326/node_modules/.stream-length-TkUTuvPa',
742 silly reify   '/Users/personal/Desktop/SymbiosoAI THINK TANK/SymbiosoAi-v4-12326/node_modules/stream-shift': '/Users/personal/Desktop/SymbiosoAI THINK TANK/SymbiosoAi-v4-12326/node_modules/.stream-shift-CMZGwlfB',
742 silly reify   '/Users/personal/Desktop/SymbiosoAI THINK TANK/SymbiosoAi-v4-12326/node_modules/string-length': '/Users/personal/Desktop/SymbiosoAI THINK TANK/SymbiosoAi-v4-12326/node_modules/.string-length-ZUKizaN8',
742 silly reify   '/Users/personal/Desktop/SymbiosoAI THINK TANK/SymbiosoAi-v4-12326/node_modules/string-width': '/Users/personal/Desktop/SymbiosoAI THINK TANK/SymbiosoAi-v4-12326/node_modules/.string-width-fXjWD1ix',
742 silly reify   '/Users/personal/Desktop/SymbiosoAI THINK TANK/SymbiosoAi-v4-12326/node_modules/string-width-cjs': '/Users/personal/Desktop/SymbiosoAI THINK TANK/SymbiosoAi-v4-12326/node_modules/.string-width-cjs-tmzlx3pO',
742 silly reify   '/Users/personal/Desktop/SymbiosoAI THINK TANK/SymbiosoAi-v4-12326/node_modules/string_decoder': '/Users/personal/Desktop/SymbiosoAI THINK TANK/SymbiosoAi-v4-12326/node_modules/.string_decoder-ick1j5Rz',
742 silly reify   '/Users/personal/Desktop/SymbiosoAI THINK TANK/SymbiosoAi-v4-12326/node_modules/strip-ansi': '/Users/personal/Desktop/SymbiosoAI THINK TANK/SymbiosoAi-v4-12326/node_modules/.strip-ansi-H40MnsXK',
742 silly reify   '/Users/personal/Desktop/SymbiosoAI THINK TANK/SymbiosoAi-v4-12326/node_modules/strip-ansi-cjs': '/Users/personal/Desktop/SymbiosoAI THINK TANK/SymbiosoAi-v4-12326/node_modules/.strip-ansi-cjs-1VFBGYN0',
742 silly reify   '/Users/personal/Desktop/SymbiosoAI THINK TANK/SymbiosoAi-v4-12326/node_modules/strip-bom': '/Users/personal/Desktop/SymbiosoAI THINK TANK/SymbiosoAi-v4-12326/node_modules/.strip-bom-cRK0aURY',
742 silly reify   '/Users/personal/Desktop/SymbiosoAI THINK TANK/SymbiosoAi-v4-12326/node_modules/strip-final-newline': '/Users/personal/Desktop/SymbiosoAI THINK TANK/SymbiosoAi-v4-12326/node_modules/.strip-final-newline-u9aIAylt',
742 silly reify   '/Users/personal/Desktop/SymbiosoAI THINK TANK/SymbiosoAi-v4-12326/node_modules/strip-json-comments': '/Users/personal/Desktop/SymbiosoAI THINK TANK/SymbiosoAi-v4-12326/node_modules/.strip-json-comments-PdsZxbvv',
742 silly reify   '/Users/personal/Desktop/SymbiosoAI THINK TANK/SymbiosoAi-v4-12326/node_modules/stripe': '/Users/personal/Desktop/SymbiosoAI THINK TANK/SymbiosoAi-v4-12326/node_modules/.stripe-M3x7Hyqz',
742 silly reify   '/Users/personal/Desktop/SymbiosoAI THINK TANK/SymbiosoAi-v4-12326/node_modules/striptags': '/Users/personal/Desktop/SymbiosoAI THINK TANK/SymbiosoAi-v4-12326/node_modules/.striptags-vz2c6jiK',
742 silly reify   '/Users/personal/Desktop/SymbiosoAI THINK TANK/SymbiosoAi-v4-12326/node_modules/strnum': '/Users/personal/Desktop/SymbiosoAI THINK TANK/SymbiosoAi-v4-12326/node_modules/.strnum-iLJb38fe',
742 silly reify   '/Users/personal/Desktop/SymbiosoAI THINK TANK/SymbiosoAi-v4-12326/node_modules/stubs': '/Users/personal/Desktop/SymbiosoAI THINK TANK/SymbiosoAi-v4-12326/node_modules/.stubs-mVlW4tZ2',
742 silly reify   '/Users/personal/Desktop/SymbiosoAI THINK TANK/SymbiosoAi-v4-12326/node_modules/sucrase': '/Users/personal/Desktop/SymbiosoAI THINK TANK/SymbiosoAi-v4-12326/node_modules/.sucrase-eEEVA1G1',
742 silly reify   '/Users/personal/Desktop/SymbiosoAI THINK TANK/SymbiosoAi-v4-12326/node_modules/superagent': '/Users/personal/Desktop/SymbiosoAI THINK TANK/SymbiosoAi-v4-12326/node_modules/.superagent-MKUJL1bn',
742 silly reify   '/Users/personal/Desktop/SymbiosoAI THINK TANK/SymbiosoAi-v4-12326/node_modules/supertest': '/Users/personal/Desktop/SymbiosoAI THINK TANK/SymbiosoAi-v4-12326/node_modules/.supertest-fL4kXlgo',
742 silly reify   '/Users/personal/Desktop/SymbiosoAI THINK TANK/SymbiosoAi-v4-12326/node_modules/supports-color': '/Users/personal/Desktop/SymbiosoAI THINK TANK/SymbiosoAi-v4-12326/node_modules/.supports-color-EfB9Gqnq',
742 silly reify   '/Users/personal/Desktop/SymbiosoAI THINK TANK/SymbiosoAi-v4-12326/node_modules/svg-pathdata': '/Users/personal/Desktop/SymbiosoAI THINK TANK/SymbiosoAi-v4-12326/node_modules/.svg-pathdata-Gi4SmOBk',
742 silly reify   '/Users/personal/Desktop/SymbiosoAI THINK TANK/SymbiosoAi-v4-12326/node_modules/synckit': '/Users/personal/Desktop/SymbiosoAI THINK TANK/SymbiosoAi-v4-12326/node_modules/.synckit-ASz5siJ1',
742 silly reify   '/Users/personal/Desktop/SymbiosoAI THINK TANK/SymbiosoAi-v4-12326/node_modules/tailwind-merge': '/Users/personal/Desktop/SymbiosoAI THINK TANK/SymbiosoAi-v4-12326/node_modules/.tailwind-merge-FmfSbyWc',
742 silly reify   '/Users/personal/Desktop/SymbiosoAI THINK TANK/SymbiosoAi-v4-12326/node_modules/tailwindcss': '/Users/personal/Desktop/SymbiosoAI THINK TANK/SymbiosoAi-v4-12326/node_modules/.tailwindcss-wdkeid9S',
742 silly reify   '/Users/personal/Desktop/SymbiosoAI THINK TANK/SymbiosoAi-v4-12326/node_modules/tapable': '/Users/personal/Desktop/SymbiosoAI THINK TANK/SymbiosoAi-v4-12326/node_modules/.tapable-Y16APyH1',
742 silly reify   '/Users/personal/Desktop/SymbiosoAI THINK TANK/SymbiosoAi-v4-12326/node_modules/teeny-request': '/Users/personal/Desktop/SymbiosoAI THINK TANK/SymbiosoAi-v4-12326/node_modules/.teeny-request-TpnAyegy',
742 silly reify   '/Users/personal/Desktop/SymbiosoAI THINK TANK/SymbiosoAi-v4-12326/node_modules/teleport-javascript': '/Users/personal/Desktop/SymbiosoAI THINK TANK/SymbiosoAi-v4-12326/node_modules/.teleport-javascript-YbjGvpD0',
742 silly reify   '/Users/personal/Desktop/SymbiosoAI THINK TANK/SymbiosoAi-v4-12326/node_modules/test-exclude': '/Users/personal/Desktop/SymbiosoAI THINK TANK/SymbiosoAi-v4-12326/node_modules/.test-exclude-rs81VSrT',
742 silly reify   '/Users/personal/Desktop/SymbiosoAI THINK TANK/SymbiosoAi-v4-12326/node_modules/text-segmentation': '/Users/personal/Desktop/SymbiosoAI THINK TANK/SymbiosoAi-v4-12326/node_modules/.text-segmentation-epgFTKEj',
742 silly reify   '/Users/personal/Desktop/SymbiosoAI THINK TANK/SymbiosoAi-v4-12326/node_modules/timers-ext': '/Users/personal/Desktop/SymbiosoAI THINK TANK/SymbiosoAi-v4-12326/node_modules/.timers-ext-31mQiveU',
742 silly reify   '/Users/personal/Desktop/SymbiosoAI THINK TANK/SymbiosoAi-v4-12326/node_modules/tmpl': '/Users/personal/Desktop/SymbiosoAI THINK TANK/SymbiosoAi-v4-12326/node_modules/.tmpl-Uw1iT61m',
742 silly reify   '/Users/personal/Desktop/SymbiosoAI THINK TANK/SymbiosoAi-v4-12326/node_modules/to-gfm-code-block': '/Users/personal/Desktop/SymbiosoAI THINK TANK/SymbiosoAi-v4-12326/node_modules/.to-gfm-code-block-uYqjLmki',
742 silly reify   '/Users/personal/Desktop/SymbiosoAI THINK TANK/SymbiosoAi-v4-12326/node_modules/tr46': '/Users/personal/Desktop/SymbiosoAI THINK TANK/SymbiosoAi-v4-12326/node_modules/.tr46-OPzS5JjF',
742 silly reify   '/Users/personal/Desktop/SymbiosoAI THINK TANK/SymbiosoAi-v4-12326/node_modules/ts-jest': '/Users/personal/Desktop/SymbiosoAI THINK TANK/SymbiosoAi-v4-12326/node_modules/.ts-jest-f99FWbiv',
742 silly reify   '/Users/personal/Desktop/SymbiosoAI THINK TANK/SymbiosoAi-v4-12326/node_modules/ts-node': '/Users/personal/Desktop/SymbiosoAI THINK TANK/SymbiosoAi-v4-12326/node_modules/.ts-node-8Hk4DnLZ',
742 silly reify   '/Users/personal/Desktop/SymbiosoAI THINK TANK/SymbiosoAi-v4-12326/node_modules/tsx': '/Users/personal/Desktop/SymbiosoAI THINK TANK/SymbiosoAi-v4-12326/node_modules/.tsx-lpIKeNok',
742 silly reify   '/Users/personal/Desktop/SymbiosoAI THINK TANK/SymbiosoAi-v4-12326/node_modules/tw-animate-css': '/Users/personal/Desktop/SymbiosoAI THINK TANK/SymbiosoAi-v4-12326/node_modules/.tw-animate-css-qXSyCMna',
742 silly reify   '/Users/personal/Desktop/SymbiosoAI THINK TANK/SymbiosoAi-v4-12326/node_modules/tweetnacl': '/Users/personal/Desktop/SymbiosoAI THINK TANK/SymbiosoAi-v4-12326/node_modules/.tweetnacl-0KIGLMje',
742 silly reify   '/Users/personal/Desktop/SymbiosoAI THINK TANK/SymbiosoAi-v4-12326/node_modules/type': '/Users/personal/Desktop/SymbiosoAI THINK TANK/SymbiosoAi-v4-12326/node_modules/.type-erUa1gBb',
742 silly reify   '/Users/personal/Desktop/SymbiosoAI THINK TANK/SymbiosoAi-v4-12326/node_modules/type-detect': '/Users/personal/Desktop/SymbiosoAI THINK TANK/SymbiosoAi-v4-12326/node_modules/.type-detect-ZSTkEkSl',
742 silly reify   '/Users/personal/Desktop/SymbiosoAI THINK TANK/SymbiosoAi-v4-12326/node_modules/type-fest': '/Users/personal/Desktop/SymbiosoAI THINK TANK/SymbiosoAi-v4-12326/node_modules/.type-fest-ThTXDe0e',
742 silly reify   '/Users/personal/Desktop/SymbiosoAI THINK TANK/SymbiosoAi-v4-12326/node_modules/typeof-article': '/Users/personal/Desktop/SymbiosoAI THINK TANK/SymbiosoAi-v4-12326/node_modules/.typeof-article-FBdfVucC',
742 silly reify   '/Users/personal/Desktop/SymbiosoAI THINK TANK/SymbiosoAi-v4-12326/node_modules/uglify-js': '/Users/personal/Desktop/SymbiosoAI THINK TANK/SymbiosoAi-v4-12326/node_modules/.uglify-js-K7EllLtH',
742 silly reify   '/Users/personal/Desktop/SymbiosoAI THINK TANK/SymbiosoAi-v4-12326/node_modules/underscore': '/Users/personal/Desktop/SymbiosoAI THINK TANK/SymbiosoAi-v4-12326/node_modules/.underscore-U25vYRfX',
742 silly reify   '/Users/personal/Desktop/SymbiosoAI THINK TANK/SymbiosoAi-v4-12326/node_modules/universalify': '/Users/personal/Desktop/SymbiosoAI THINK TANK/SymbiosoAi-v4-12326/node_modules/.universalify-3NNiisS8',
742 silly reify   '/Users/personal/Desktop/SymbiosoAI THINK TANK/SymbiosoAi-v4-12326/node_modules/unrs-resolver': '/Users/personal/Desktop/SymbiosoAI THINK TANK/SymbiosoAi-v4-12326/node_modules/.unrs-resolver-IGj59siJ',
742 silly reify   '/Users/personal/Desktop/SymbiosoAI THINK TANK/SymbiosoAi-v4-12326/node_modules/update-browserslist-db': '/Users/personal/Desktop/SymbiosoAI THINK TANK/SymbiosoAi-v4-12326/node_modules/.update-browserslist-db-VhxKB3Aq',
742 silly reify   '/Users/personal/Desktop/SymbiosoAI THINK TANK/SymbiosoAi-v4-12326/node_modules/uri-js': '/Users/personal/Desktop/SymbiosoAI THINK TANK/SymbiosoAi-v4-12326/node_modules/.uri-js-Oaniypw0',
742 silly reify   '/Users/personal/Desktop/SymbiosoAI THINK TANK/SymbiosoAi-v4-12326/node_modules/url-parse': '/Users/personal/Desktop/SymbiosoAI THINK TANK/SymbiosoAi-v4-12326/node_modules/.url-parse-RhyCvD2p',
742 silly reify   '/Users/personal/Desktop/SymbiosoAI THINK TANK/SymbiosoAi-v4-12326/node_modules/use-sync-external-store': '/Users/personal/Desktop/SymbiosoAI THINK TANK/SymbiosoAi-v4-12326/node_modules/.use-sync-external-store-cc8bRlxQ',
742 silly reify   '/Users/personal/Desktop/SymbiosoAI THINK TANK/SymbiosoAi-v4-12326/node_modules/utrie': '/Users/personal/Desktop/SymbiosoAI THINK TANK/SymbiosoAi-v4-12326/node_modules/.utrie-1jsjTbXj',
742 silly reify   '/Users/personal/Desktop/SymbiosoAI THINK TANK/SymbiosoAi-v4-12326/node_modules/uuid': '/Users/personal/Desktop/SymbiosoAI THINK TANK/SymbiosoAi-v4-12326/node_modules/.uuid-2xmvIyqM',
742 silly reify   '/Users/personal/Desktop/SymbiosoAI THINK TANK/SymbiosoAi-v4-12326/node_modules/uvm': '/Users/personal/Desktop/SymbiosoAI THINK TANK/SymbiosoAi-v4-12326/node_modules/.uvm-rvgQpj5K',
742 silly reify   '/Users/personal/Desktop/SymbiosoAI THINK TANK/SymbiosoAi-v4-12326/node_modules/v8-compile-cache-lib': '/Users/personal/Desktop/SymbiosoAI THINK TANK/SymbiosoAi-v4-12326/node_modules/.v8-compile-cache-lib-ZNuuxWcy',
742 silly reify   '/Users/personal/Desktop/SymbiosoAI THINK TANK/SymbiosoAi-v4-12326/node_modules/v8-to-istanbul': '/Users/personal/Desktop/SymbiosoAI THINK TANK/SymbiosoAi-v4-12326/node_modules/.v8-to-istanbul-Gzjpr6iT',
742 silly reify   '/Users/personal/Desktop/SymbiosoAI THINK TANK/SymbiosoAi-v4-12326/node_modules/verror': '/Users/personal/Desktop/SymbiosoAI THINK TANK/SymbiosoAi-v4-12326/node_modules/.verror-hg4y5zb3',
742 silly reify   '/Users/personal/Desktop/SymbiosoAI THINK TANK/SymbiosoAi-v4-12326/node_modules/vite': '/Users/personal/Desktop/SymbiosoAI THINK TANK/SymbiosoAi-v4-12326/node_modules/.vite-T00EWTDj',
742 silly reify   '/Users/personal/Desktop/SymbiosoAI THINK TANK/SymbiosoAi-v4-12326/node_modules/walker': '/Users/personal/Desktop/SymbiosoAI THINK TANK/SymbiosoAi-v4-12326/node_modules/.walker-8fzUeoBZ',
742 silly reify   '/Users/personal/Desktop/SymbiosoAI THINK TANK/SymbiosoAi-v4-12326/node_modules/web-push': '/Users/personal/Desktop/SymbiosoAI THINK TANK/SymbiosoAi-v4-12326/node_modules/.web-push-QNCzxbEa',
742 silly reify   '/Users/personal/Desktop/SymbiosoAI THINK TANK/SymbiosoAi-v4-12326/node_modules/web-streams-polyfill': '/Users/personal/Desktop/SymbiosoAI THINK TANK/SymbiosoAi-v4-12326/node_modules/.web-streams-polyfill-eOTzGzDL',
742 silly reify   '/Users/personal/Desktop/SymbiosoAI THINK TANK/SymbiosoAi-v4-12326/node_modules/webidl-conversions': '/Users/personal/Desktop/SymbiosoAI THINK TANK/SymbiosoAi-v4-12326/node_modules/.webidl-conversions-Y4mKBdWP',
742 silly reify   '/Users/personal/Desktop/SymbiosoAI THINK TANK/SymbiosoAi-v4-12326/node_modules/whatwg-url': '/Users/personal/Desktop/SymbiosoAI THINK TANK/SymbiosoAi-v4-12326/node_modules/.whatwg-url-B8VSQLFU',
742 silly reify   '/Users/personal/Desktop/SymbiosoAI THINK TANK/SymbiosoAi-v4-12326/node_modules/which': '/Users/personal/Desktop/SymbiosoAI THINK TANK/SymbiosoAi-v4-12326/node_modules/.which-VlIkZNjL',
742 silly reify   '/Users/personal/Desktop/SymbiosoAI THINK TANK/SymbiosoAi-v4-12326/node_modules/word-wrap': '/Users/personal/Desktop/SymbiosoAI THINK TANK/SymbiosoAi-v4-12326/node_modules/.word-wrap-yGRWGObv',
742 silly reify   '/Users/personal/Desktop/SymbiosoAI THINK TANK/SymbiosoAi-v4-12326/node_modules/wordwrap': '/Users/personal/Desktop/SymbiosoAI THINK TANK/SymbiosoAi-v4-12326/node_modules/.wordwrap-k0tulE4i',
742 silly reify   '/Users/personal/Desktop/SymbiosoAI THINK TANK/SymbiosoAi-v4-12326/node_modules/wouter': '/Users/personal/Desktop/SymbiosoAI THINK TANK/SymbiosoAi-v4-12326/node_modules/.wouter-JUPAPIGn',
742 silly reify   '/Users/personal/Desktop/SymbiosoAI THINK TANK/SymbiosoAi-v4-12326/node_modules/wrap-ansi': '/Users/personal/Desktop/SymbiosoAI THINK TANK/SymbiosoAi-v4-12326/node_modules/.wrap-ansi-uNEHvPm9',
742 silly reify   '/Users/personal/Desktop/SymbiosoAI THINK TANK/SymbiosoAi-v4-12326/node_modules/wrap-ansi-cjs': '/Users/personal/Desktop/SymbiosoAI THINK TANK/SymbiosoAi-v4-12326/node_modules/.wrap-ansi-cjs-2X0JZjsw',
742 silly reify   '/Users/personal/Desktop/SymbiosoAI THINK TANK/SymbiosoAi-v4-12326/node_modules/wrappy': '/Users/personal/Desktop/SymbiosoAI THINK TANK/SymbiosoAi-v4-12326/node_modules/.wrappy-Xa6VTknB',
742 silly reify   '/Users/personal/Desktop/SymbiosoAI THINK TANK/SymbiosoAi-v4-12326/node_modules/write-file-atomic': '/Users/personal/Desktop/SymbiosoAI THINK TANK/SymbiosoAi-v4-12326/node_modules/.write-file-atomic-4PQplBvT',
742 silly reify   '/Users/personal/Desktop/SymbiosoAI THINK TANK/SymbiosoAi-v4-12326/node_modules/ws': '/Users/personal/Desktop/SymbiosoAI THINK TANK/SymbiosoAi-v4-12326/node_modules/.ws-viTMWKxH',
742 silly reify   '/Users/personal/Desktop/SymbiosoAI THINK TANK/SymbiosoAi-v4-12326/node_modules/xml': '/Users/personal/Desktop/SymbiosoAI THINK TANK/SymbiosoAi-v4-12326/node_modules/.xml-FB0J5uxh',
742 silly reify   '/Users/personal/Desktop/SymbiosoAI THINK TANK/SymbiosoAi-v4-12326/node_modules/xml-js': '/Users/personal/Desktop/SymbiosoAI THINK TANK/SymbiosoAi-v4-12326/node_modules/.xml-js-QmxqUUrj',
742 silly reify   '/Users/personal/Desktop/SymbiosoAI THINK TANK/SymbiosoAi-v4-12326/node_modules/xmlbuilder': '/Users/personal/Desktop/SymbiosoAI THINK TANK/SymbiosoAi-v4-12326/node_modules/.xmlbuilder-ChSovtXo',
742 silly reify   '/Users/personal/Desktop/SymbiosoAI THINK TANK/SymbiosoAi-v4-12326/node_modules/y18n': '/Users/personal/Desktop/SymbiosoAI THINK TANK/SymbiosoAi-v4-12326/node_modules/.y18n-elCYdZ3M',
742 silly reify   '/Users/personal/Desktop/SymbiosoAI THINK TANK/SymbiosoAi-v4-12326/node_modules/yaml': '/Users/personal/Desktop/SymbiosoAI THINK TANK/SymbiosoAi-v4-12326/node_modules/.yaml-TWZ4ukSZ',
742 silly reify   '/Users/personal/Desktop/SymbiosoAI THINK TANK/SymbiosoAi-v4-12326/node_modules/yargs': '/Users/personal/Desktop/SymbiosoAI THINK TANK/SymbiosoAi-v4-12326/node_modules/.yargs-E0YyLPUN',
742 silly reify   '/Users/personal/Desktop/SymbiosoAI THINK TANK/SymbiosoAi-v4-12326/node_modules/yargs-parser': '/Users/personal/Desktop/SymbiosoAI THINK TANK/SymbiosoAi-v4-12326/node_modules/.yargs-parser-NMWaTAyU',
742 silly reify   '/Users/personal/Desktop/SymbiosoAI THINK TANK/SymbiosoAi-v4-12326/node_modules/yn': '/Users/personal/Desktop/SymbiosoAI THINK TANK/SymbiosoAi-v4-12326/node_modules/.yn-rCpqOMBQ',
742 silly reify   '/Users/personal/Desktop/SymbiosoAI THINK TANK/SymbiosoAi-v4-12326/node_modules/yocto-queue': '/Users/personal/Desktop/SymbiosoAI THINK TANK/SymbiosoAi-v4-12326/node_modules/.yocto-queue-UWcWZwW8',
742 silly reify   '/Users/personal/Desktop/SymbiosoAI THINK TANK/SymbiosoAi-v4-12326/node_modules/zod': '/Users/personal/Desktop/SymbiosoAI THINK TANK/SymbiosoAi-v4-12326/node_modules/.zod-eqKj7JRx',
742 silly reify   '/Users/personal/Desktop/SymbiosoAI THINK TANK/SymbiosoAi-v4-12326/node_modules/zod-validation-error': '/Users/personal/Desktop/SymbiosoAI THINK TANK/SymbiosoAi-v4-12326/node_modules/.zod-validation-error-DZ6dpGqd',
742 silly reify   '/Users/personal/Desktop/SymbiosoAI THINK TANK/SymbiosoAi-v4-12326/node_modules/@babel/core': '/Users/personal/Desktop/SymbiosoAI THINK TANK/SymbiosoAi-v4-12326/node_modules/@babel/.core-QIZkDKL1',
742 silly reify   '/Users/personal/Desktop/SymbiosoAI THINK TANK/SymbiosoAi-v4-12326/node_modules/@babel/code-frame': '/Users/personal/Desktop/SymbiosoAI THINK TANK/SymbiosoAi-v4-12326/node_modules/@babel/.code-frame-0RcScKmp',
742 silly reify   '/Users/personal/Desktop/SymbiosoAI THINK TANK/SymbiosoAi-v4-12326/node_modules/@babel/generator': '/Users/personal/Desktop/SymbiosoAI THINK TANK/SymbiosoAi-v4-12326/node_modules/@babel/.generator-gthamlbU',
742 silly reify   '/Users/personal/Desktop/SymbiosoAI THINK TANK/SymbiosoAi-v4-12326/node_modules/@babel/compat-data': '/Users/personal/Desktop/SymbiosoAI THINK TANK/SymbiosoAi-v4-12326/node_modules/@babel/.compat-data-3fVKt7lc',
742 silly reify   '/Users/personal/Desktop/SymbiosoAI THINK TANK/SymbiosoAi-v4-12326/node_modules/@babel/helper-compilation-targets': '/Users/personal/Desktop/SymbiosoAI THINK TANK/SymbiosoAi-v4-12326/node_modules/@babel/.helper-compilation-targets-TkjnHa2R',
742 silly reify   '/Users/personal/Desktop/SymbiosoAI THINK TANK/SymbiosoAi-v4-12326/node_modules/@babel/helper-module-imports': '/Users/personal/Desktop/SymbiosoAI THINK TANK/SymbiosoAi-v4-12326/node_modules/@babel/.helper-module-imports-1ikMDwCm',
742 silly reify   '/Users/personal/Desktop/SymbiosoAI THINK TANK/SymbiosoAi-v4-12326/node_modules/@babel/helper-module-transforms': '/Users/personal/Desktop/SymbiosoAI THINK TANK/SymbiosoAi-v4-12326/node_modules/@babel/.helper-module-transforms-NrXuXUDs',
742 silly reify   '/Users/personal/Desktop/SymbiosoAI THINK TANK/SymbiosoAi-v4-12326/node_modules/@babel/helper-plugin-utils': '/Users/personal/Desktop/SymbiosoAI THINK TANK/SymbiosoAi-v4-12326/node_modules/@babel/.helper-plugin-utils-U9FcClDe',
742 silly reify   '/Users/personal/Desktop/SymbiosoAI THINK TANK/SymbiosoAi-v4-12326/node_modules/@babel/helper-validator-identifier': '/Users/personal/Desktop/SymbiosoAI THINK TANK/SymbiosoAi-v4-12326/node_modules/@babel/.helper-validator-identifier-Zd1A0jDg',
742 silly reify   '/Users/personal/Desktop/SymbiosoAI THINK TANK/SymbiosoAi-v4-12326/node_modules/@babel/helpers': '/Users/personal/Desktop/SymbiosoAI THINK TANK/SymbiosoAi-v4-12326/node_modules/@babel/.helpers-OQPg8UF9',
742 silly reify   '/Users/personal/Desktop/SymbiosoAI THINK TANK/SymbiosoAi-v4-12326/node_modules/@babel/parser': '/Users/personal/Desktop/SymbiosoAI THINK TANK/SymbiosoAi-v4-12326/node_modules/@babel/.parser-glQgV8cG',
742 silly reify   '/Users/personal/Desktop/SymbiosoAI THINK TANK/SymbiosoAi-v4-12326/node_modules/@babel/plugin-syntax-async-generators': '/Users/personal/Desktop/SymbiosoAI THINK TANK/SymbiosoAi-v4-12326/node_modules/@babel/.plugin-syntax-async-generators-qtD9WEIT',
742 silly reify   '/Users/personal/Desktop/SymbiosoAI THINK TANK/SymbiosoAi-v4-12326/node_modules/@babel/plugin-syntax-bigint': '/Users/personal/Desktop/SymbiosoAI THINK TANK/SymbiosoAi-v4-12326/node_modules/@babel/.plugin-syntax-bigint-ckRvtqvm',
742 silly reify   '/Users/personal/Desktop/SymbiosoAI THINK TANK/SymbiosoAi-v4-12326/node_modules/@babel/plugin-syntax-class-properties': '/Users/personal/Desktop/SymbiosoAI THINK TANK/SymbiosoAi-v4-12326/node_modules/@babel/.plugin-syntax-class-properties-b9AlzM1e',
742 silly reify   '/Users/personal/Desktop/SymbiosoAI THINK TANK/SymbiosoAi-v4-12326/node_modules/@babel/plugin-syntax-class-static-block': '/Users/personal/Desktop/SymbiosoAI THINK TANK/SymbiosoAi-v4-12326/node_modules/@babel/.plugin-syntax-class-static-block-XV2S44IE',
742 silly reify   '/Users/personal/Desktop/SymbiosoAI THINK TANK/SymbiosoAi-v4-12326/node_modules/@babel/plugin-syntax-import-attributes': '/Users/personal/Desktop/SymbiosoAI THINK TANK/SymbiosoAi-v4-12326/node_modules/@babel/.plugin-syntax-import-attributes-INFW0573',
742 silly reify   '/Users/personal/Desktop/SymbiosoAI THINK TANK/SymbiosoAi-v4-12326/node_modules/@babel/plugin-syntax-import-meta': '/Users/personal/Desktop/SymbiosoAI THINK TANK/SymbiosoAi-v4-12326/node_modules/@babel/.plugin-syntax-import-meta-CWDqoGC0',
742 silly reify   '/Users/personal/Desktop/SymbiosoAI THINK TANK/SymbiosoAi-v4-12326/node_modules/@babel/plugin-syntax-json-strings': '/Users/personal/Desktop/SymbiosoAI THINK TANK/SymbiosoAi-v4-12326/node_modules/@babel/.plugin-syntax-json-strings-rDoJRVbI',
742 silly reify   '/Users/personal/Desktop/SymbiosoAI THINK TANK/SymbiosoAi-v4-12326/node_modules/@babel/plugin-syntax-jsx': '/Users/personal/Desktop/SymbiosoAI THINK TANK/SymbiosoAi-v4-12326/node_modules/@babel/.plugin-syntax-jsx-It0VpnF4',
742 silly reify   '/Users/personal/Desktop/SymbiosoAI THINK TANK/SymbiosoAi-v4-12326/node_modules/@babel/plugin-syntax-logical-assignment-operators': '/Users/personal/Desktop/SymbiosoAI THINK TANK/SymbiosoAi-v4-12326/node_modules/@babel/.plugin-syntax-logical-assignment-operators-e2l16BHa',
742 silly reify   '/Users/personal/Desktop/SymbiosoAI THINK TANK/SymbiosoAi-v4-12326/node_modules/@babel/plugin-syntax-nullish-coalescing-operator': '/Users/personal/Desktop/SymbiosoAI THINK TANK/SymbiosoAi-v4-12326/node_modules/@babel/.plugin-syntax-nullish-coalescing-operator-dozkLooe',
742 silly reify   '/Users/personal/Desktop/SymbiosoAI THINK TANK/SymbiosoAi-v4-12326/node_modules/@babel/plugin-syntax-numeric-separator': '/Users/personal/Desktop/SymbiosoAI THINK TANK/SymbiosoAi-v4-12326/node_modules/@babel/.plugin-syntax-numeric-separator-zZne472j',
742 silly reify   '/Users/personal/Desktop/SymbiosoAI THINK TANK/SymbiosoAi-v4-12326/node_modules/@babel/plugin-syntax-object-rest-spread': '/Users/personal/Desktop/SymbiosoAI THINK TANK/SymbiosoAi-v4-12326/node_modules/@babel/.plugin-syntax-object-rest-spread-6I66tS5f',
742 silly reify   '/Users/personal/Desktop/SymbiosoAI THINK TANK/SymbiosoAi-v4-12326/node_modules/@babel/plugin-syntax-optional-catch-binding': '/Users/personal/Desktop/SymbiosoAI THINK TANK/SymbiosoAi-v4-12326/node_modules/@babel/.plugin-syntax-optional-catch-binding-gO43dlog',
742 silly reify   '/Users/personal/Desktop/SymbiosoAI THINK TANK/SymbiosoAi-v4-12326/node_modules/@babel/plugin-syntax-optional-chaining': '/Users/personal/Desktop/SymbiosoAI THINK TANK/SymbiosoAi-v4-12326/node_modules/@babel/.plugin-syntax-optional-chaining-YURmE2Bd',
742 silly reify   '/Users/personal/Desktop/SymbiosoAI THINK TANK/SymbiosoAi-v4-12326/node_modules/@babel/plugin-syntax-private-property-in-object': '/Users/personal/Desktop/SymbiosoAI THINK TANK/SymbiosoAi-v4-12326/node_modules/@babel/.plugin-syntax-private-property-in-object-AOA4HhgK',
742 silly reify   '/Users/personal/Desktop/SymbiosoAI THINK TANK/SymbiosoAi-v4-12326/node_modules/@babel/plugin-syntax-top-level-await': '/Users/personal/Desktop/SymbiosoAI THINK TANK/SymbiosoAi-v4-12326/node_modules/@babel/.plugin-syntax-top-level-await-wrKkDG8A',
742 silly reify   '/Users/personal/Desktop/SymbiosoAI THINK TANK/SymbiosoAi-v4-12326/node_modules/@babel/plugin-syntax-typescript': '/Users/personal/Desktop/SymbiosoAI THINK TANK/SymbiosoAi-v4-12326/node_modules/@babel/.plugin-syntax-typescript-cSyvym14',
742 silly reify   '/Users/personal/Desktop/SymbiosoAI THINK TANK/SymbiosoAi-v4-12326/node_modules/@babel/plugin-transform-react-jsx-self': '/Users/personal/Desktop/SymbiosoAI THINK TANK/SymbiosoAi-v4-12326/node_modules/@babel/.plugin-transform-react-jsx-self-zXrAi4x6',
742 silly reify   '/Users/personal/Desktop/SymbiosoAI THINK TANK/SymbiosoAi-v4-12326/node_modules/@babel/plugin-transform-react-jsx-source': '/Users/personal/Desktop/SymbiosoAI THINK TANK/SymbiosoAi-v4-12326/node_modules/@babel/.plugin-transform-react-jsx-source-DPAlm8S0',
742 silly reify   '/Users/personal/Desktop/SymbiosoAI THINK TANK/SymbiosoAi-v4-12326/node_modules/@babel/runtime': '/Users/personal/Desktop/SymbiosoAI THINK TANK/SymbiosoAi-v4-12326/node_modules/@babel/.runtime-n0Lk7lg4',
742 silly reify   '/Users/personal/Desktop/SymbiosoAI THINK TANK/SymbiosoAi-v4-12326/node_modules/@babel/template': '/Users/personal/Desktop/SymbiosoAI THINK TANK/SymbiosoAi-v4-12326/node_modules/@babel/.template-ui7JeA8S',
742 silly reify   '/Users/personal/Desktop/SymbiosoAI THINK TANK/SymbiosoAi-v4-12326/node_modules/@babel/traverse': '/Users/personal/Desktop/SymbiosoAI THINK TANK/SymbiosoAi-v4-12326/node_modules/@babel/.traverse-s5N3yrIP',
742 silly reify   '/Users/personal/Desktop/SymbiosoAI THINK TANK/SymbiosoAi-v4-12326/node_modules/@babel/types': '/Users/personal/Desktop/SymbiosoAI THINK TANK/SymbiosoAi-v4-12326/node_modules/@babel/.types-ancD8TML',
742 silly reify   '/Users/personal/Desktop/SymbiosoAI THINK TANK/SymbiosoAi-v4-12326/node_modules/@anthropic-ai/sdk': '/Users/personal/Desktop/SymbiosoAI THINK TANK/SymbiosoAi-v4-12326/node_modules/@anthropic-ai/.sdk-IvlwqtIC',
742 silly reify   '/Users/personal/Desktop/SymbiosoAI THINK TANK/SymbiosoAi-v4-12326/node_modules/@bcoe/v8-coverage': '/Users/personal/Desktop/SymbiosoAI THINK TANK/SymbiosoAi-v4-12326/node_modules/@bcoe/.v8-coverage-YMnwfkHA',
742 silly reify   '/Users/personal/Desktop/SymbiosoAI THINK TANK/SymbiosoAi-v4-12326/node_modules/@budibase/handlebars-helpers': '/Users/personal/Desktop/SymbiosoAI THINK TANK/SymbiosoAi-v4-12326/node_modules/@budibase/.handlebars-helpers-khQUQzsQ',
742 silly reify   '/Users/personal/Desktop/SymbiosoAI THINK TANK/SymbiosoAi-v4-12326/node_modules/@colors/colors': '/Users/personal/Desktop/SymbiosoAI THINK TANK/SymbiosoAi-v4-12326/node_modules/@colors/.colors-CDZE9JSO',
742 silly reify   '/Users/personal/Desktop/SymbiosoAI THINK TANK/SymbiosoAi-v4-12326/node_modules/@cspotcode/source-map-support': '/Users/personal/Desktop/SymbiosoAI THINK TANK/SymbiosoAi-v4-12326/node_modules/@cspotcode/.source-map-support-RMzrzzFQ',
742 silly reify   '/Users/personal/Desktop/SymbiosoAI THINK TANK/SymbiosoAi-v4-12326/node_modules/@esbuild/darwin-arm64': '/Users/personal/Desktop/SymbiosoAI THINK TANK/SymbiosoAi-v4-12326/node_modules/@esbuild/.darwin-arm64-WlQuqCxG',
742 silly reify   '/Users/personal/Desktop/SymbiosoAI THINK TANK/SymbiosoAi-v4-12326/node_modules/@faker-js/faker': '/Users/personal/Desktop/SymbiosoAI THINK TANK/SymbiosoAi-v4-12326/node_modules/@faker-js/.faker-yRbpvt3r',
742 silly reify   '/Users/personal/Desktop/SymbiosoAI THINK TANK/SymbiosoAi-v4-12326/node_modules/@floating-ui/dom': '/Users/personal/Desktop/SymbiosoAI THINK TANK/SymbiosoAi-v4-12326/node_modules/@floating-ui/.dom-VZ8YGod3',
742 silly reify   '/Users/personal/Desktop/SymbiosoAI THINK TANK/SymbiosoAi-v4-12326/node_modules/@floating-ui/core': '/Users/personal/Desktop/SymbiosoAI THINK TANK/SymbiosoAi-v4-12326/node_modules/@floating-ui/.core-q6CZoT1N',
742 silly reify   '/Users/personal/Desktop/SymbiosoAI THINK TANK/SymbiosoAi-v4-12326/node_modules/@floating-ui/react-dom': '/Users/personal/Desktop/SymbiosoAI THINK TANK/SymbiosoAi-v4-12326/node_modules/@floating-ui/.react-dom-tORpjOwy',
742 silly reify   '/Users/personal/Desktop/SymbiosoAI THINK TANK/SymbiosoAi-v4-12326/node_modules/@floating-ui/utils': '/Users/personal/Desktop/SymbiosoAI THINK TANK/SymbiosoAi-v4-12326/node_modules/@floating-ui/.utils-SnTqNSkp',
742 silly reify   '/Users/personal/Desktop/SymbiosoAI THINK TANK/SymbiosoAi-v4-12326/node_modules/@google-cloud/paginator': '/Users/personal/Desktop/SymbiosoAI THINK TANK/SymbiosoAi-v4-12326/node_modules/@google-cloud/.paginator-yEYMdmkS',
742 silly reify   '/Users/personal/Desktop/SymbiosoAI THINK TANK/SymbiosoAi-v4-12326/node_modules/@google-cloud/projectify': '/Users/personal/Desktop/SymbiosoAI THINK TANK/SymbiosoAi-v4-12326/node_modules/@google-cloud/.projectify-imH10deS',
742 silly reify   '/Users/personal/Desktop/SymbiosoAI THINK TANK/SymbiosoAi-v4-12326/node_modules/@google-cloud/promisify': '/Users/personal/Desktop/SymbiosoAI THINK TANK/SymbiosoAi-v4-12326/node_modules/@google-cloud/.promisify-jTT9NZzt',
742 silly reify   '/Users/personal/Desktop/SymbiosoAI THINK TANK/SymbiosoAi-v4-12326/node_modules/@google-cloud/storage': '/Users/personal/Desktop/SymbiosoAI THINK TANK/SymbiosoAi-v4-12326/node_modules/@google-cloud/.storage-9eZKJKur',
742 silly reify   '/Users/personal/Desktop/SymbiosoAI THINK TANK/SymbiosoAi-v4-12326/node_modules/@grpc/grpc-js': '/Users/personal/Desktop/SymbiosoAI THINK TANK/SymbiosoAi-v4-12326/node_modules/@grpc/.grpc-js-Sh2zRvVZ',
742 silly reify   '/Users/personal/Desktop/SymbiosoAI THINK TANK/SymbiosoAi-v4-12326/node_modules/@grpc/proto-loader': '/Users/personal/Desktop/SymbiosoAI THINK TANK/SymbiosoAi-v4-12326/node_modules/@grpc/.proto-loader-HjqWrQoX',
742 silly reify   '/Users/personal/Desktop/SymbiosoAI THINK TANK/SymbiosoAi-v4-12326/node_modules/@ioredis/commands': '/Users/personal/Desktop/SymbiosoAI THINK TANK/SymbiosoAi-v4-12326/node_modules/@ioredis/.commands-iWBKaKeY',
742 silly reify   '/Users/personal/Desktop/SymbiosoAI THINK TANK/SymbiosoAi-v4-12326/node_modules/@isaacs/cliui': '/Users/personal/Desktop/SymbiosoAI THINK TANK/SymbiosoAi-v4-12326/node_modules/@isaacs/.cliui-W6jsG2pm',
742 silly reify   '/Users/personal/Desktop/SymbiosoAI THINK TANK/SymbiosoAi-v4-12326/node_modules/@istanbuljs/load-nyc-config': '/Users/personal/Desktop/SymbiosoAI THINK TANK/SymbiosoAi-v4-12326/node_modules/@istanbuljs/.load-nyc-config-Ar6RTiE5',
742 silly reify   '/Users/personal/Desktop/SymbiosoAI THINK TANK/SymbiosoAi-v4-12326/node_modules/@istanbuljs/schema': '/Users/personal/Desktop/SymbiosoAI THINK TANK/SymbiosoAi-v4-12326/node_modules/@istanbuljs/.schema-4UR8eimj',
742 silly reify   '/Users/personal/Desktop/SymbiosoAI THINK TANK/SymbiosoAi-v4-12326/node_modules/@jest/console': '/Users/personal/Desktop/SymbiosoAI THINK TANK/SymbiosoAi-v4-12326/node_modules/@jest/.console-lMH3y35S',
742 silly reify   '/Users/personal/Desktop/SymbiosoAI THINK TANK/SymbiosoAi-v4-12326/node_modules/@jest/core': '/Users/personal/Desktop/SymbiosoAI THINK TANK/SymbiosoAi-v4-12326/node_modules/@jest/.core-bGZkAdR6',
742 silly reify   '/Users/personal/Desktop/SymbiosoAI THINK TANK/SymbiosoAi-v4-12326/node_modules/@jest/diff-sequences': '/Users/personal/Desktop/SymbiosoAI THINK TANK/SymbiosoAi-v4-12326/node_modules/@jest/.diff-sequences-il3c90rF',
742 silly reify   '/Users/personal/Desktop/SymbiosoAI THINK TANK/SymbiosoAi-v4-12326/node_modules/@jest/environment': '/Users/personal/Desktop/SymbiosoAI THINK TANK/SymbiosoAi-v4-12326/node_modules/@jest/.environment-p9XeWrtT',
742 silly reify   '/Users/personal/Desktop/SymbiosoAI THINK TANK/SymbiosoAi-v4-12326/node_modules/@jest/expect': '/Users/personal/Desktop/SymbiosoAI THINK TANK/SymbiosoAi-v4-12326/node_modules/@jest/.expect-qxTDJRAK',
742 silly reify   '/Users/personal/Desktop/SymbiosoAI THINK TANK/SymbiosoAi-v4-12326/node_modules/@jest/expect-utils': '/Users/personal/Desktop/SymbiosoAI THINK TANK/SymbiosoAi-v4-12326/node_modules/@jest/.expect-utils-Goi83xxj',
742 silly reify   '/Users/personal/Desktop/SymbiosoAI THINK TANK/SymbiosoAi-v4-12326/node_modules/@jest/fake-timers': '/Users/personal/Desktop/SymbiosoAI THINK TANK/SymbiosoAi-v4-12326/node_modules/@jest/.fake-timers-5wkUKO5x',
742 silly reify   '/Users/personal/Desktop/SymbiosoAI THINK TANK/SymbiosoAi-v4-12326/node_modules/@jest/get-type': '/Users/personal/Desktop/SymbiosoAI THINK TANK/SymbiosoAi-v4-12326/node_modules/@jest/.get-type-GdxsDSCE',
742 silly reify   '/Users/personal/Desktop/SymbiosoAI THINK TANK/SymbiosoAi-v4-12326/node_modules/@jest/globals': '/Users/personal/Desktop/SymbiosoAI THINK TANK/SymbiosoAi-v4-12326/node_modules/@jest/.globals-dnJGM29D',
742 silly reify   '/Users/personal/Desktop/SymbiosoAI THINK TANK/SymbiosoAi-v4-12326/node_modules/@jest/reporters': '/Users/personal/Desktop/SymbiosoAI THINK TANK/SymbiosoAi-v4-12326/node_modules/@jest/.reporters-3uHTa9Z7',
742 silly reify   '/Users/personal/Desktop/SymbiosoAI THINK TANK/SymbiosoAi-v4-12326/node_modules/@jest/pattern': '/Users/personal/Desktop/SymbiosoAI THINK TANK/SymbiosoAi-v4-12326/node_modules/@jest/.pattern-J7aeTiZ0',
742 silly reify   '/Users/personal/Desktop/SymbiosoAI THINK TANK/SymbiosoAi-v4-12326/node_modules/@jest/schemas': '/Users/personal/Desktop/SymbiosoAI THINK TANK/SymbiosoAi-v4-12326/node_modules/@jest/.schemas-2x7WnfRV',
742 silly reify   '/Users/personal/Desktop/SymbiosoAI THINK TANK/SymbiosoAi-v4-12326/node_modules/@jest/snapshot-utils': '/Users/personal/Desktop/SymbiosoAI THINK TANK/SymbiosoAi-v4-12326/node_modules/@jest/.snapshot-utils-vYuoVbxW',
742 silly reify   '/Users/personal/Desktop/SymbiosoAI THINK TANK/SymbiosoAi-v4-12326/node_modules/@jest/source-map': '/Users/personal/Desktop/SymbiosoAI THINK TANK/SymbiosoAi-v4-12326/node_modules/@jest/.source-map-S48flHvB',
742 silly reify   '/Users/personal/Desktop/SymbiosoAI THINK TANK/SymbiosoAi-v4-12326/node_modules/@jest/test-result': '/Users/personal/Desktop/SymbiosoAI THINK TANK/SymbiosoAi-v4-12326/node_modules/@jest/.test-result-0ICdAlrQ',
742 silly reify   '/Users/personal/Desktop/SymbiosoAI THINK TANK/SymbiosoAi-v4-12326/node_modules/@jest/test-sequencer': '/Users/personal/Desktop/SymbiosoAI THINK TANK/SymbiosoAi-v4-12326/node_modules/@jest/.test-sequencer-tnJCs2bo',
742 silly reify   '/Users/personal/Desktop/SymbiosoAI THINK TANK/SymbiosoAi-v4-12326/node_modules/@jest/transform': '/Users/personal/Desktop/SymbiosoAI THINK TANK/SymbiosoAi-v4-12326/node_modules/@jest/.transform-g3WFo2pW',
742 silly reify   '/Users/personal/Desktop/SymbiosoAI THINK TANK/SymbiosoAi-v4-12326/node_modules/@jest/types': '/Users/personal/Desktop/SymbiosoAI THINK TANK/SymbiosoAi-v4-12326/node_modules/@jest/.types-bNwICVyT',
742 silly reify   '/Users/personal/Desktop/SymbiosoAI THINK TANK/SymbiosoAi-v4-12326/node_modules/@jridgewell/sourcemap-codec': '/Users/personal/Desktop/SymbiosoAI THINK TANK/SymbiosoAi-v4-12326/node_modules/@jridgewell/.sourcemap-codec-NWPwDVAC',
742 silly reify   '/Users/personal/Desktop/SymbiosoAI THINK TANK/SymbiosoAi-v4-12326/node_modules/@js-sdsl/ordered-map': '/Users/personal/Desktop/SymbiosoAI THINK TANK/SymbiosoAi-v4-12326/node_modules/@js-sdsl/.ordered-map-qDkLZTAH',
742 silly reify   '/Users/personal/Desktop/SymbiosoAI THINK TANK/SymbiosoAi-v4-12326/node_modules/@msgpackr-extract/msgpackr-extract-darwin-arm64': '/Users/personal/Desktop/SymbiosoAI THINK TANK/SymbiosoAi-v4-12326/node_modules/@msgpackr-extract/.msgpackr-extract-darwin-arm64-LTFSM5U1',
742 silly reify   '/Users/personal/Desktop/SymbiosoAI THINK TANK/SymbiosoAi-v4-12326/node_modules/@noble/hashes': '/Users/personal/Desktop/SymbiosoAI THINK TANK/SymbiosoAi-v4-12326/node_modules/@noble/.hashes-Pk1WF3AR',
742 silly reify   '/Users/personal/Desktop/SymbiosoAI THINK TANK/SymbiosoAi-v4-12326/node_modules/@opentelemetry/api': '/Users/personal/Desktop/SymbiosoAI THINK TANK/SymbiosoAi-v4-12326/node_modules/@opentelemetry/.api-wk5jAQIL',
742 silly reify   '/Users/personal/Desktop/SymbiosoAI THINK TANK/SymbiosoAi-v4-12326/node_modules/@opentelemetry/context-async-hooks': '/Users/personal/Desktop/SymbiosoAI THINK TANK/SymbiosoAi-v4-12326/node_modules/@opentelemetry/.context-async-hooks-1wYUgT7j',
742 silly reify   '/Users/personal/Desktop/SymbiosoAI THINK TANK/SymbiosoAi-v4-12326/node_modules/@opentelemetry/api-logs': '/Users/personal/Desktop/SymbiosoAI THINK TANK/SymbiosoAi-v4-12326/node_modules/@opentelemetry/.api-logs-eKRNMvK4',
742 silly reify   '/Users/personal/Desktop/SymbiosoAI THINK TANK/SymbiosoAi-v4-12326/node_modules/@opentelemetry/core': '/Users/personal/Desktop/SymbiosoAI THINK TANK/SymbiosoAi-v4-12326/node_modules/@opentelemetry/.core-GILLwY6w',
742 silly reify   '/Users/personal/Desktop/SymbiosoAI THINK TANK/SymbiosoAi-v4-12326/node_modules/@opentelemetry/exporter-logs-otlp-grpc': '/Users/personal/Desktop/SymbiosoAI THINK TANK/SymbiosoAi-v4-12326/node_modules/@opentelemetry/.exporter-logs-otlp-grpc-1kEXWwim',
742 silly reify   '/Users/personal/Desktop/SymbiosoAI THINK TANK/SymbiosoAi-v4-12326/node_modules/@opentelemetry/exporter-logs-otlp-http': '/Users/personal/Desktop/SymbiosoAI THINK TANK/SymbiosoAi-v4-12326/node_modules/@opentelemetry/.exporter-logs-otlp-http-V0YC04XF',
742 silly reify   '/Users/personal/Desktop/SymbiosoAI THINK TANK/SymbiosoAi-v4-12326/node_modules/@opentelemetry/exporter-logs-otlp-proto': '/Users/personal/Desktop/SymbiosoAI THINK TANK/SymbiosoAi-v4-12326/node_modules/@opentelemetry/.exporter-logs-otlp-proto-fOKhKuoz',
742 silly reify   '/Users/personal/Desktop/SymbiosoAI THINK TANK/SymbiosoAi-v4-12326/node_modules/@opentelemetry/exporter-metrics-otlp-grpc': '/Users/personal/Desktop/SymbiosoAI THINK TANK/SymbiosoAi-v4-12326/node_modules/@opentelemetry/.exporter-metrics-otlp-grpc-P6VGC0Du',
742 silly reify   '/Users/personal/Desktop/SymbiosoAI THINK TANK/SymbiosoAi-v4-12326/node_modules/@opentelemetry/exporter-prometheus': '/Users/personal/Desktop/SymbiosoAI THINK TANK/SymbiosoAi-v4-12326/node_modules/@opentelemetry/.exporter-prometheus-Rxw7HO8W',
742 silly reify   '/Users/personal/Desktop/SymbiosoAI THINK TANK/SymbiosoAi-v4-12326/node_modules/@opentelemetry/exporter-trace-otlp-grpc': '/Users/personal/Desktop/SymbiosoAI THINK TANK/SymbiosoAi-v4-12326/node_modules/@opentelemetry/.exporter-trace-otlp-grpc-hQUdhAce',
742 silly reify   '/Users/personal/Desktop/SymbiosoAI THINK TANK/SymbiosoAi-v4-12326/node_modules/@opentelemetry/exporter-metrics-otlp-http': '/Users/personal/Desktop/SymbiosoAI THINK TANK/SymbiosoAi-v4-12326/node_modules/@opentelemetry/.exporter-metrics-otlp-http-S58WJp84',
742 silly reify   '/Users/personal/Desktop/SymbiosoAI THINK TANK/SymbiosoAi-v4-12326/node_modules/@opentelemetry/exporter-trace-otlp-http': '/Users/personal/Desktop/SymbiosoAI THINK TANK/SymbiosoAi-v4-12326/node_modules/@opentelemetry/.exporter-trace-otlp-http-Eo0i9pWY',
742 silly reify   '/Users/personal/Desktop/SymbiosoAI THINK TANK/SymbiosoAi-v4-12326/node_modules/@opentelemetry/exporter-trace-otlp-proto': '/Users/personal/Desktop/SymbiosoAI THINK TANK/SymbiosoAi-v4-12326/node_modules/@opentelemetry/.exporter-trace-otlp-proto-oRPwN1cX',
742 silly reify   '/Users/personal/Desktop/SymbiosoAI THINK TANK/SymbiosoAi-v4-12326/node_modules/@opentelemetry/exporter-zipkin': '/Users/personal/Desktop/SymbiosoAI THINK TANK/SymbiosoAi-v4-12326/node_modules/@opentelemetry/.exporter-zipkin-SNmEoifp',
742 silly reify   '/Users/personal/Desktop/SymbiosoAI THINK TANK/SymbiosoAi-v4-12326/node_modules/@opentelemetry/instrumentation': '/Users/personal/Desktop/SymbiosoAI THINK TANK/SymbiosoAi-v4-12326/node_modules/@opentelemetry/.instrumentation-qEcPX3EO',
742 silly reify   '/Users/personal/Desktop/SymbiosoAI THINK TANK/SymbiosoAi-v4-12326/node_modules/@opentelemetry/exporter-metrics-otlp-proto': '/Users/personal/Desktop/SymbiosoAI THINK TANK/SymbiosoAi-v4-12326/node_modules/@opentelemetry/.exporter-metrics-otlp-proto-C70tCDoO',
742 silly reify   '/Users/personal/Desktop/SymbiosoAI THINK TANK/SymbiosoAi-v4-12326/node_modules/@opentelemetry/otlp-exporter-base': '/Users/personal/Desktop/SymbiosoAI THINK TANK/SymbiosoAi-v4-12326/node_modules/@opentelemetry/.otlp-exporter-base-crQE3yzr',
742 silly reify   '/Users/personal/Desktop/SymbiosoAI THINK TANK/SymbiosoAi-v4-12326/node_modules/@opentelemetry/otlp-grpc-exporter-base': '/Users/personal/Desktop/SymbiosoAI THINK TANK/SymbiosoAi-v4-12326/node_modules/@opentelemetry/.otlp-grpc-exporter-base-Ag4gUeEO',
742 silly reify   '/Users/personal/Desktop/SymbiosoAI THINK TANK/SymbiosoAi-v4-12326/node_modules/@opentelemetry/otlp-transformer': '/Users/personal/Desktop/SymbiosoAI THINK TANK/SymbiosoAi-v4-12326/node_modules/@opentelemetry/.otlp-transformer-7suhw3R7',
742 silly reify   '/Users/personal/Desktop/SymbiosoAI THINK TANK/SymbiosoAi-v4-12326/node_modules/@opentelemetry/propagator-b3': '/Users/personal/Desktop/SymbiosoAI THINK TANK/SymbiosoAi-v4-12326/node_modules/@opentelemetry/.propagator-b3-UZJDvPSh',
742 silly reify   '/Users/personal/Desktop/SymbiosoAI THINK TANK/SymbiosoAi-v4-12326/node_modules/@opentelemetry/propagator-jaeger': '/Users/personal/Desktop/SymbiosoAI THINK TANK/SymbiosoAi-v4-12326/node_modules/@opentelemetry/.propagator-jaeger-h7ZJAUFH',
742 silly reify   '/Users/personal/Desktop/SymbiosoAI THINK TANK/SymbiosoAi-v4-12326/node_modules/@opentelemetry/resources': '/Users/personal/Desktop/SymbiosoAI THINK TANK/SymbiosoAi-v4-12326/node_modules/@opentelemetry/.resources-vgWDHOnG',
742 silly reify   '/Users/personal/Desktop/SymbiosoAI THINK TANK/SymbiosoAi-v4-12326/node_modules/@opentelemetry/sdk-logs': '/Users/personal/Desktop/SymbiosoAI THINK TANK/SymbiosoAi-v4-12326/node_modules/@opentelemetry/.sdk-logs-wCwJL3Jg',
742 silly reify   '/Users/personal/Desktop/SymbiosoAI THINK TANK/SymbiosoAi-v4-12326/node_modules/@opentelemetry/sdk-metrics': '/Users/personal/Desktop/SymbiosoAI THINK TANK/SymbiosoAi-v4-12326/node_modules/@opentelemetry/.sdk-metrics-g8ERu9F6',
742 silly reify   '/Users/personal/Desktop/SymbiosoAI THINK TANK/SymbiosoAi-v4-12326/node_modules/@opentelemetry/sdk-node': '/Users/personal/Desktop/SymbiosoAI THINK TANK/SymbiosoAi-v4-12326/node_modules/@opentelemetry/.sdk-node-Zu4ZNqkx',
742 silly reify   '/Users/personal/Desktop/SymbiosoAI THINK TANK/SymbiosoAi-v4-12326/node_modules/@opentelemetry/sdk-trace-base': '/Users/personal/Desktop/SymbiosoAI THINK TANK/SymbiosoAi-v4-12326/node_modules/@opentelemetry/.sdk-trace-base-VFnlGEqJ',
742 silly reify   '/Users/personal/Desktop/SymbiosoAI THINK TANK/SymbiosoAi-v4-12326/node_modules/@opentelemetry/sdk-trace-node': '/Users/personal/Desktop/SymbiosoAI THINK TANK/SymbiosoAi-v4-12326/node_modules/@opentelemetry/.sdk-trace-node-iiawDHs9',
742 silly reify   '/Users/personal/Desktop/SymbiosoAI THINK TANK/SymbiosoAi-v4-12326/node_modules/@opentelemetry/semantic-conventions': '/Users/personal/Desktop/SymbiosoAI THINK TANK/SymbiosoAi-v4-12326/node_modules/@opentelemetry/.semantic-conventions-hQK6uZVf',
742 silly reify   '/Users/personal/Desktop/SymbiosoAI THINK TANK/SymbiosoAi-v4-12326/node_modules/@paralleldrive/cuid2': '/Users/personal/Desktop/SymbiosoAI THINK TANK/SymbiosoAi-v4-12326/node_modules/@paralleldrive/.cuid2-MrhSsRkf',
742 silly reify   '/Users/personal/Desktop/SymbiosoAI THINK TANK/SymbiosoAi-v4-12326/node_modules/@pkgr/core': '/Users/personal/Desktop/SymbiosoAI THINK TANK/SymbiosoAi-v4-12326/node_modules/@pkgr/.core-TpNRYIj0',
742 silly reify   '/Users/personal/Desktop/SymbiosoAI THINK TANK/SymbiosoAi-v4-12326/node_modules/@pkgjs/parseargs': '/Users/personal/Desktop/SymbiosoAI THINK TANK/SymbiosoAi-v4-12326/node_modules/@pkgjs/.parseargs-Q324BKOj',
742 silly reify   '/Users/personal/Desktop/SymbiosoAI THINK TANK/SymbiosoAi-v4-12326/node_modules/@playwright/test': '/Users/personal/Desktop/SymbiosoAI THINK TANK/SymbiosoAi-v4-12326/node_modules/@playwright/.test-VXBmesJu',
742 silly reify   '/Users/personal/Desktop/SymbiosoAI THINK TANK/SymbiosoAi-v4-12326/node_modules/@postman/form-data': '/Users/personal/Desktop/SymbiosoAI THINK TANK/SymbiosoAi-v4-12326/node_modules/@postman/.form-data-Z2krc3qo',
742 silly reify   '/Users/personal/Desktop/SymbiosoAI THINK TANK/SymbiosoAi-v4-12326/node_modules/@postman/tough-cookie': '/Users/personal/Desktop/SymbiosoAI THINK TANK/SymbiosoAi-v4-12326/node_modules/@postman/.tough-cookie-N6fMKUmR',
742 silly reify   '/Users/personal/Desktop/SymbiosoAI THINK TANK/SymbiosoAi-v4-12326/node_modules/@postman/tunnel-agent': '/Users/personal/Desktop/SymbiosoAI THINK TANK/SymbiosoAi-v4-12326/node_modules/@postman/.tunnel-agent-epYlykzo',
742 silly reify   '/Users/personal/Desktop/SymbiosoAI THINK TANK/SymbiosoAi-v4-12326/node_modules/@protobufjs/aspromise': '/Users/personal/Desktop/SymbiosoAI THINK TANK/SymbiosoAi-v4-12326/node_modules/@protobufjs/.aspromise-XcdvgpMS',
742 silly reify   '/Users/personal/Desktop/SymbiosoAI THINK TANK/SymbiosoAi-v4-12326/node_modules/@protobufjs/base64': '/Users/personal/Desktop/SymbiosoAI THINK TANK/SymbiosoAi-v4-12326/node_modules/@protobufjs/.base64-Y1PmVyMr',
742 silly reify   '/Users/personal/Desktop/SymbiosoAI THINK TANK/SymbiosoAi-v4-12326/node_modules/@protobufjs/codegen': '/Users/personal/Desktop/SymbiosoAI THINK TANK/SymbiosoAi-v4-12326/node_modules/@protobufjs/.codegen-PY1iFQ0U',
742 silly reify   '/Users/personal/Desktop/SymbiosoAI THINK TANK/SymbiosoAi-v4-12326/node_modules/@protobufjs/eventemitter': '/Users/personal/Desktop/SymbiosoAI THINK TANK/SymbiosoAi-v4-12326/node_modules/@protobufjs/.eventemitter-7CgQCcpO',
742 silly reify   '/Users/personal/Desktop/SymbiosoAI THINK TANK/SymbiosoAi-v4-12326/node_modules/@protobufjs/fetch': '/Users/personal/Desktop/SymbiosoAI THINK TANK/SymbiosoAi-v4-12326/node_modules/@protobufjs/.fetch-Zm5lybds',
742 silly reify   '/Users/personal/Desktop/SymbiosoAI THINK TANK/SymbiosoAi-v4-12326/node_modules/@protobufjs/float': '/Users/personal/Desktop/SymbiosoAI THINK TANK/SymbiosoAi-v4-12326/node_modules/@protobufjs/.float-BvSiUIgS',
742 silly reify   '/Users/personal/Desktop/SymbiosoAI THINK TANK/SymbiosoAi-v4-12326/node_modules/@protobufjs/inquire': '/Users/personal/Desktop/SymbiosoAI THINK TANK/SymbiosoAi-v4-12326/node_modules/@protobufjs/.inquire-9SsQG3mo',
742 silly reify   '/Users/personal/Desktop/SymbiosoAI THINK TANK/SymbiosoAi-v4-12326/node_modules/@protobufjs/path': '/Users/personal/Desktop/SymbiosoAI THINK TANK/SymbiosoAi-v4-12326/node_modules/@protobufjs/.path-qfsjcf4z',
742 silly reify   '/Users/personal/Desktop/SymbiosoAI THINK TANK/SymbiosoAi-v4-12326/node_modules/@protobufjs/pool': '/Users/personal/Desktop/SymbiosoAI THINK TANK/SymbiosoAi-v4-12326/node_modules/@protobufjs/.pool-haT4aNMx',
742 silly reify   '/Users/personal/Desktop/SymbiosoAI THINK TANK/SymbiosoAi-v4-12326/node_modules/@protobufjs/utf8': '/Users/personal/Desktop/SymbiosoAI THINK TANK/SymbiosoAi-v4-12326/node_modules/@protobufjs/.utf8-JYqsFiva',
742 silly reify   '/Users/personal/Desktop/SymbiosoAI THINK TANK/SymbiosoAi-v4-12326/node_modules/@radix-ui/react-accordion': '/Users/personal/Desktop/SymbiosoAI THINK TANK/SymbiosoAi-v4-12326/node_modules/@radix-ui/.react-accordion-Yhxp6Pyt',
742 silly reify   '/Users/personal/Desktop/SymbiosoAI THINK TANK/SymbiosoAi-v4-12326/node_modules/@radix-ui/primitive': '/Users/personal/Desktop/SymbiosoAI THINK TANK/SymbiosoAi-v4-12326/node_modules/@radix-ui/.primitive-UFi18YVF',
742 silly reify   '/Users/personal/Desktop/SymbiosoAI THINK TANK/SymbiosoAi-v4-12326/node_modules/@radix-ui/react-alert-dialog': '/Users/personal/Desktop/SymbiosoAI THINK TANK/SymbiosoAi-v4-12326/node_modules/@radix-ui/.react-alert-dialog-Sw4y0vWZ',
742 silly reify   '/Users/personal/Desktop/SymbiosoAI THINK TANK/SymbiosoAi-v4-12326/node_modules/@radix-ui/react-arrow': '/Users/personal/Desktop/SymbiosoAI THINK TANK/SymbiosoAi-v4-12326/node_modules/@radix-ui/.react-arrow-skTVKCm8',
742 silly reify   '/Users/personal/Desktop/SymbiosoAI THINK TANK/SymbiosoAi-v4-12326/node_modules/@radix-ui/react-aspect-ratio': '/Users/personal/Desktop/SymbiosoAI THINK TANK/SymbiosoAi-v4-12326/node_modules/@radix-ui/.react-aspect-ratio-V4ESTej5',
742 silly reify   '/Users/personal/Desktop/SymbiosoAI THINK TANK/SymbiosoAi-v4-12326/node_modules/@radix-ui/react-avatar': '/Users/personal/Desktop/SymbiosoAI THINK TANK/SymbiosoAi-v4-12326/node_modules/@radix-ui/.react-avatar-7iykk5OL',
742 silly reify   '/Users/personal/Desktop/SymbiosoAI THINK TANK/SymbiosoAi-v4-12326/node_modules/@radix-ui/react-checkbox': '/Users/personal/Desktop/SymbiosoAI THINK TANK/SymbiosoAi-v4-12326/node_modules/@radix-ui/.react-checkbox-JwNE4Yqv',
742 silly reify   '/Users/personal/Desktop/SymbiosoAI THINK TANK/SymbiosoAi-v4-12326/node_modules/@radix-ui/react-collapsible': '/Users/personal/Desktop/SymbiosoAI THINK TANK/SymbiosoAi-v4-12326/node_modules/@radix-ui/.react-collapsible-sCVRM8f9',
742 silly reify   '/Users/personal/Desktop/SymbiosoAI THINK TANK/SymbiosoAi-v4-12326/node_modules/@radix-ui/react-collection': '/Users/personal/Desktop/SymbiosoAI THINK TANK/SymbiosoAi-v4-12326/node_modules/@radix-ui/.react-collection-QisXAd5x',
742 silly reify   '/Users/personal/Desktop/SymbiosoAI THINK TANK/SymbiosoAi-v4-12326/node_modules/@radix-ui/react-context-menu': '/Users/personal/Desktop/SymbiosoAI THINK TANK/SymbiosoAi-v4-12326/node_modules/@radix-ui/.react-context-menu-qUNeYimC',
742 silly reify   '/Users/personal/Desktop/SymbiosoAI THINK TANK/SymbiosoAi-v4-12326/node_modules/@radix-ui/react-dialog': '/Users/personal/Desktop/SymbiosoAI THINK TANK/SymbiosoAi-v4-12326/node_modules/@radix-ui/.react-dialog-d6gOKCFU',
742 silly reify   '/Users/personal/Desktop/SymbiosoAI THINK TANK/SymbiosoAi-v4-12326/node_modules/@radix-ui/react-dismissable-layer': '/Users/personal/Desktop/SymbiosoAI THINK TANK/SymbiosoAi-v4-12326/node_modules/@radix-ui/.react-dismissable-layer-yBp60KLq',
742 silly reify   '/Users/personal/Desktop/SymbiosoAI THINK TANK/SymbiosoAi-v4-12326/node_modules/@radix-ui/react-dropdown-menu': '/Users/personal/Desktop/SymbiosoAI THINK TANK/SymbiosoAi-v4-12326/node_modules/@radix-ui/.react-dropdown-menu-IQ3IyHzL',
742 silly reify   '/Users/personal/Desktop/SymbiosoAI THINK TANK/SymbiosoAi-v4-12326/node_modules/@radix-ui/react-focus-guards': '/Users/personal/Desktop/SymbiosoAI THINK TANK/SymbiosoAi-v4-12326/node_modules/@radix-ui/.react-focus-guards-LNtkXq1t',
742 silly reify   '/Users/personal/Desktop/SymbiosoAI THINK TANK/SymbiosoAi-v4-12326/node_modules/@radix-ui/react-focus-scope': '/Users/personal/Desktop/SymbiosoAI THINK TANK/SymbiosoAi-v4-12326/node_modules/@radix-ui/.react-focus-scope-D7FDVcol',
742 silly reify   '/Users/personal/Desktop/SymbiosoAI THINK TANK/SymbiosoAi-v4-12326/node_modules/@radix-ui/react-hover-card': '/Users/personal/Desktop/SymbiosoAI THINK TANK/SymbiosoAi-v4-12326/node_modules/@radix-ui/.react-hover-card-EqbRcot9',
742 silly reify   '/Users/personal/Desktop/SymbiosoAI THINK TANK/SymbiosoAi-v4-12326/node_modules/@radix-ui/react-label': '/Users/personal/Desktop/SymbiosoAI THINK TANK/SymbiosoAi-v4-12326/node_modules/@radix-ui/.react-label-oMOwayMe',
742 silly reify   '/Users/personal/Desktop/SymbiosoAI THINK TANK/SymbiosoAi-v4-12326/node_modules/@radix-ui/react-menu': '/Users/personal/Desktop/SymbiosoAI THINK TANK/SymbiosoAi-v4-12326/node_modules/@radix-ui/.react-menu-HLj0H0sS',
742 silly reify   '/Users/personal/Desktop/SymbiosoAI THINK TANK/SymbiosoAi-v4-12326/node_modules/@radix-ui/react-menubar': '/Users/personal/Desktop/SymbiosoAI THINK TANK/SymbiosoAi-v4-12326/node_modules/@radix-ui/.react-menubar-cZaqBFN4',
742 silly reify   '/Users/personal/Desktop/SymbiosoAI THINK TANK/SymbiosoAi-v4-12326/node_modules/@radix-ui/react-navigation-menu': '/Users/personal/Desktop/SymbiosoAI THINK TANK/SymbiosoAi-v4-12326/node_modules/@radix-ui/.react-navigation-menu-DBhRKelS',
742 silly reify   '/Users/personal/Desktop/SymbiosoAI THINK TANK/SymbiosoAi-v4-12326/node_modules/@radix-ui/react-popover': '/Users/personal/Desktop/SymbiosoAI THINK TANK/SymbiosoAi-v4-12326/node_modules/@radix-ui/.react-popover-pspKuLK2',
742 silly reify   '/Users/personal/Desktop/SymbiosoAI THINK TANK/SymbiosoAi-v4-12326/node_modules/@radix-ui/react-popper': '/Users/personal/Desktop/SymbiosoAI THINK TANK/SymbiosoAi-v4-12326/node_modules/@radix-ui/.react-popper-uPh0QGjn',
742 silly reify   '/Users/personal/Desktop/SymbiosoAI THINK TANK/SymbiosoAi-v4-12326/node_modules/@radix-ui/react-portal': '/Users/personal/Desktop/SymbiosoAI THINK TANK/SymbiosoAi-v4-12326/node_modules/@radix-ui/.react-portal-BiXML2UY',
742 silly reify   '/Users/personal/Desktop/SymbiosoAI THINK TANK/SymbiosoAi-v4-12326/node_modules/@radix-ui/react-presence': '/Users/personal/Desktop/SymbiosoAI THINK TANK/SymbiosoAi-v4-12326/node_modules/@radix-ui/.react-presence-ogSN7TET',
742 silly reify   '/Users/personal/Desktop/SymbiosoAI THINK TANK/SymbiosoAi-v4-12326/node_modules/@radix-ui/react-primitive': '/Users/personal/Desktop/SymbiosoAI THINK TANK/SymbiosoAi-v4-12326/node_modules/@radix-ui/.react-primitive-TxIf2jGD',
742 silly reify   '/Users/personal/Desktop/SymbiosoAI THINK TANK/SymbiosoAi-v4-12326/node_modules/@radix-ui/react-progress': '/Users/personal/Desktop/SymbiosoAI THINK TANK/SymbiosoAi-v4-12326/node_modules/@radix-ui/.react-progress-Hzmrfqpd',
742 silly reify   '/Users/personal/Desktop/SymbiosoAI THINK TANK/SymbiosoAi-v4-12326/node_modules/@radix-ui/react-radio-group': '/Users/personal/Desktop/SymbiosoAI THINK TANK/SymbiosoAi-v4-12326/node_modules/@radix-ui/.react-radio-group-vGh0P77u',
742 silly reify   '/Users/personal/Desktop/SymbiosoAI THINK TANK/SymbiosoAi-v4-12326/node_modules/@radix-ui/react-roving-focus': '/Users/personal/Desktop/SymbiosoAI THINK TANK/SymbiosoAi-v4-12326/node_modules/@radix-ui/.react-roving-focus-x9WiXjny',
742 silly reify   '/Users/personal/Desktop/SymbiosoAI THINK TANK/SymbiosoAi-v4-12326/node_modules/@radix-ui/react-scroll-area': '/Users/personal/Desktop/SymbiosoAI THINK TANK/SymbiosoAi-v4-12326/node_modules/@radix-ui/.react-scroll-area-19Ey82VT',
742 silly reify   '/Users/personal/Desktop/SymbiosoAI THINK TANK/SymbiosoAi-v4-12326/node_modules/@radix-ui/react-select': '/Users/personal/Desktop/SymbiosoAI THINK TANK/SymbiosoAi-v4-12326/node_modules/@radix-ui/.react-select-BLdbiKvo',
742 silly reify   '/Users/personal/Desktop/SymbiosoAI THINK TANK/SymbiosoAi-v4-12326/node_modules/@radix-ui/react-separator': '/Users/personal/Desktop/SymbiosoAI THINK TANK/SymbiosoAi-v4-12326/node_modules/@radix-ui/.react-separator-sZtYoEVa',
742 silly reify   '/Users/personal/Desktop/SymbiosoAI THINK TANK/SymbiosoAi-v4-12326/node_modules/@radix-ui/react-slider': '/Users/personal/Desktop/SymbiosoAI THINK TANK/SymbiosoAi-v4-12326/node_modules/@radix-ui/.react-slider-7y36MJZX',
742 silly reify   '/Users/personal/Desktop/SymbiosoAI THINK TANK/SymbiosoAi-v4-12326/node_modules/@radix-ui/react-slot': '/Users/personal/Desktop/SymbiosoAI THINK TANK/SymbiosoAi-v4-12326/node_modules/@radix-ui/.react-slot-f9RSTRsT',
742 silly reify   '/Users/personal/Desktop/SymbiosoAI THINK TANK/SymbiosoAi-v4-12326/node_modules/@radix-ui/react-switch': '/Users/personal/Desktop/SymbiosoAI THINK TANK/SymbiosoAi-v4-12326/node_modules/@radix-ui/.react-switch-jIHUAWvO',
742 silly reify   '/Users/personal/Desktop/SymbiosoAI THINK TANK/SymbiosoAi-v4-12326/node_modules/@radix-ui/react-tabs': '/Users/personal/Desktop/SymbiosoAI THINK TANK/SymbiosoAi-v4-12326/node_modules/@radix-ui/.react-tabs-ygEGb5Df',
742 silly reify   '/Users/personal/Desktop/SymbiosoAI THINK TANK/SymbiosoAi-v4-12326/node_modules/@radix-ui/react-toast': '/Users/personal/Desktop/SymbiosoAI THINK TANK/SymbiosoAi-v4-12326/node_modules/@radix-ui/.react-toast-Fz8U7Klf',
742 silly reify   '/Users/personal/Desktop/SymbiosoAI THINK TANK/SymbiosoAi-v4-12326/node_modules/@radix-ui/react-toggle': '/Users/personal/Desktop/SymbiosoAI THINK TANK/SymbiosoAi-v4-12326/node_modules/@radix-ui/.react-toggle-wSnFZgkV',
742 silly reify   '/Users/personal/Desktop/SymbiosoAI THINK TANK/SymbiosoAi-v4-12326/node_modules/@radix-ui/react-toggle-group': '/Users/personal/Desktop/SymbiosoAI THINK TANK/SymbiosoAi-v4-12326/node_modules/@radix-ui/.react-toggle-group-y3Bf59Iq',
742 silly reify   '/Users/personal/Desktop/SymbiosoAI THINK TANK/SymbiosoAi-v4-12326/node_modules/@radix-ui/react-tooltip': '/Users/personal/Desktop/SymbiosoAI THINK TANK/SymbiosoAi-v4-12326/node_modules/@radix-ui/.react-tooltip-1rwfehvg',
742 silly reify   '/Users/personal/Desktop/SymbiosoAI THINK TANK/SymbiosoAi-v4-12326/node_modules/@radix-ui/react-use-controllable-state': '/Users/personal/Desktop/SymbiosoAI THINK TANK/SymbiosoAi-v4-12326/node_modules/@radix-ui/.react-use-controllable-state-B2PDwcca',
742 silly reify   '/Users/personal/Desktop/SymbiosoAI THINK TANK/SymbiosoAi-v4-12326/node_modules/@radix-ui/react-visually-hidden': '/Users/personal/Desktop/SymbiosoAI THINK TANK/SymbiosoAi-v4-12326/node_modules/@radix-ui/.react-visually-hidden-VtZaaJkc',
742 silly reify   '/Users/personal/Desktop/SymbiosoAI THINK TANK/SymbiosoAi-v4-12326/node_modules/@replit/vite-plugin-cartographer': '/Users/personal/Desktop/SymbiosoAI THINK TANK/SymbiosoAi-v4-12326/node_modules/@replit/.vite-plugin-cartographer-9IdVTV3j',
742 silly reify   '/Users/personal/Desktop/SymbiosoAI THINK TANK/SymbiosoAi-v4-12326/node_modules/@rollup/rollup-darwin-arm64': '/Users/personal/Desktop/SymbiosoAI THINK TANK/SymbiosoAi-v4-12326/node_modules/@rollup/.rollup-darwin-arm64-J3nhMXDx',
742 silly reify   '/Users/personal/Desktop/SymbiosoAI THINK TANK/SymbiosoAi-v4-12326/node_modules/@sinclair/typebox': '/Users/personal/Desktop/SymbiosoAI THINK TANK/SymbiosoAi-v4-12326/node_modules/@sinclair/.typebox-DtLjB9IV',
742 silly reify   '/Users/personal/Desktop/SymbiosoAI THINK TANK/SymbiosoAi-v4-12326/node_modules/@sinonjs/fake-timers': '/Users/personal/Desktop/SymbiosoAI THINK TANK/SymbiosoAi-v4-12326/node_modules/@sinonjs/.fake-timers-f6GUV0On',
742 silly reify   '/Users/personal/Desktop/SymbiosoAI THINK TANK/SymbiosoAi-v4-12326/node_modules/@stripe/react-stripe-js': '/Users/personal/Desktop/SymbiosoAI THINK TANK/SymbiosoAi-v4-12326/node_modules/@stripe/.react-stripe-js-IKLMkimC',
742 silly reify   '/Users/personal/Desktop/SymbiosoAI THINK TANK/SymbiosoAi-v4-12326/node_modules/@stripe/stripe-js': '/Users/personal/Desktop/SymbiosoAI THINK TANK/SymbiosoAi-v4-12326/node_modules/@stripe/.stripe-js-cLOzP2NK',
742 silly reify   '/Users/personal/Desktop/SymbiosoAI THINK TANK/SymbiosoAi-v4-12326/node_modules/@tailwindcss/node': '/Users/personal/Desktop/SymbiosoAI THINK TANK/SymbiosoAi-v4-12326/node_modules/@tailwindcss/.node-HUCubuAQ',
742 silly reify   '/Users/personal/Desktop/SymbiosoAI THINK TANK/SymbiosoAi-v4-12326/node_modules/@tailwindcss/oxide-darwin-arm64': '/Users/personal/Desktop/SymbiosoAI THINK TANK/SymbiosoAi-v4-12326/node_modules/@tailwindcss/.oxide-darwin-arm64-JlNSNVGw',
742 silly reify   '/Users/personal/Desktop/SymbiosoAI THINK TANK/SymbiosoAi-v4-12326/node_modules/@tailwindcss/oxide': '/Users/personal/Desktop/SymbiosoAI THINK TANK/SymbiosoAi-v4-12326/node_modules/@tailwindcss/.oxide-r9Deej0w',
742 silly reify   '/Users/personal/Desktop/SymbiosoAI THINK TANK/SymbiosoAi-v4-12326/node_modules/@tailwindcss/vite': '/Users/personal/Desktop/SymbiosoAI THINK TANK/SymbiosoAi-v4-12326/node_modules/@tailwindcss/.vite-XAVMHT2Y',
742 silly reify   '/Users/personal/Desktop/SymbiosoAI THINK TANK/SymbiosoAi-v4-12326/node_modules/@tailwindcss/typography': '/Users/personal/Desktop/SymbiosoAI THINK TANK/SymbiosoAi-v4-12326/node_modules/@tailwindcss/.typography-i96hz4uc',
742 silly reify   '/Users/personal/Desktop/SymbiosoAI THINK TANK/SymbiosoAi-v4-12326/node_modules/@tanstack/query-core': '/Users/personal/Desktop/SymbiosoAI THINK TANK/SymbiosoAi-v4-12326/node_modules/@tanstack/.query-core-2fd8juVs',
742 silly reify   '/Users/personal/Desktop/SymbiosoAI THINK TANK/SymbiosoAi-v4-12326/node_modules/@tanstack/react-query': '/Users/personal/Desktop/SymbiosoAI THINK TANK/SymbiosoAi-v4-12326/node_modules/@tanstack/.react-query-fswdTFBv',
742 silly reify   '/Users/personal/Desktop/SymbiosoAI THINK TANK/SymbiosoAi-v4-12326/node_modules/@tootallnate/once': '/Users/personal/Desktop/SymbiosoAI THINK TANK/SymbiosoAi-v4-12326/node_modules/@tootallnate/.once-hSKimyrt',
742 silly reify   '/Users/personal/Desktop/SymbiosoAI THINK TANK/SymbiosoAi-v4-12326/node_modules/@tsconfig/node10': '/Users/personal/Desktop/SymbiosoAI THINK TANK/SymbiosoAi-v4-12326/node_modules/@tsconfig/.node10-Y5pDATnU',
742 silly reify   '/Users/personal/Desktop/SymbiosoAI THINK TANK/SymbiosoAi-v4-12326/node_modules/@tsconfig/node12': '/Users/personal/Desktop/SymbiosoAI THINK TANK/SymbiosoAi-v4-12326/node_modules/@tsconfig/.node12-TnHvcJVC',
742 silly reify   '/Users/personal/Desktop/SymbiosoAI THINK TANK/SymbiosoAi-v4-12326/node_modules/@tsconfig/node14': '/Users/personal/Desktop/SymbiosoAI THINK TANK/SymbiosoAi-v4-12326/node_modules/@tsconfig/.node14-mAeYI68q',
742 silly reify   '/Users/personal/Desktop/SymbiosoAI THINK TANK/SymbiosoAi-v4-12326/node_modules/@sinonjs/commons': '/Users/personal/Desktop/SymbiosoAI THINK TANK/SymbiosoAi-v4-12326/node_modules/@sinonjs/.commons-ePQw374i',
742 silly reify   '/Users/personal/Desktop/SymbiosoAI THINK TANK/SymbiosoAi-v4-12326/node_modules/@tsconfig/node16': '/Users/personal/Desktop/SymbiosoAI THINK TANK/SymbiosoAi-v4-12326/node_modules/@tsconfig/.node16-1FrzxEIl',
742 silly reify   '/Users/personal/Desktop/SymbiosoAI THINK TANK/SymbiosoAi-v4-12326/node_modules/@types/babel__generator': '/Users/personal/Desktop/SymbiosoAI THINK TANK/SymbiosoAi-v4-12326/node_modules/@types/.babel__generator-vJBD60HF',
742 silly reify   '/Users/personal/Desktop/SymbiosoAI THINK TANK/SymbiosoAi-v4-12326/node_modules/@types/babel__traverse': '/Users/personal/Desktop/SymbiosoAI THINK TANK/SymbiosoAi-v4-12326/node_modules/@types/.babel__traverse-1wssvUDv',
742 silly reify   '/Users/personal/Desktop/SymbiosoAI THINK TANK/SymbiosoAi-v4-12326/node_modules/@types/bcryptjs': '/Users/personal/Desktop/SymbiosoAI THINK TANK/SymbiosoAi-v4-12326/node_modules/@types/.bcryptjs-lh6MCPXx',
742 silly reify   '/Users/personal/Desktop/SymbiosoAI THINK TANK/SymbiosoAi-v4-12326/node_modules/@types/body-parser': '/Users/personal/Desktop/SymbiosoAI THINK TANK/SymbiosoAi-v4-12326/node_modules/@types/.body-parser-csekTe1h',
742 silly reify   '/Users/personal/Desktop/SymbiosoAI THINK TANK/SymbiosoAi-v4-12326/node_modules/@types/caseless': '/Users/personal/Desktop/SymbiosoAI THINK TANK/SymbiosoAi-v4-12326/node_modules/@types/.caseless-W5W7PHtL',
742 silly reify   '/Users/personal/Desktop/SymbiosoAI THINK TANK/SymbiosoAi-v4-12326/node_modules/@types/cookiejar': '/Users/personal/Desktop/SymbiosoAI THINK TANK/SymbiosoAi-v4-12326/node_modules/@types/.cookiejar-MuICJbQy',
742 silly reify   '/Users/personal/Desktop/SymbiosoAI THINK TANK/SymbiosoAi-v4-12326/node_modules/@types/d3-array': '/Users/personal/Desktop/SymbiosoAI THINK TANK/SymbiosoAi-v4-12326/node_modules/@types/.d3-array-9OaBkZCv',
742 silly reify   '/Users/personal/Desktop/SymbiosoAI THINK TANK/SymbiosoAi-v4-12326/node_modules/@types/d3-path': '/Users/personal/Desktop/SymbiosoAI THINK TANK/SymbiosoAi-v4-12326/node_modules/@types/.d3-path-v1t3XnUI',
742 silly reify   '/Users/personal/Desktop/SymbiosoAI THINK TANK/SymbiosoAi-v4-12326/node_modules/@types/d3-scale': '/Users/personal/Desktop/SymbiosoAI THINK TANK/SymbiosoAi-v4-12326/node_modules/@types/.d3-scale-Bmw5GYNH',
742 silly reify   '/Users/personal/Desktop/SymbiosoAI THINK TANK/SymbiosoAi-v4-12326/node_modules/@types/d3-shape': '/Users/personal/Desktop/SymbiosoAI THINK TANK/SymbiosoAi-v4-12326/node_modules/@types/.d3-shape-mowlM8mH',
742 silly reify   '/Users/personal/Desktop/SymbiosoAI THINK TANK/SymbiosoAi-v4-12326/node_modules/@types/d3-time': '/Users/personal/Desktop/SymbiosoAI THINK TANK/SymbiosoAi-v4-12326/node_modules/@types/.d3-time-ncHOXs44',
742 silly reify   '/Users/personal/Desktop/SymbiosoAI THINK TANK/SymbiosoAi-v4-12326/node_modules/@types/estree': '/Users/personal/Desktop/SymbiosoAI THINK TANK/SymbiosoAi-v4-12326/node_modules/@types/.estree-EJoqt5mZ',
742 silly reify   '/Users/personal/Desktop/SymbiosoAI THINK TANK/SymbiosoAi-v4-12326/node_modules/@types/express-serve-static-core': '/Users/personal/Desktop/SymbiosoAI THINK TANK/SymbiosoAi-v4-12326/node_modules/@types/.express-serve-static-core-EpGsLX6E',
742 silly reify   '/Users/personal/Desktop/SymbiosoAI THINK TANK/SymbiosoAi-v4-12326/node_modules/@types/express-session': '/Users/personal/Desktop/SymbiosoAI THINK TANK/SymbiosoAi-v4-12326/node_modules/@types/.express-session-4idNi3VG',
742 silly reify   '/Users/personal/Desktop/SymbiosoAI THINK TANK/SymbiosoAi-v4-12326/node_modules/@types/http-errors': '/Users/personal/Desktop/SymbiosoAI THINK TANK/SymbiosoAi-v4-12326/node_modules/@types/.http-errors-JFJCGMmw',
742 silly reify   '/Users/personal/Desktop/SymbiosoAI THINK TANK/SymbiosoAi-v4-12326/node_modules/@types/istanbul-lib-coverage': '/Users/personal/Desktop/SymbiosoAI THINK TANK/SymbiosoAi-v4-12326/node_modules/@types/.istanbul-lib-coverage-Otf0fUJM',
742 silly reify   '/Users/personal/Desktop/SymbiosoAI THINK TANK/SymbiosoAi-v4-12326/node_modules/@types/istanbul-lib-report': '/Users/personal/Desktop/SymbiosoAI THINK TANK/SymbiosoAi-v4-12326/node_modules/@types/.istanbul-lib-report-FasUSZWO',
742 silly reify   '/Users/personal/Desktop/SymbiosoAI THINK TANK/SymbiosoAi-v4-12326/node_modules/@types/istanbul-reports': '/Users/personal/Desktop/SymbiosoAI THINK TANK/SymbiosoAi-v4-12326/node_modules/@types/.istanbul-reports-vvT7JBsQ',
742 silly reify   '/Users/personal/Desktop/SymbiosoAI THINK TANK/SymbiosoAi-v4-12326/node_modules/@types/jest': '/Users/personal/Desktop/SymbiosoAI THINK TANK/SymbiosoAi-v4-12326/node_modules/@types/.jest-8vwAtCiV',
742 silly reify   '/Users/personal/Desktop/SymbiosoAI THINK TANK/SymbiosoAi-v4-12326/node_modules/@types/memoizee': '/Users/personal/Desktop/SymbiosoAI THINK TANK/SymbiosoAi-v4-12326/node_modules/@types/.memoizee-7Wfd6QIV',
742 silly reify   '/Users/personal/Desktop/SymbiosoAI THINK TANK/SymbiosoAi-v4-12326/node_modules/@types/methods': '/Users/personal/Desktop/SymbiosoAI THINK TANK/SymbiosoAi-v4-12326/node_modules/@types/.methods-SldrPxYf',
742 silly reify   '/Users/personal/Desktop/SymbiosoAI THINK TANK/SymbiosoAi-v4-12326/node_modules/@types/mime': '/Users/personal/Desktop/SymbiosoAI THINK TANK/SymbiosoAi-v4-12326/node_modules/@types/.mime-yGptpZPi',
742 silly reify   '/Users/personal/Desktop/SymbiosoAI THINK TANK/SymbiosoAi-v4-12326/node_modules/@types/node-fetch': '/Users/personal/Desktop/SymbiosoAI THINK TANK/SymbiosoAi-v4-12326/node_modules/@types/.node-fetch-MvKOxnvX',
742 silly reify   '/Users/personal/Desktop/SymbiosoAI THINK TANK/SymbiosoAi-v4-12326/node_modules/@types/pako': '/Users/personal/Desktop/SymbiosoAI THINK TANK/SymbiosoAi-v4-12326/node_modules/@types/.pako-OgD8rZa2',
742 silly reify   '/Users/personal/Desktop/SymbiosoAI THINK TANK/SymbiosoAi-v4-12326/node_modules/@types/prop-types': '/Users/personal/Desktop/SymbiosoAI THINK TANK/SymbiosoAi-v4-12326/node_modules/@types/.prop-types-GOuEivkJ',
742 silly reify   '/Users/personal/Desktop/SymbiosoAI THINK TANK/SymbiosoAi-v4-12326/node_modules/@types/raf': '/Users/personal/Desktop/SymbiosoAI THINK TANK/SymbiosoAi-v4-12326/node_modules/@types/.raf-mZvhAf5n',
742 silly reify   '/Users/personal/Desktop/SymbiosoAI THINK TANK/SymbiosoAi-v4-12326/node_modules/@types/qs': '/Users/personal/Desktop/SymbiosoAI THINK TANK/SymbiosoAi-v4-12326/node_modules/@types/.qs-quq1mSKq',
742 silly reify   '/Users/personal/Desktop/SymbiosoAI THINK TANK/SymbiosoAi-v4-12326/node_modules/@types/react': '/Users/personal/Desktop/SymbiosoAI THINK TANK/SymbiosoAi-v4-12326/node_modules/@types/.react-NfNUq4E8',
742 silly reify   '/Users/personal/Desktop/SymbiosoAI THINK TANK/SymbiosoAi-v4-12326/node_modules/@types/react-dom': '/Users/personal/Desktop/SymbiosoAI THINK TANK/SymbiosoAi-v4-12326/node_modules/@types/.react-dom-OmY4OEmU',
742 silly reify   '/Users/personal/Desktop/SymbiosoAI THINK TANK/SymbiosoAi-v4-12326/node_modules/@types/request': '/Users/personal/Desktop/SymbiosoAI THINK TANK/SymbiosoAi-v4-12326/node_modules/@types/.request-glUjP2zq',
742 silly reify   '/Users/personal/Desktop/SymbiosoAI THINK TANK/SymbiosoAi-v4-12326/node_modules/@types/send': '/Users/personal/Desktop/SymbiosoAI THINK TANK/SymbiosoAi-v4-12326/node_modules/@types/.send-b6BdI5Xu',
742 silly reify   '/Users/personal/Desktop/SymbiosoAI THINK TANK/SymbiosoAi-v4-12326/node_modules/@types/serve-static': '/Users/personal/Desktop/SymbiosoAI THINK TANK/SymbiosoAi-v4-12326/node_modules/@types/.serve-static-f1QmVkwe',
742 silly reify   '/Users/personal/Desktop/SymbiosoAI THINK TANK/SymbiosoAi-v4-12326/node_modules/@types/stack-utils': '/Users/personal/Desktop/SymbiosoAI THINK TANK/SymbiosoAi-v4-12326/node_modules/@types/.stack-utils-217P65LA',
742 silly reify   '/Users/personal/Desktop/SymbiosoAI THINK TANK/SymbiosoAi-v4-12326/node_modules/@types/superagent': '/Users/personal/Desktop/SymbiosoAI THINK TANK/SymbiosoAi-v4-12326/node_modules/@types/.superagent-H6Y7keo5',
742 silly reify   '/Users/personal/Desktop/SymbiosoAI THINK TANK/SymbiosoAi-v4-12326/node_modules/@types/supertest': '/Users/personal/Desktop/SymbiosoAI THINK TANK/SymbiosoAi-v4-12326/node_modules/@types/.supertest-qqWrOJim',
742 silly reify   '/Users/personal/Desktop/SymbiosoAI THINK TANK/SymbiosoAi-v4-12326/node_modules/@types/tough-cookie': '/Users/personal/Desktop/SymbiosoAI THINK TANK/SymbiosoAi-v4-12326/node_modules/@types/.tough-cookie-CZ9Gisqw',
742 silly reify   '/Users/personal/Desktop/SymbiosoAI THINK TANK/SymbiosoAi-v4-12326/node_modules/@types/trusted-types': '/Users/personal/Desktop/SymbiosoAI THINK TANK/SymbiosoAi-v4-12326/node_modules/@types/.trusted-types-IsCdILtX',
742 silly reify   '/Users/personal/Desktop/SymbiosoAI THINK TANK/SymbiosoAi-v4-12326/node_modules/@types/web-push': '/Users/personal/Desktop/SymbiosoAI THINK TANK/SymbiosoAi-v4-12326/node_modules/@types/.web-push-mKJJoTMF',
742 silly reify   '/Users/personal/Desktop/SymbiosoAI THINK TANK/SymbiosoAi-v4-12326/node_modules/@types/ws': '/Users/personal/Desktop/SymbiosoAI THINK TANK/SymbiosoAi-v4-12326/node_modules/@types/.ws-r363MuAj',
742 silly reify   '/Users/personal/Desktop/SymbiosoAI THINK TANK/SymbiosoAi-v4-12326/node_modules/@types/yargs': '/Users/personal/Desktop/SymbiosoAI THINK TANK/SymbiosoAi-v4-12326/node_modules/@types/.yargs-hw5XiiXe',
742 silly reify   '/Users/personal/Desktop/SymbiosoAI THINK TANK/SymbiosoAi-v4-12326/node_modules/@types/yargs-parser': '/Users/personal/Desktop/SymbiosoAI THINK TANK/SymbiosoAi-v4-12326/node_modules/@types/.yargs-parser-6qvd7lW4',
742 silly reify   '/Users/personal/Desktop/SymbiosoAI THINK TANK/SymbiosoAi-v4-12326/node_modules/@ungap/structured-clone': '/Users/personal/Desktop/SymbiosoAI THINK TANK/SymbiosoAi-v4-12326/node_modules/@ungap/.structured-clone-47e566qr',
742 silly reify   '/Users/personal/Desktop/SymbiosoAI THINK TANK/SymbiosoAi-v4-12326/node_modules/@unrs/resolver-binding-darwin-arm64': '/Users/personal/Desktop/SymbiosoAI THINK TANK/SymbiosoAi-v4-12326/node_modules/@unrs/.resolver-binding-darwin-arm64-oyf2qZ4d',
742 silly reify   '/Users/personal/Desktop/SymbiosoAI THINK TANK/SymbiosoAi-v4-12326/node_modules/@vitejs/plugin-react': '/Users/personal/Desktop/SymbiosoAI THINK TANK/SymbiosoAi-v4-12326/node_modules/@vitejs/.plugin-react-Cs0QJ9QE',
742 silly reify   '/Users/personal/Desktop/SymbiosoAI THINK TANK/SymbiosoAi-v4-12326/node_modules/cssesc': '/Users/personal/Desktop/SymbiosoAI THINK TANK/SymbiosoAi-v4-12326/node_modules/.cssesc-TA7yetDw',
742 silly reify   '/Users/personal/Desktop/SymbiosoAI THINK TANK/SymbiosoAi-v4-12326/node_modules/.bin/cssesc': '/Users/personal/Desktop/SymbiosoAI THINK TANK/SymbiosoAi-v4-12326/node_modules/.bin/.cssesc-05q8gK4I',
742 silly reify   '/Users/personal/Desktop/SymbiosoAI THINK TANK/SymbiosoAi-v4-12326/node_modules/loose-envify': '/Users/personal/Desktop/SymbiosoAI THINK TANK/SymbiosoAi-v4-12326/node_modules/.loose-envify-QkDe3Vvy',
742 silly reify   '/Users/personal/Desktop/SymbiosoAI THINK TANK/SymbiosoAi-v4-12326/node_modules/.bin/loose-envify': '/Users/personal/Desktop/SymbiosoAI THINK TANK/SymbiosoAi-v4-12326/node_modules/.bin/.loose-envify-ZFOTNRDz',
742 silly reify   '/Users/personal/Desktop/SymbiosoAI THINK TANK/SymbiosoAi-v4-12326/node_modules/json5': '/Users/personal/Desktop/SymbiosoAI THINK TANK/SymbiosoAi-v4-12326/node_modules/.json5-osYVCoIj',
742 silly reify   '/Users/personal/Desktop/SymbiosoAI THINK TANK/SymbiosoAi-v4-12326/node_modules/.bin/json5': '/Users/personal/Desktop/SymbiosoAI THINK TANK/SymbiosoAi-v4-12326/node_modules/.bin/.json5-rhPxOjXF',
742 silly reify   '/Users/personal/Desktop/SymbiosoAI THINK TANK/SymbiosoAi-v4-12326/node_modules/mime': '/Users/personal/Desktop/SymbiosoAI THINK TANK/SymbiosoAi-v4-12326/node_modules/.mime-0zJsR8Xt',
742 silly reify   '/Users/personal/Desktop/SymbiosoAI THINK TANK/SymbiosoAi-v4-12326/node_modules/.bin/mime': '/Users/personal/Desktop/SymbiosoAI THINK TANK/SymbiosoAi-v4-12326/node_modules/.bin/.mime-FSVJIsNu',
742 silly reify   '/Users/personal/Desktop/SymbiosoAI THINK TANK/SymbiosoAi-v4-12326/node_modules/semver': '/Users/personal/Desktop/SymbiosoAI THINK TANK/SymbiosoAi-v4-12326/node_modules/.semver-5rUfUDzS',
742 silly reify   '/Users/personal/Desktop/SymbiosoAI THINK TANK/SymbiosoAi-v4-12326/node_modules/.bin/semver': '/Users/personal/Desktop/SymbiosoAI THINK TANK/SymbiosoAi-v4-12326/node_modules/.bin/.semver-yhNoDYPp',
742 silly reify   '/Users/personal/Desktop/SymbiosoAI THINK TANK/SymbiosoAi-v4-12326/node_modules/typescript': '/Users/personal/Desktop/SymbiosoAI THINK TANK/SymbiosoAi-v4-12326/node_modules/.typescript-Re7TQCu0',
742 silly reify   '/Users/personal/Desktop/SymbiosoAI THINK TANK/SymbiosoAi-v4-12326/node_modules/.bin/tsc': '/Users/personal/Desktop/SymbiosoAI THINK TANK/SymbiosoAi-v4-12326/node_modules/.bin/.tsc-FVjf7bT6',
742 silly reify   '/Users/personal/Desktop/SymbiosoAI THINK TANK/SymbiosoAi-v4-12326/node_modules/.bin/tsserver': '/Users/personal/Desktop/SymbiosoAI THINK TANK/SymbiosoAi-v4-12326/node_modules/.bin/.tsserver-FjlppTc7',
742 silly reify   '/Users/personal/Desktop/SymbiosoAI THINK TANK/SymbiosoAi-v4-12326/node_modules/@esbuild-kit/core-utils/node_modules/esbuild': '/Users/personal/Desktop/SymbiosoAI THINK TANK/SymbiosoAi-v4-12326/node_modules/@esbuild-kit/core-utils/node_modules/.esbuild-dhZRYjmK',
742 silly reify   '/Users/personal/Desktop/SymbiosoAI THINK TANK/SymbiosoAi-v4-12326/node_modules/@esbuild-kit/core-utils/node_modules/.bin/esbuild': '/Users/personal/Desktop/SymbiosoAI THINK TANK/SymbiosoAi-v4-12326/node_modules/@esbuild-kit/core-utils/node_modules/.bin/.esbuild-XlFepPWH'
742 silly reify }
743 silly audit bulk request {
743 silly audit   '@alloc/quick-lru': [ '5.2.0' ],
743 silly audit   '@anthropic-ai/sdk': [ '0.37.0' ],
743 silly audit   '@types/node': [ '18.19.123', '20.16.11', '24.5.0' ],
743 silly audit   'undici-types': [ '5.26.5', '7.12.0', '6.19.8' ],
743 silly audit   '@babel/code-frame': [ '7.27.1' ],
743 silly audit   '@babel/compat-data': [ '7.28.4' ],
743 silly audit   '@babel/core': [ '7.28.4' ],
743 silly audit   '@babel/generator': [ '7.28.3' ],
743 silly audit   '@babel/helper-compilation-targets': [ '7.27.2' ],
743 silly audit   '@babel/helper-globals': [ '7.28.0' ],
743 silly audit   '@babel/helper-module-imports': [ '7.27.1' ],
743 silly audit   '@babel/helper-module-transforms': [ '7.28.3' ],
743 silly audit   '@babel/helper-plugin-utils': [ '7.27.1' ],
743 silly audit   '@babel/helper-string-parser': [ '7.27.1' ],
743 silly audit   '@babel/helper-validator-identifier': [ '7.27.1' ],
743 silly audit   '@babel/helper-validator-option': [ '7.27.1' ],
743 silly audit   '@babel/helpers': [ '7.28.4' ],
743 silly audit   '@babel/parser': [ '7.28.4' ],
743 silly audit   '@babel/plugin-syntax-async-generators': [ '7.8.4' ],
743 silly audit   '@babel/plugin-syntax-bigint': [ '7.8.3' ],
743 silly audit   '@babel/plugin-syntax-class-properties': [ '7.12.13' ],
743 silly audit   '@babel/plugin-syntax-class-static-block': [ '7.14.5' ],
743 silly audit   '@babel/plugin-syntax-import-attributes': [ '7.27.1' ],
743 silly audit   '@babel/plugin-syntax-import-meta': [ '7.10.4' ],
743 silly audit   '@babel/plugin-syntax-json-strings': [ '7.8.3' ],
743 silly audit   '@babel/plugin-syntax-jsx': [ '7.27.1' ],
743 silly audit   '@babel/plugin-syntax-logical-assignment-operators': [ '7.10.4' ],
743 silly audit   '@babel/plugin-syntax-nullish-coalescing-operator': [ '7.8.3' ],
743 silly audit   '@babel/plugin-syntax-numeric-separator': [ '7.10.4' ],
743 silly audit   '@babel/plugin-syntax-object-rest-spread': [ '7.8.3' ],
743 silly audit   '@babel/plugin-syntax-optional-catch-binding': [ '7.8.3' ],
743 silly audit   '@babel/plugin-syntax-optional-chaining': [ '7.8.3' ],
743 silly audit   '@babel/plugin-syntax-private-property-in-object': [ '7.14.5' ],
743 silly audit   '@babel/plugin-syntax-top-level-await': [ '7.14.5' ],
743 silly audit   '@babel/plugin-syntax-typescript': [ '7.27.1' ],
743 silly audit   '@babel/plugin-transform-react-jsx-self': [ '7.25.9' ],
743 silly audit   '@babel/plugin-transform-react-jsx-source': [ '7.25.9' ],
743 silly audit   '@babel/runtime': [ '7.27.0' ],
743 silly audit   '@babel/template': [ '7.27.2' ],
743 silly audit   '@babel/traverse': [ '7.28.4' ],
743 silly audit   '@babel/types': [ '7.28.4' ],
743 silly audit   '@bcoe/v8-coverage': [ '0.2.3' ],
743 silly audit   '@budibase/handlebars-helpers': [ '0.13.1' ],
743 silly audit   '@colors/colors': [ '1.5.0' ],
743 silly audit   '@cspotcode/source-map-support': [ '0.8.1' ],
743 silly audit   '@jridgewell/trace-mapping': [ '0.3.9', '0.3.31' ],
743 silly audit   '@drizzle-team/brocli': [ '0.10.2' ],
743 silly audit   '@emnapi/core': [ '1.5.0' ],
743 silly audit   '@emnapi/runtime': [ '1.5.0' ],
743 silly audit   '@emnapi/wasi-threads': [ '1.1.0' ],
743 silly audit   '@esbuild-kit/core-utils': [ '3.3.2' ],
743 silly audit   '@esbuild/android-arm': [ '0.18.20', '0.25.0', '0.19.12', '0.23.1', '0.21.5' ],
743 silly audit   '@esbuild/android-arm64': [ '0.18.20', '0.25.0', '0.19.12', '0.23.1', '0.21.5' ],
743 silly audit   '@esbuild/android-x64': [ '0.18.20', '0.25.0', '0.19.12', '0.23.1', '0.21.5' ],
743 silly audit   '@esbuild/darwin-arm64': [ '0.18.20', '0.25.0', '0.19.12', '0.23.1', '0.21.5' ],
743 silly audit   '@esbuild/darwin-x64': [ '0.18.20', '0.25.0', '0.19.12', '0.23.1', '0.21.5' ],
743 silly audit   '@esbuild/freebsd-arm64': [ '0.18.20', '0.25.0', '0.19.12', '0.23.1', '0.21.5' ],
743 silly audit   '@esbuild/freebsd-x64': [ '0.18.20', '0.25.0', '0.19.12', '0.23.1', '0.21.5' ],
743 silly audit   '@esbuild/linux-arm': [ '0.18.20', '0.25.0', '0.19.12', '0.23.1', '0.21.5' ],
743 silly audit   '@esbuild/linux-arm64': [ '0.18.20', '0.25.0', '0.19.12', '0.23.1', '0.21.5' ],
743 silly audit   '@esbuild/linux-ia32': [ '0.18.20', '0.25.0', '0.19.12', '0.23.1', '0.21.5' ],
743 silly audit   '@esbuild/linux-loong64': [ '0.18.20', '0.25.0', '0.19.12', '0.23.1', '0.21.5' ],
743 silly audit   '@esbuild/linux-mips64el': [ '0.18.20', '0.25.0', '0.19.12', '0.23.1', '0.21.5' ],
743 silly audit   '@esbuild/linux-ppc64': [ '0.18.20', '0.25.0', '0.19.12', '0.23.1', '0.21.5' ],
743 silly audit   '@esbuild/linux-riscv64': [ '0.18.20', '0.25.0', '0.19.12', '0.23.1', '0.21.5' ],
743 silly audit   '@esbuild/linux-s390x': [ '0.18.20', '0.25.0', '0.19.12', '0.23.1', '0.21.5' ],
743 silly audit   '@esbuild/linux-x64': [ '0.18.20', '0.25.0', '0.19.12', '0.23.1', '0.21.5' ],
743 silly audit   '@esbuild/netbsd-x64': [ '0.18.20', '0.25.0', '0.19.12', '0.23.1', '0.21.5' ],
743 silly audit   '@esbuild/openbsd-x64': [ '0.18.20', '0.25.0', '0.19.12', '0.23.1', '0.21.5' ],
743 silly audit   '@esbuild/sunos-x64': [ '0.18.20', '0.25.0', '0.19.12', '0.23.1', '0.21.5' ],
743 silly audit   '@esbuild/win32-arm64': [ '0.18.20', '0.25.0', '0.19.12', '0.23.1', '0.21.5' ],
743 silly audit   '@esbuild/win32-ia32': [ '0.18.20', '0.25.0', '0.19.12', '0.23.1', '0.21.5' ],
743 silly audit   '@esbuild/win32-x64': [ '0.18.20', '0.25.0', '0.19.12', '0.23.1', '0.21.5' ],
743 silly audit   esbuild: [ '0.18.20', '0.19.12', '0.25.0', '0.23.1', '0.21.5' ],
743 silly audit   '@esbuild-kit/esm-loader': [ '2.6.5' ],
743 silly audit   '@esbuild/aix-ppc64': [ '0.25.0', '0.19.12', '0.23.1', '0.21.5' ],
743 silly audit   '@esbuild/netbsd-arm64': [ '0.25.0' ],
743 silly audit   '@esbuild/openbsd-arm64': [ '0.25.0', '0.23.1' ],
743 silly audit   '@faker-js/faker': [ '5.5.3' ],
743 silly audit   '@floating-ui/core': [ '1.6.9' ],
743 silly audit   '@floating-ui/dom': [ '1.6.13' ],
743 silly audit   '@floating-ui/react-dom': [ '2.1.2' ],
743 silly audit   '@floating-ui/utils': [ '0.2.9' ],
743 silly audit   '@google-cloud/paginator': [ '5.0.2' ],
743 silly audit   '@google-cloud/projectify': [ '4.0.0' ],
743 silly audit   '@google-cloud/promisify': [ '4.0.0' ],
743 silly audit   '@google-cloud/storage': [ '7.17.1' ],
743 silly audit   'gcp-metadata': [ '6.1.1', '7.0.1' ],
743 silly audit   'google-auth-library': [ '9.15.1', '10.3.0' ],
743 silly audit   'google-logging-utils': [ '0.0.2', '1.1.1' ],
743 silly audit   gtoken: [ '7.1.0', '8.0.0' ],
743 silly audit   mime: [ '3.0.0', '1.6.0', '2.6.0' ],
743 silly audit   uuid: [ '8.3.2', '3.4.0', '9.0.1' ],
743 silly audit   '@grpc/grpc-js': [ '1.13.4' ],
743 silly audit   '@grpc/proto-loader': [ '0.7.15' ],
743 silly audit   '@hookform/resolvers': [ '3.10.0' ],
743 silly audit   '@ioredis/commands': [ '1.3.1' ],
743 silly audit   '@isaacs/cliui': [ '8.0.2' ],
743 silly audit   '@istanbuljs/load-nyc-config': [ '1.1.0' ],
743 silly audit   '@istanbuljs/schema': [ '0.1.3' ],
743 silly audit   '@jest/console': [ '30.1.2' ],
743 silly audit   '@jest/core': [ '30.1.3' ],
743 silly audit   '@jest/diff-sequences': [ '30.0.1' ],
743 silly audit   '@jest/environment': [ '30.1.2' ],
743 silly audit   '@jest/expect': [ '30.1.2' ],
743 silly audit   '@jest/expect-utils': [ '30.1.2' ],
743 silly audit   '@jest/fake-timers': [ '30.1.2' ],
743 silly audit   '@jest/get-type': [ '30.1.0' ],
743 silly audit   '@jest/globals': [ '30.1.2' ],
743 silly audit   '@jest/pattern': [ '30.0.1' ],
743 silly audit   '@jest/reporters': [ '30.1.3' ],
743 silly audit   '@jest/schemas': [ '30.0.5' ],
743 silly audit   '@jest/snapshot-utils': [ '30.1.2' ],
743 silly audit   '@jest/source-map': [ '30.0.1' ],
743 silly audit   '@jest/test-result': [ '30.1.3' ],
743 silly audit   '@jest/test-sequencer': [ '30.1.3' ],
743 silly audit   '@jest/transform': [ '30.1.2' ],
743 silly audit   '@jest/types': [ '30.0.5' ],
743 silly audit   '@jridgewell/gen-mapping': [ '0.3.13' ],
743 silly audit   '@jridgewell/remapping': [ '2.3.5' ],
743 silly audit   '@jridgewell/resolve-uri': [ '3.1.2' ],
743 silly audit   '@jridgewell/sourcemap-codec': [ '1.5.0' ],
743 silly audit   '@js-sdsl/ordered-map': [ '4.4.2' ],
743 silly audit   '@msgpackr-extract/msgpackr-extract-darwin-arm64': [ '3.0.3' ],
743 silly audit   '@msgpackr-extract/msgpackr-extract-darwin-x64': [ '3.0.3' ],
743 silly audit   '@msgpackr-extract/msgpackr-extract-linux-arm': [ '3.0.3' ],
743 silly audit   '@msgpackr-extract/msgpackr-extract-linux-arm64': [ '3.0.3' ],
743 silly audit   '@msgpackr-extract/msgpackr-extract-linux-x64': [ '3.0.3' ],
743 silly audit   '@msgpackr-extract/msgpackr-extract-win32-x64': [ '3.0.3' ],
743 silly audit   '@napi-rs/wasm-runtime': [ '0.2.12' ],
743 silly audit   '@neondatabase/serverless': [ '0.10.4' ],
743 silly audit   '@noble/hashes': [ '1.8.0' ],
743 silly audit   '@nodelib/fs.scandir': [ '2.1.5' ],
743 silly audit   '@nodelib/fs.stat': [ '2.0.5' ],
743 silly audit   '@nodelib/fs.walk': [ '1.2.8' ],
743 silly audit   '@opentelemetry/api': [ '1.9.0' ],
743 silly audit   '@opentelemetry/api-logs': [ '0.205.0' ],
743 silly audit   '@opentelemetry/context-async-hooks': [ '2.1.0' ],
743 silly audit   '@opentelemetry/core': [ '2.1.0' ],
743 silly audit   '@opentelemetry/exporter-logs-otlp-grpc': [ '0.205.0' ],
743 silly audit   '@opentelemetry/exporter-logs-otlp-http': [ '0.205.0' ],
743 silly audit   '@opentelemetry/exporter-logs-otlp-proto': [ '0.205.0' ],
743 silly audit   '@opentelemetry/exporter-metrics-otlp-grpc': [ '0.205.0' ],
743 silly audit   '@opentelemetry/exporter-metrics-otlp-http': [ '0.205.0' ],
743 silly audit   '@opentelemetry/exporter-metrics-otlp-proto': [ '0.205.0' ],
743 silly audit   '@opentelemetry/exporter-prometheus': [ '0.205.0' ],
743 silly audit   '@opentelemetry/exporter-trace-otlp-grpc': [ '0.205.0' ],
743 silly audit   '@opentelemetry/exporter-trace-otlp-http': [ '0.205.0' ],
743 silly audit   '@opentelemetry/exporter-trace-otlp-proto': [ '0.205.0' ],
743 silly audit   '@opentelemetry/exporter-zipkin': [ '2.1.0' ],
743 silly audit   '@opentelemetry/instrumentation': [ '0.205.0' ],
743 silly audit   '@opentelemetry/otlp-exporter-base': [ '0.205.0' ],
743 silly audit   '@opentelemetry/otlp-grpc-exporter-base': [ '0.205.0' ],
743 silly audit   '@opentelemetry/otlp-transformer': [ '0.205.0' ],
743 silly audit   '@opentelemetry/propagator-b3': [ '2.1.0' ],
743 silly audit   '@opentelemetry/propagator-jaeger': [ '2.1.0' ],
743 silly audit   '@opentelemetry/resources': [ '2.1.0' ],
743 silly audit   '@opentelemetry/sdk-logs': [ '0.205.0' ],
743 silly audit   '@opentelemetry/sdk-metrics': [ '2.1.0' ],
743 silly audit   '@opentelemetry/sdk-node': [ '0.205.0' ],
743 silly audit   '@opentelemetry/sdk-trace-base': [ '2.1.0' ],
743 silly audit   '@opentelemetry/sdk-trace-node': [ '2.1.0' ],
743 silly audit   '@opentelemetry/semantic-conventions': [ '1.37.0' ],
743 silly audit   '@paralleldrive/cuid2': [ '2.2.2' ],
743 silly audit   '@pkgjs/parseargs': [ '0.11.0' ],
743 silly audit   '@pkgr/core': [ '0.2.9' ],
743 silly audit   '@playwright/test': [ '1.55.0' ],
743 silly audit   '@postman/form-data': [ '3.1.1' ],
743 silly audit   '@postman/tough-cookie': [ '4.1.3-postman.1' ],
743 silly audit   '@postman/tunnel-agent': [ '0.6.4' ],
743 silly audit   '@protobufjs/aspromise': [ '1.1.2' ],
743 silly audit   '@protobufjs/base64': [ '1.1.2' ],
743 silly audit   '@protobufjs/codegen': [ '2.0.4' ],
743 silly audit   '@protobufjs/eventemitter': [ '1.1.0' ],
743 silly audit   '@protobufjs/fetch': [ '1.1.0' ],
743 silly audit   '@protobufjs/float': [ '1.0.2' ],
743 silly audit   '@protobufjs/inquire': [ '1.1.0' ],
743 silly audit   '@protobufjs/path': [ '1.1.2' ],
743 silly audit   '@protobufjs/pool': [ '1.1.0' ],
743 silly audit   '@protobufjs/utf8': [ '1.1.0' ],
743 silly audit   '@radix-ui/number': [ '1.1.1' ],
743 silly audit   '@radix-ui/primitive': [ '1.1.2' ],
743 silly audit   '@radix-ui/react-accordion': [ '1.2.4' ],
743 silly audit   '@radix-ui/react-alert-dialog': [ '1.1.7' ],
743 silly audit   '@radix-ui/react-arrow': [ '1.1.3' ],
743 silly audit   '@radix-ui/react-aspect-ratio': [ '1.1.3' ],
743 silly audit   '@radix-ui/react-avatar': [ '1.1.4' ],
743 silly audit   '@radix-ui/react-checkbox': [ '1.1.5' ],
743 silly audit   '@radix-ui/react-collapsible': [ '1.1.4' ],
743 silly audit   '@radix-ui/react-collection': [ '1.1.3' ],
743 silly audit   '@radix-ui/react-compose-refs': [ '1.1.2' ],
743 silly audit   '@radix-ui/react-context': [ '1.1.2' ],
743 silly audit   '@radix-ui/react-context-menu': [ '2.2.7' ],
743 silly audit   '@radix-ui/react-dialog': [ '1.1.7' ],
743 silly audit   '@radix-ui/react-direction': [ '1.1.1' ],
743 silly audit   '@radix-ui/react-dismissable-layer': [ '1.1.6' ],
743 silly audit   '@radix-ui/react-dropdown-menu': [ '2.1.7' ],
743 silly audit   '@radix-ui/react-focus-guards': [ '1.1.2' ],
743 silly audit   '@radix-ui/react-focus-scope': [ '1.1.3' ],
743 silly audit   '@radix-ui/react-hover-card': [ '1.1.7' ],
743 silly audit   '@radix-ui/react-id': [ '1.1.1' ],
743 silly audit   '@radix-ui/react-label': [ '2.1.3' ],
743 silly audit   '@radix-ui/react-menu': [ '2.1.7' ],
743 silly audit   '@radix-ui/react-menubar': [ '1.1.7' ],
743 silly audit   '@radix-ui/react-navigation-menu': [ '1.2.6' ],
743 silly audit   '@radix-ui/react-popover': [ '1.1.7' ],
743 silly audit   '@radix-ui/react-popper': [ '1.2.3' ],
743 silly audit   '@radix-ui/react-portal': [ '1.1.5' ],
743 silly audit   '@radix-ui/react-presence': [ '1.1.3' ],
743 silly audit   '@radix-ui/react-primitive': [ '2.0.3' ],
743 silly audit   '@radix-ui/react-progress': [ '1.1.3' ],
743 silly audit   '@radix-ui/react-radio-group': [ '1.2.4' ],
743 silly audit   '@radix-ui/react-roving-focus': [ '1.1.3' ],
743 silly audit   '@radix-ui/react-scroll-area': [ '1.2.4' ],
743 silly audit   '@radix-ui/react-select': [ '2.1.7' ],
743 silly audit   '@radix-ui/react-separator': [ '1.1.3' ],
743 silly audit   '@radix-ui/react-slider': [ '1.2.4' ],
743 silly audit   '@radix-ui/react-slot': [ '1.2.0' ],
743 silly audit   '@radix-ui/react-switch': [ '1.1.4' ],
743 silly audit   '@radix-ui/react-tabs': [ '1.1.4' ],
743 silly audit   '@radix-ui/react-toast': [ '1.2.7' ],
743 silly audit   '@radix-ui/react-toggle': [ '1.1.3' ],
743 silly audit   '@radix-ui/react-toggle-group': [ '1.1.3' ],
743 silly audit   '@radix-ui/react-tooltip': [ '1.2.0' ],
743 silly audit   '@radix-ui/react-use-callback-ref': [ '1.1.1' ],
743 silly audit   '@radix-ui/react-use-controllable-state': [ '1.1.1' ],
743 silly audit   '@radix-ui/react-use-escape-keydown': [ '1.1.1' ],
743 silly audit   '@radix-ui/react-use-layout-effect': [ '1.1.1' ],
743 silly audit   '@radix-ui/react-use-previous': [ '1.1.1' ],
743 silly audit   '@radix-ui/react-use-rect': [ '1.1.1' ],
743 silly audit   '@radix-ui/react-use-size': [ '1.1.1' ],
743 silly audit   '@radix-ui/react-visually-hidden': [ '1.1.3' ],
743 silly audit   '@radix-ui/rect': [ '1.1.1' ],
743 silly audit   '@replit/vite-plugin-cartographer': [ '0.3.0' ],
743 silly audit   '@replit/vite-plugin-runtime-error-modal': [ '0.0.3' ],
743 silly audit   '@rollup/rollup-android-arm-eabi': [ '4.24.4' ],
743 silly audit   '@rollup/rollup-android-arm64': [ '4.24.4' ],
743 silly audit   '@rollup/rollup-darwin-arm64': [ '4.24.4' ],
743 silly audit   '@rollup/rollup-darwin-x64': [ '4.24.4' ],
743 silly audit   '@rollup/rollup-freebsd-arm64': [ '4.24.4' ],
743 silly audit   '@rollup/rollup-freebsd-x64': [ '4.24.4' ],
743 silly audit   '@rollup/rollup-linux-arm-gnueabihf': [ '4.24.4' ],
743 silly audit   '@rollup/rollup-linux-arm-musleabihf': [ '4.24.4' ],
743 silly audit   '@rollup/rollup-linux-arm64-gnu': [ '4.24.4' ],
743 silly audit   '@rollup/rollup-linux-arm64-musl': [ '4.24.4' ],
743 silly audit   '@rollup/rollup-linux-powerpc64le-gnu': [ '4.24.4' ],
743 silly audit   '@rollup/rollup-linux-riscv64-gnu': [ '4.24.4' ],
743 silly audit   '@rollup/rollup-linux-s390x-gnu': [ '4.24.4' ],
743 silly audit   '@rollup/rollup-linux-x64-gnu': [ '4.24.4' ],
743 silly audit   '@rollup/rollup-linux-x64-musl': [ '4.24.4' ],
743 silly audit   '@rollup/rollup-win32-arm64-msvc': [ '4.24.4' ],
743 silly audit   '@rollup/rollup-win32-ia32-msvc': [ '4.24.4' ],
743 silly audit   '@rollup/rollup-win32-x64-msvc': [ '4.24.4' ],
743 silly audit   '@sinclair/typebox': [ '0.34.41' ],
743 silly audit   '@sinonjs/commons': [ '3.0.1' ],
743 silly audit   '@sinonjs/fake-timers': [ '13.0.5' ],
743 silly audit   '@stripe/react-stripe-js': [ '4.0.2' ],
743 silly audit   '@stripe/stripe-js': [ '7.9.0' ],
743 silly audit   '@tailwindcss/node': [ '4.1.3' ],
743 silly audit   jiti: [ '2.4.2', '1.21.6' ],
743 silly audit   tailwindcss: [ '4.1.3', '3.4.17' ],
743 silly audit   '@tailwindcss/oxide': [ '4.1.3' ],
743 silly audit   '@tailwindcss/oxide-android-arm64': [ '4.1.3' ],
743 silly audit   '@tailwindcss/oxide-darwin-arm64': [ '4.1.3' ],
743 silly audit   '@tailwindcss/oxide-darwin-x64': [ '4.1.3' ],
743 silly audit   '@tailwindcss/oxide-freebsd-x64': [ '4.1.3' ],
743 silly audit   '@tailwindcss/oxide-linux-arm-gnueabihf': [ '4.1.3' ],
743 silly audit   '@tailwindcss/oxide-linux-arm64-gnu': [ '4.1.3' ],
743 silly audit   '@tailwindcss/oxide-linux-arm64-musl': [ '4.1.3' ],
743 silly audit   '@tailwindcss/oxide-linux-x64-gnu': [ '4.1.3' ],
743 silly audit   '@tailwindcss/oxide-linux-x64-musl': [ '4.1.3' ],
743 silly audit   '@tailwindcss/oxide-win32-arm64-msvc': [ '4.1.3' ],
743 silly audit   '@tailwindcss/oxide-win32-x64-msvc': [ '4.1.3' ],
743 silly audit   '@tailwindcss/typography': [ '0.5.15' ],
743 silly audit   'postcss-selector-parser': [ '6.0.10', '6.1.2' ],
743 silly audit   '@tailwindcss/vite': [ '4.1.3' ],
743 silly audit   '@tanstack/query-core': [ '5.60.5' ],
743 silly audit   '@tanstack/react-query': [ '5.60.5' ],
743 silly audit   '@tootallnate/once': [ '2.0.0' ],
743 silly audit   '@tsconfig/node10': [ '1.0.11' ],
743 silly audit   '@tsconfig/node12': [ '1.0.11' ],
743 silly audit   '@tsconfig/node14': [ '1.0.3' ],
743 silly audit   '@tsconfig/node16': [ '1.0.4' ],
743 silly audit   '@tybys/wasm-util': [ '0.10.1' ],
743 silly audit   '@types/babel__core': [ '7.20.5' ],
743 silly audit   '@types/babel__generator': [ '7.6.8' ],
743 silly audit   '@types/babel__template': [ '7.4.4' ],
743 silly audit   '@types/babel__traverse': [ '7.20.6' ],
743 silly audit   '@types/bcryptjs': [ '2.4.6' ],
743 silly audit   '@types/body-parser': [ '1.19.5' ],
743 silly audit   '@types/caseless': [ '0.12.5' ],
743 silly audit   '@types/connect': [ '3.4.38' ],
743 silly audit   '@types/connect-pg-simple': [ '7.0.3' ],
743 silly audit   '@types/cookiejar': [ '2.1.5' ],
743 silly audit   '@types/d3-array': [ '3.2.1' ],
743 silly audit   '@types/d3-color': [ '3.1.3' ],
743 silly audit   '@types/d3-ease': [ '3.0.2' ],
743 silly audit   '@types/d3-interpolate': [ '3.0.4' ],
743 silly audit   '@types/d3-path': [ '3.1.0' ],
743 silly audit   '@types/d3-scale': [ '4.0.8' ],
743 silly audit   '@types/d3-shape': [ '3.1.6' ],
743 silly audit   '@types/d3-time': [ '3.0.3' ],
743 silly audit   '@types/d3-timer': [ '3.0.2' ],
743 silly audit   '@types/estree': [ '1.0.6' ],
743 silly audit   '@types/express': [ '4.17.21' ],
743 silly audit   '@types/express-serve-static-core': [ '4.19.6' ],
743 silly audit   '@types/express-session': [ '1.18.0' ],
743 silly audit   '@types/http-errors': [ '2.0.4' ],
743 silly audit   '@types/istanbul-lib-coverage': [ '2.0.6' ],
743 silly audit   '@types/istanbul-lib-report': [ '3.0.3' ],
743 silly audit   '@types/istanbul-reports': [ '3.0.4' ],
743 silly audit   '@types/jest': [ '30.0.0' ],
743 silly audit   '@types/memoizee': [ '0.4.12' ],
743 silly audit   '@types/methods': [ '1.1.4' ],
743 silly audit   '@types/mime': [ '1.3.5' ],
743 silly audit   '@types/node-fetch': [ '2.6.13' ],
743 silly audit   '@types/pako': [ '2.0.4' ],
743 silly audit   '@types/passport': [ '1.0.17' ],
743 silly audit   '@types/passport-local': [ '1.0.38' ],
743 silly audit   '@types/passport-strategy': [ '0.2.38' ],
743 silly audit   '@types/pg': [ '8.11.6' ],
743 silly audit   '@types/prop-types': [ '15.7.13' ],
743 silly audit   '@types/qs': [ '6.9.16' ],
743 silly audit   '@types/raf': [ '3.4.3' ],
743 silly audit   '@types/range-parser': [ '1.2.7' ],
743 silly audit   '@types/react': [ '18.3.12' ],
743 silly audit   '@types/react-dom': [ '18.3.1' ],
743 silly audit   '@types/request': [ '2.48.13' ],
743 silly audit   'form-data': [ '2.5.5', '4.0.4' ],
743 silly audit   '@types/send': [ '0.17.4' ],
743 silly audit   '@types/serve-static': [ '1.15.7' ],
743 silly audit   '@types/stack-utils': [ '2.0.3' ],
743 silly audit   '@types/superagent': [ '8.1.9' ],
743 silly audit   '@types/supertest': [ '6.0.3' ],
743 silly audit   '@types/tough-cookie': [ '4.0.5' ],
743 silly audit   '@types/trusted-types': [ '2.0.7' ],
743 silly audit   '@types/web-push': [ '3.6.4' ],
743 silly audit   '@types/ws': [ '8.5.13' ],
743 silly audit   '@types/yargs': [ '17.0.33' ],
743 silly audit   '@types/yargs-parser': [ '21.0.3' ],
743 silly audit   '@ungap/structured-clone': [ '1.3.0' ],
743 silly audit   '@unrs/resolver-binding-android-arm-eabi': [ '1.11.1' ],
743 silly audit   '@unrs/resolver-binding-android-arm64': [ '1.11.1' ],
743 silly audit   '@unrs/resolver-binding-darwin-arm64': [ '1.11.1' ],
743 silly audit   '@unrs/resolver-binding-darwin-x64': [ '1.11.1' ],
743 silly audit   '@unrs/resolver-binding-freebsd-x64': [ '1.11.1' ],
743 silly audit   '@unrs/resolver-binding-linux-arm-gnueabihf': [ '1.11.1' ],
743 silly audit   '@unrs/resolver-binding-linux-arm-musleabihf': [ '1.11.1' ],
743 silly audit   '@unrs/resolver-binding-linux-arm64-gnu': [ '1.11.1' ],
743 silly audit   '@unrs/resolver-binding-linux-arm64-musl': [ '1.11.1' ],
743 silly audit   '@unrs/resolver-binding-linux-ppc64-gnu': [ '1.11.1' ],
743 silly audit   '@unrs/resolver-binding-linux-riscv64-gnu': [ '1.11.1' ],
743 silly audit   '@unrs/resolver-binding-linux-riscv64-musl': [ '1.11.1' ],
743 silly audit   '@unrs/resolver-binding-linux-s390x-gnu': [ '1.11.1' ],
743 silly audit   '@unrs/resolver-binding-linux-x64-gnu': [ '1.11.1' ],
743 silly audit   '@unrs/resolver-binding-linux-x64-musl': [ '1.11.1' ],
743 silly audit   '@unrs/resolver-binding-wasm32-wasi': [ '1.11.1' ],
743 silly audit   '@unrs/resolver-binding-win32-arm64-msvc': [ '1.11.1' ],
743 silly audit   '@unrs/resolver-binding-win32-ia32-msvc': [ '1.11.1' ],
743 silly audit   '@unrs/resolver-binding-win32-x64-msvc': [ '1.11.1' ],
743 silly audit   '@vitejs/plugin-react': [ '4.3.3' ],
743 silly audit   'abort-controller': [ '3.0.0' ],
743 silly audit   accepts: [ '1.3.8' ],
743 silly audit   acorn: [ '8.15.0' ],
743 silly audit   'acorn-import-attributes': [ '1.9.5' ],
743 silly audit   'acorn-walk': [ '8.3.4' ],
743 silly audit   'agent-base': [ '7.1.4', '6.0.2' ],
743 silly audit   agentkeepalive: [ '4.6.0' ],
743 silly audit   ajv: [ '6.12.6' ],
743 silly audit   'ansi-escapes': [ '4.3.2' ],
743 silly audit   'ansi-regex': [ '6.1.0', '5.0.1' ],
743 silly audit   'ansi-styles': [ '6.2.1', '4.3.0', '5.2.0' ],
743 silly audit   'any-promise': [ '1.3.0' ],
743 silly audit   anymatch: [ '3.1.3' ],
743 silly audit   arg: [ '5.0.2', '4.1.3' ],
743 silly audit   argparse: [ '1.0.10' ],
743 silly audit   'aria-hidden': [ '1.2.4' ],
743 silly audit   'array-flatten': [ '1.1.1' ],
743 silly audit   arrify: [ '2.0.1' ],
743 silly audit   asap: [ '2.0.6' ],
743 silly audit   asn1: [ '0.2.6' ],
743 silly audit   'asn1.js': [ '5.4.1' ],
743 silly audit   'assert-plus': [ '1.0.0' ],
743 silly audit   async: [ '3.2.5' ],
743 silly audit   'async-retry': [ '1.3.3' ],
743 silly audit   asynckit: [ '0.4.0' ],
743 silly audit   autoprefixer: [ '10.4.20' ],
743 silly audit   'aws-sign2': [ '0.7.0' ],
743 silly audit   aws4: [ '1.13.2', '1.12.0' ],
743 silly audit   'babel-jest': [ '30.1.2' ],
743 silly audit   'babel-plugin-istanbul': [ '7.0.1' ],
743 silly audit   'babel-plugin-jest-hoist': [ '30.0.1' ],
743 silly audit   'babel-preset-current-node-syntax': [ '1.2.0' ],
743 silly audit   'babel-preset-jest': [ '30.0.1' ],
743 silly audit   'balanced-match': [ '1.0.2' ],
743 silly audit   'base64-arraybuffer': [ '1.0.2' ],
743 silly audit   'base64-js': [ '1.5.1' ],
743 silly audit   'bcrypt-pbkdf': [ '1.0.2' ],
743 silly audit   bcryptjs: [ '3.0.2' ],
743 silly audit   'bignumber.js': [ '9.3.1' ],
743 silly audit   'binary-extensions': [ '2.3.0' ],
743 silly audit   bluebird: [ '2.11.0' ],
743 silly audit   'bn.js': [ '4.12.2' ],
743 silly audit   'body-parser': [ '1.20.3' ],
743 silly audit   debug: [ '2.6.9', '4.3.7' ],
743 silly audit   ms: [ '2.0.0', '2.1.3' ],
743 silly audit   'brace-expansion': [ '2.0.1', '1.1.12' ],
743 silly audit   braces: [ '3.0.3' ],
743 silly audit   brotli: [ '1.3.3' ],
743 silly audit   browserslist: [ '4.24.2' ],
743 silly audit   'bs-logger': [ '0.2.6' ],
743 silly audit   bser: [ '2.1.1' ],
743 silly audit   'buffer-equal-constant-time': [ '1.0.1' ],
743 silly audit   'buffer-from': [ '1.1.2' ],
743 silly audit   bufferutil: [ '4.0.8' ],
743 silly audit   bullmq: [ '5.58.5' ],
743 silly audit   semver: [ '7.7.2', '7.6.3', '7.5.4', '6.3.1' ],
743 silly audit   bytes: [ '3.1.2' ],
743 silly audit   'call-bind': [ '1.0.7' ],
743 silly audit   'call-bind-apply-helpers': [ '1.0.2' ],
743 silly audit   callsites: [ '3.1.0' ],
743 silly audit   camelcase: [ '5.3.1', '6.3.0' ],
743 silly audit   'camelcase-css': [ '2.0.1' ],
743 silly audit   'caniuse-lite': [ '1.0.30001741' ],
743 silly audit   canvg: [ '3.0.11' ],
743 silly audit   'regenerator-runtime': [ '0.13.11', '0.14.1' ],
743 silly audit   caseless: [ '0.12.0' ],
743 silly audit   chalk: [ '4.1.2' ],
743 silly audit   'char-regex': [ '1.0.2' ],
743 silly audit   chardet: [ '2.0.0' ],
743 silly audit   charset: [ '1.0.1' ],
743 silly audit   chokidar: [ '3.6.0' ],
743 silly audit   'glob-parent': [ '5.1.2', '6.0.2' ],
743 silly audit   'ci-info': [ '4.3.0' ],
743 silly audit   'cjs-module-lexer': [ '2.1.0', '1.4.3' ],
743 silly audit   'class-variance-authority': [ '0.7.1' ],
743 silly audit   'cli-progress': [ '3.12.0', '3.10.0' ],
743 silly audit   'emoji-regex': [ '8.0.0', '9.2.2' ],
743 silly audit   'string-width': [ '4.2.3', '5.1.2' ],
743 silly audit   'strip-ansi': [ '6.0.1', '7.1.0' ],
743 silly audit   'cli-table3': [ '0.6.5' ],
743 silly audit   cliui: [ '8.0.1' ],
743 silly audit   'wrap-ansi': [ '7.0.0', '8.1.0' ],
743 silly audit   clsx: [ '2.1.1' ],
743 silly audit   'cluster-key-slot': [ '1.1.2' ],
743 silly audit   cmdk: [ '1.1.1' ],
743 silly audit   co: [ '4.6.0' ],
743 silly audit   'collect-v8-coverage': [ '1.0.2' ],
743 silly audit   'color-convert': [ '2.0.1' ],
743 silly audit   'color-name': [ '1.1.4' ],
743 silly audit   colors: [ '1.4.0' ],
743 silly audit   'combined-stream': [ '1.0.8' ],
743 silly audit   commander: [ '4.1.1', '6.2.1', '11.1.0', '8.3.0' ],
743 silly audit   'component-emitter': [ '1.3.1' ],
743 silly audit   'concat-map': [ '0.0.1' ],
743 silly audit   'connect-pg-simple': [ '10.0.0' ],
743 silly audit   'content-disposition': [ '0.5.4' ],
743 silly audit   'content-type': [ '1.0.5' ],
743 silly audit   'convert-source-map': [ '2.0.0' ],
743 silly audit   cookie: [ '0.7.1', '0.7.2' ],
743 silly audit   'cookie-signature': [ '1.0.6', '1.0.7' ],
743 silly audit   cookiejar: [ '2.1.4' ],
743 silly audit   'core-js': [ '3.45.1' ],
743 silly audit   'core-util-is': [ '1.0.2' ],
743 silly audit   'create-require': [ '1.1.1' ],
743 silly audit   'cron-parser': [ '4.9.0' ],
743 silly audit   'cross-spawn': [ '7.0.6' ],
743 silly audit   'css-line-break': [ '2.1.0' ],
743 silly audit   cssesc: [ '3.0.0' ],
743 silly audit   csstype: [ '3.1.3' ],
743 silly audit   'csv-parse': [ '4.16.3' ],
743 silly audit   d: [ '1.0.2' ],
743 silly audit   'd3-array': [ '3.2.4' ],
743 silly audit   'd3-color': [ '3.1.0' ],
743 silly audit   'd3-ease': [ '3.0.1' ],
743 silly audit   'd3-format': [ '3.1.0' ],
743 silly audit   'd3-interpolate': [ '3.0.1' ],
743 silly audit   'd3-path': [ '3.1.0' ],
743 silly audit   'd3-scale': [ '4.0.2' ],
743 silly audit   'd3-shape': [ '3.2.0' ],
743 silly audit   'd3-time': [ '3.1.0' ],
743 silly audit   'd3-time-format': [ '4.1.0' ],
743 silly audit   'd3-timer': [ '3.0.1' ],
743 silly audit   dashdash: [ '1.14.1' ],
743 silly audit   'data-uri-to-buffer': [ '4.0.1' ],
743 silly audit   'date-fns': [ '3.6.0' ],
743 silly audit   'decimal.js-light': [ '2.5.1' ],
743 silly audit   dedent: [ '1.7.0' ],
743 silly audit   deepmerge: [ '4.3.1' ],
743 silly audit   'define-data-property': [ '1.1.4' ],
743 silly audit   'delayed-stream': [ '1.0.0' ],
743 silly audit   denque: [ '2.1.0' ],
743 silly audit   depd: [ '2.0.0' ],
743 silly audit   'des.js': [ '1.1.0' ],
743 silly audit   destroy: [ '1.2.0' ],
743 silly audit   'detect-libc': [ '2.0.3' ],
743 silly audit   'detect-newline': [ '3.1.0' ],
743 silly audit   'detect-node-es': [ '1.1.0' ],
743 silly audit   dezalgo: [ '1.0.4' ],
743 silly audit   didyoumean: [ '1.2.2' ],
743 silly audit   diff: [ '4.0.2' ],
743 silly audit   dlv: [ '1.1.3' ],
743 silly audit   docx: [ '9.5.1' ],
743 silly audit   nanoid: [ '5.1.5', '3.3.8' ],
743 silly audit   'dom-helpers': [ '5.2.1' ],
743 silly audit   dompurify: [ '3.2.6' ],
743 silly audit   'drizzle-kit': [ '0.30.4' ],
743 silly audit   'drizzle-orm': [ '0.39.1' ],
743 silly audit   'drizzle-zod': [ '0.7.0' ],
743 silly audit   'dunder-proto': [ '1.0.1' ],
743 silly audit   duplexify: [ '4.1.3' ],
743 silly audit   'readable-stream': [ '3.6.2', '2.3.8' ],
743 silly audit   eastasianwidth: [ '0.2.0' ],
743 silly audit   'ecc-jsbn': [ '0.1.2' ],
743 silly audit   'ecdsa-sig-formatter': [ '1.0.11' ],
743 silly audit   'ee-first': [ '1.1.1' ],
743 silly audit   'electron-to-chromium': [ '1.5.51' ],
743 silly audit   'embla-carousel': [ '8.6.0' ],
743 silly audit   'embla-carousel-react': [ '8.6.0' ],
743 silly audit   'embla-carousel-reactive-utils': [ '8.6.0' ],
743 silly audit   emittery: [ '0.13.1' ],
743 silly audit   encodeurl: [ '2.0.0', '1.0.2' ],
743 silly audit   'end-of-stream': [ '1.4.5' ],
743 silly audit   'enhanced-resolve': [ '5.18.1' ],
743 silly audit   'error-ex': [ '1.3.2' ],
743 silly audit   'es-define-property': [ '1.0.1' ],
743 silly audit   'es-errors': [ '1.3.0' ],
743 silly audit   'es-object-atoms': [ '1.1.1' ],
743 silly audit   'es-set-tostringtag': [ '2.1.0' ],
743 silly audit   'es5-ext': [ '0.10.64' ],
743 silly audit   'es6-iterator': [ '2.0.3' ],
743 silly audit   'es6-symbol': [ '3.1.4' ],
743 silly audit   'es6-weak-map': [ '2.0.3' ],
743 silly audit   'esbuild-register': [ '3.6.0' ],
743 silly audit   escalade: [ '3.2.0' ],
743 silly audit   'escape-html': [ '1.0.3' ],
743 silly audit   'escape-string-regexp': [ '2.0.0' ],
743 silly audit   esniff: [ '2.0.1' ],
743 silly audit   esprima: [ '4.0.1' ],
743 silly audit   etag: [ '1.8.1' ],
743 silly audit   'event-emitter': [ '0.3.5' ],
743 silly audit   'event-target-shim': [ '5.0.1' ],
743 silly audit   eventemitter3: [ '4.0.7' ],
743 silly audit   eventsource: [ '4.0.0' ],
743 silly audit   'eventsource-parser': [ '3.0.6' ],
743 silly audit   execa: [ '5.1.1' ],
743 silly audit   'signal-exit': [ '3.0.7', '4.1.0' ],
743 silly audit   'exit-x': [ '0.2.2' ],
743 silly audit   expect: [ '30.1.2' ],
743 silly audit   express: [ '4.21.2' ],
743 silly audit   'express-rate-limit': [ '8.1.0' ],
743 silly audit   'express-session': [ '1.18.2' ],
743 silly audit   ext: [ '1.7.0' ],
743 silly audit   extend: [ '3.0.2' ],
743 silly audit   extsprintf: [ '1.3.0' ],
743 silly audit   'fast-deep-equal': [ '3.1.3' ],
743 silly audit   'fast-equals': [ '5.2.2' ],
743 silly audit   'fast-glob': [ '3.3.2' ],
743 silly audit   'fast-json-stable-stringify': [ '2.1.0' ],
743 silly audit   'fast-png': [ '6.4.0' ],
743 silly audit   'fast-safe-stringify': [ '2.1.1' ],
743 silly audit   'fast-xml-parser': [ '4.5.3' ],
743 silly audit   fastq: [ '1.17.1' ],
743 silly audit   'fb-watchman': [ '2.0.2' ],
743 silly audit   'fetch-blob': [ '3.2.0' ],
743 silly audit   'web-streams-polyfill': [ '3.3.3', '4.0.0-beta.3' ],
743 silly audit   fflate: [ '0.8.2' ],
743 silly audit   'file-type': [ '3.9.0' ],
743 silly audit   filesize: [ '10.1.4', '6.4.0' ],
743 silly audit   'fill-range': [ '7.1.1' ],
743 silly audit   finalhandler: [ '1.3.1' ],
743 silly audit   'find-up': [ '4.1.0' ],
743 silly audit   flatted: [ '3.2.6' ],
743 silly audit   'foreground-child': [ '3.3.0' ],
743 silly audit   'forever-agent': [ '0.6.1' ],
743 silly audit   'form-data-encoder': [ '1.7.2' ],
743 silly audit   'formdata-node': [ '4.4.1' ],
743 silly audit   'formdata-polyfill': [ '4.0.10' ],
743 silly audit   formidable: [ '3.5.4' ],
743 silly audit   forwarded: [ '0.2.0' ],
743 silly audit   'fraction.js': [ '4.3.7' ],
743 silly audit   'framer-motion': [ '11.13.1' ],
743 silly audit   fresh: [ '0.5.2' ],
743 silly audit   'fs.realpath': [ '1.0.0' ],
743 silly audit   fsevents: [ '2.3.3', '2.3.2' ],
743 silly audit   'function-bind': [ '1.1.2' ],
743 silly audit   gaxios: [ '6.7.1', '7.1.1' ],
743 silly audit   'node-fetch': [ '3.3.2', '2.7.0' ],
743 silly audit   gensync: [ '1.0.0-beta.2' ],
743 silly audit   'get-caller-file': [ '2.0.5' ],
743 silly audit   'get-intrinsic': [ '1.3.0' ],
743 silly audit   'get-nonce': [ '1.0.1' ],
743 silly audit   'get-object': [ '0.2.0' ],
743 silly audit   'is-number': [ '2.1.0', '7.0.0' ],
743 silly audit   'kind-of': [ '3.2.2', '6.0.3' ],
743 silly audit   'get-package-type': [ '0.1.0' ],
743 silly audit   'get-proto': [ '1.0.1' ],
743 silly audit   'get-stream': [ '6.0.1' ],
743 silly audit   'get-tsconfig': [ '4.8.1' ],
743 silly audit   'get-value': [ '3.0.1' ],
743 silly audit   isobject: [ '3.0.1', '0.2.0', '2.1.0' ],
743 silly audit   getpass: [ '0.1.7' ],
743 silly audit   glob: [ '10.4.5', '7.2.3' ],
743 silly audit   gopd: [ '1.2.0' ],
743 silly audit   'graceful-fs': [ '4.2.11' ],
743 silly audit   handlebars: [ '4.7.8', '4.7.7' ],
743 silly audit   'handlebars-utils': [ '1.0.6' ],
743 silly audit   'har-schema': [ '2.0.0' ],
743 silly audit   'har-validator': [ '5.1.5' ],
743 silly audit   'has-flag': [ '4.0.0' ],
743 silly audit   'has-property-descriptors': [ '1.0.2' ],
743 silly audit   'has-symbols': [ '1.1.0' ],
743 silly audit   'has-tostringtag': [ '1.0.2' ],
743 silly audit   'has-value': [ '2.0.2' ],
743 silly audit   'has-values': [ '2.0.1' ],
743 silly audit   'hash.js': [ '1.1.7' ],
743 silly audit   hasown: [ '2.0.2' ],
743 silly audit   helmet: [ '8.1.0' ],
743 silly audit   'html-entities': [ '2.6.0' ],
743 silly audit   'html-escaper': [ '2.0.2' ],
743 silly audit   'html-tag': [ '2.0.0' ],
743 silly audit   html2canvas: [ '1.4.1' ],
743 silly audit   http_ece: [ '1.2.0' ],
743 silly audit   'http-errors': [ '2.0.0' ],
743 silly audit   'http-proxy-agent': [ '5.0.0' ],
743 silly audit   'http-reasons': [ '0.1.0' ],
743 silly audit   'http-signature': [ '1.3.6' ],
743 silly audit   httpntlm: [ '1.8.13' ],
743 silly audit   httpreq: [ '1.1.1' ],
743 silly audit   'https-proxy-agent': [ '7.0.6', '5.0.1' ],
743 silly audit   'human-signals': [ '2.1.0' ],
743 silly audit   'humanize-ms': [ '1.2.1' ],
743 silly audit   'iconv-lite': [ '0.4.24', '0.6.3' ],
743 silly audit   immediate: [ '3.0.6' ],
743 silly audit   'import-in-the-middle': [ '1.14.2' ],
743 silly audit   'import-local': [ '3.2.0' ],
743 silly audit   imurmurhash: [ '0.1.4' ],
743 silly audit   inflight: [ '1.0.6' ],
743 silly audit   inherits: [ '2.0.4' ],
743 silly audit   'input-otp': [ '1.4.2' ],
743 silly audit   internmap: [ '2.0.3' ],
743 silly audit   iobuffer: [ '5.4.0' ],
743 silly audit   ioredis: [ '5.7.0' ],
743 silly audit   'ip-address': [ '10.0.1' ],
743 silly audit   'ipaddr.js': [ '1.9.1' ],
743 silly audit   'is-arrayish': [ '0.2.1' ],
743 silly audit   'is-binary-path': [ '2.1.0' ],
743 silly audit   'is-buffer': [ '1.1.6' ],
743 silly audit   'is-core-module': [ '2.15.1' ],
743 silly audit   'is-extglob': [ '2.1.1' ],
743 silly audit   'is-fullwidth-code-point': [ '3.0.0' ],
743 silly audit   'is-generator-fn': [ '2.1.0' ],
743 silly audit   'is-glob': [ '4.0.3' ],
743 silly audit   'is-promise': [ '2.2.2' ],
743 silly audit   'is-self-closing': [ '1.0.1' ],
743 silly audit   'is-stream': [ '2.0.1' ],
743 silly audit   'is-typedarray': [ '1.0.0' ],
743 silly audit   isarray: [ '1.0.0' ],
743 silly audit   isexe: [ '2.0.0' ],
743 silly audit   isstream: [ '0.1.2' ],
743 silly audit   'istanbul-lib-coverage': [ '3.2.2' ],
743 silly audit   'istanbul-lib-instrument': [ '6.0.3' ],
743 silly audit   'istanbul-lib-report': [ '3.0.1' ],
743 silly audit   'istanbul-lib-source-maps': [ '5.0.6' ],
743 silly audit   'istanbul-reports': [ '3.2.0' ],
743 silly audit   jackspeak: [ '3.4.3' ],
743 silly audit   jest: [ '30.1.3' ],
743 silly audit   'jest-changed-files': [ '30.0.5' ],
743 silly audit   'jest-circus': [ '30.1.3' ],
743 silly audit   'jest-cli': [ '30.1.3' ],
743 silly audit   'jest-config': [ '30.1.3' ],
743 silly audit   'jest-diff': [ '30.1.2' ],
743 silly audit   'jest-docblock': [ '30.0.1' ],
743 silly audit   'jest-each': [ '30.1.0' ],
743 silly audit   'jest-environment-node': [ '30.1.2' ],
743 silly audit   'jest-haste-map': [ '30.1.0' ],
743 silly audit   'jest-junit': [ '16.0.0' ],
743 silly audit   mkdirp: [ '1.0.4', '3.0.1' ],
743 silly audit   'jest-leak-detector': [ '30.1.0' ],
743 silly audit   'jest-matcher-utils': [ '30.1.2' ],
743 silly audit   'jest-message-util': [ '30.1.0' ],
743 silly audit   'jest-mock': [ '30.0.5' ],
743 silly audit   'jest-pnp-resolver': [ '1.2.3' ],
743 silly audit   'jest-regex-util': [ '30.0.1' ],
743 silly audit   'jest-resolve': [ '30.1.3' ],
743 silly audit   'jest-resolve-dependencies': [ '30.1.3' ],
743 silly audit   'jest-runner': [ '30.1.3' ],
743 silly audit   'source-map-support': [ '0.5.13', '0.5.21' ],
743 silly audit   'jest-runtime': [ '30.1.3' ],
743 silly audit   'jest-snapshot': [ '30.1.2' ],
743 silly audit   'jest-util': [ '30.0.5' ],
743 silly audit   picomatch: [ '4.0.3', '2.3.1' ],
743 silly audit   'jest-validate': [ '30.1.0' ],
743 silly audit   'jest-watcher': [ '30.1.3' ],
743 silly audit   'jest-worker': [ '30.1.0' ],
743 silly audit   'supports-color': [ '8.1.1', '7.2.0' ],
743 silly audit   jose: [ '6.1.0', '4.14.4' ],
743 silly audit   'js-md4': [ '0.3.2' ],
743 silly audit   'js-sha512': [ '0.9.0' ],
743 silly audit   'js-tokens': [ '4.0.0' ],
743 silly audit   'js-yaml': [ '3.14.1' ],
743 silly audit   jsbn: [ '0.1.1' ],
743 silly audit   jsesc: [ '3.0.2' ],
743 silly audit   'json-bigint': [ '1.0.0' ],
743 silly audit   'json-parse-even-better-errors': [ '2.3.1' ],
743 silly audit   'json-schema': [ '0.4.0' ],
743 silly audit   'json-schema-traverse': [ '0.4.1' ],
743 silly audit   'json-stringify-safe': [ '5.0.1' ],
743 silly audit   json5: [ '2.2.3' ],
743 silly audit   jspdf: [ '3.0.2' ],
743 silly audit   jsprim: [ '2.0.2' ],
743 silly audit   jszip: [ '3.10.1' ],
743 silly audit   pako: [ '1.0.11', '2.1.0' ],
743 silly audit   jwa: [ '2.0.1' ],
743 silly audit   jws: [ '4.0.0' ],
743 silly audit   leven: [ '3.1.0' ],
743 silly audit   lie: [ '3.3.0' ],
743 silly audit   lightningcss: [ '1.29.2' ],
743 silly audit   'lightningcss-darwin-arm64': [ '1.29.2' ],
743 silly audit   'lightningcss-darwin-x64': [ '1.29.2' ],
743 silly audit   'lightningcss-freebsd-x64': [ '1.29.2' ],
743 silly audit   'lightningcss-linux-arm-gnueabihf': [ '1.29.2' ],
743 silly audit   'lightningcss-linux-arm64-gnu': [ '1.29.2' ],
743 silly audit   'lightningcss-linux-arm64-musl': [ '1.29.2' ],
743 silly audit   'lightningcss-linux-x64-gnu': [ '1.29.2' ],
743 silly audit   'lightningcss-linux-x64-musl': [ '1.29.2' ],
743 silly audit   'lightningcss-win32-arm64-msvc': [ '1.29.2' ],
743 silly audit   'lightningcss-win32-x64-msvc': [ '1.29.2' ],
743 silly audit   lilconfig: [ '3.1.3' ],
743 silly audit   'lines-and-columns': [ '1.2.4' ],
743 silly audit   'liquid-json': [ '0.3.1' ],
743 silly audit   'locate-path': [ '5.0.0' ],
743 silly audit   lodash: [ '4.17.21' ],
743 silly audit   'lodash.camelcase': [ '4.3.0' ],
743 silly audit   'lodash.castarray': [ '4.4.0' ],
743 silly audit   'lodash.defaults': [ '4.2.0' ],
743 silly audit   'lodash.isarguments': [ '3.1.0' ],
743 silly audit   'lodash.isplainobject': [ '4.0.6' ],
743 silly audit   'lodash.memoize': [ '4.1.2' ],
743 silly audit   'lodash.merge': [ '4.6.2' ],
743 silly audit   long: [ '5.3.2' ],
743 silly audit   'loose-envify': [ '1.4.0' ],
743 silly audit   'lru-cache': [ '5.1.1', '4.1.5', '10.4.3', '6.0.0' ],
743 silly audit   'lru-queue': [ '0.1.0' ],
743 silly audit   'lucide-react': [ '0.453.0' ],
743 silly audit   luxon: [ '3.7.2' ],
743 silly audit   'magic-string': [ '0.30.17' ],
743 silly audit   'make-dir': [ '4.0.0' ],
743 silly audit   'make-error': [ '1.3.6' ],
743 silly audit   makeerror: [ '1.0.12' ],
743 silly audit   'math-intrinsics': [ '1.1.0' ],
743 silly audit   'media-typer': [ '0.3.0' ],
743 silly audit   memoizee: [ '0.4.17' ],
743 silly audit   memorystore: [ '1.6.7' ],
743 silly audit   yallist: [ '2.1.2', '4.0.0', '3.1.1' ],
743 silly audit   'merge-descriptors': [ '1.0.3' ],
743 silly audit   'merge-stream': [ '2.0.0' ],
743 silly audit   merge2: [ '1.4.1' ],
743 silly audit   methods: [ '1.1.2' ],
743 silly audit   micromatch: [ '4.0.8' ],
743 silly audit   'mime-db': [ '1.52.0' ],
743 silly audit   'mime-format': [ '2.0.1' ],
743 silly audit   'mime-types': [ '2.1.35' ],
743 silly audit   'mimic-fn': [ '2.1.0' ],
743 silly audit   'minimalistic-assert': [ '1.0.1' ],
743 silly audit   minimatch: [ '9.0.5', '3.1.2' ],
743 silly audit   minimist: [ '1.2.8' ],
743 silly audit   minipass: [ '7.1.2' ],
743 silly audit   mitt: [ '3.0.1' ],
743 silly audit   'modern-screenshot': [ '4.6.0' ],
743 silly audit   'module-details-from-path': [ '1.0.4' ],
743 silly audit   moment: [ '2.30.1' ],
743 silly audit   'moment-timezone': [ '0.5.35' ],
743 silly audit   'motion-dom': [ '11.13.0' ],
743 silly audit   'motion-utils': [ '11.13.0' ],
743 silly audit   msgpackr: [ '1.11.5' ],
743 silly audit   'msgpackr-extract': [ '3.0.3' ],
743 silly audit   mz: [ '2.7.0' ],
743 silly audit   'napi-postinstall': [ '0.3.3' ],
743 silly audit   'natural-compare': [ '1.4.0' ],
743 silly audit   negotiator: [ '0.6.3' ],
743 silly audit   'neo-async': [ '2.6.2' ],
743 silly audit   newman: [ '6.2.1' ],
743 silly audit   'newman-reporter-htmlextra': [ '1.23.1' ],
743 silly audit   'next-themes': [ '0.4.6' ],
743 silly audit   'next-tick': [ '1.1.0' ],
743 silly audit   'node-abort-controller': [ '3.1.1' ],
743 silly audit   'node-domexception': [ '1.0.0' ],
743 silly audit   'node-forge': [ '1.3.1' ],
743 silly audit   'node-gyp-build': [ '4.8.3' ],
743 silly audit   'node-gyp-build-optional-packages': [ '5.2.2' ],
743 silly audit   'node-int64': [ '0.4.0' ],
743 silly audit   'node-oauth1': [ '1.3.0' ],
743 silly audit   'node-releases': [ '2.0.18' ],
743 silly audit   'normalize-path': [ '3.0.0' ],
743 silly audit   'normalize-range': [ '0.1.2' ],
743 silly audit   'npm-run-path': [ '4.0.1' ],
743 silly audit   'oauth-sign': [ '0.9.0' ],
743 silly audit   oauth4webapi: [ '3.8.1' ],
743 silly audit   'object-assign': [ '4.1.1' ],
743 silly audit   'object-hash': [ '3.0.0', '1.3.1' ],
743 silly audit   'object-inspect': [ '1.13.2' ],
743 silly audit   obuf: [ '1.1.2' ],
743 silly audit   'on-finished': [ '2.4.1' ],
743 silly audit   'on-headers': [ '1.1.0' ],
743 silly audit   once: [ '1.4.0' ],
743 silly audit   onetime: [ '5.1.2' ],
743 silly audit   openai: [ '5.20.0' ],
743 silly audit   'openid-client': [ '6.7.1' ],
743 silly audit   'p-limit': [ '3.1.0', '2.3.0' ],
743 silly audit   'p-locate': [ '4.1.0' ],
743 silly audit   'p-try': [ '2.2.0' ],
743 silly audit   'package-json-from-dist': [ '1.0.1' ],
743 silly audit   'parse-json': [ '5.2.0' ],
743 silly audit   'parse-ms': [ '2.1.0' ],
743 silly audit   parseurl: [ '1.3.3' ],
743 silly audit   passport: [ '0.7.0' ],
743 silly audit   'passport-local': [ '1.0.0' ],
743 silly audit   'passport-strategy': [ '1.0.0' ],
743 silly audit   'path-exists': [ '4.0.0' ],
743 silly audit   'path-is-absolute': [ '1.0.1' ],
743 silly audit   'path-key': [ '3.1.1' ],
743 silly audit   'path-parse': [ '1.0.7' ],
743 silly audit   'path-scurry': [ '1.11.1' ],
743 silly audit   'path-to-regexp': [ '0.1.12' ],
743 silly audit   pause: [ '0.0.1' ],
743 silly audit   'performance-now': [ '2.1.0' ],
743 silly audit   pg: [ '8.13.1' ],
743 silly audit   'pg-cloudflare': [ '1.1.1' ],
743 silly audit   'pg-connection-string': [ '2.7.0' ],
743 silly audit   'pg-int8': [ '1.0.1' ],
743 silly audit   'pg-numeric': [ '1.0.2' ],
743 silly audit   'pg-pool': [ '3.7.0' ],
743 silly audit   'pg-protocol': [ '1.7.0' ],
743 silly audit   'pg-types': [ '4.0.2', '2.2.0' ],
743 silly audit   'postgres-array': [ '2.0.0', '3.0.2' ],
743 silly audit   'postgres-bytea': [ '1.0.0', '3.0.0' ],
743 silly audit   'postgres-date': [ '1.0.7', '2.1.0' ],
743 silly audit   'postgres-interval': [ '1.2.0', '3.0.0' ],
743 silly audit   pgpass: [ '1.0.5' ],
743 silly audit   picocolors: [ '1.1.1' ],
743 silly audit   pify: [ '2.3.0' ],
743 silly audit   pirates: [ '4.0.7' ],
743 silly audit   'pkg-dir': [ '4.2.0' ],
743 silly audit   playwright: [ '1.55.0' ],
743 silly audit   'playwright-core': [ '1.55.0' ],
743 silly audit   postcss: [ '8.4.47' ],
743 silly audit   'postcss-import': [ '15.1.0' ],
743 silly audit   'postcss-js': [ '4.0.1' ],
743 silly audit   'postcss-load-config': [ '4.0.2' ],
743 silly audit   'postcss-nested': [ '6.2.0' ],
743 silly audit   'postcss-value-parser': [ '4.2.0' ],
743 silly audit   'postgres-range': [ '1.1.4' ],
743 silly audit   'postman-collection': [ '4.4.0' ],
743 silly audit   'postman-collection-transformer': [ '4.1.8' ],
743 silly audit   'postman-request': [ '2.88.1-postman.34' ],
743 silly audit   qs: [ '6.5.3', '6.13.0' ],
743 silly audit   'postman-runtime': [ '7.39.1' ],
743 silly audit   'postman-sandbox': [ '4.7.1' ],
743 silly audit   'postman-url-encoder': [ '3.0.5' ],
743 silly audit   'pretty-format': [ '30.0.5' ],
743 silly audit   'pretty-ms': [ '7.0.1' ],
743 silly audit   'process-nextick-args': [ '2.0.1' ],
743 silly audit   'prop-types': [ '15.8.1' ],
743 silly audit   'react-is': [ '16.13.1', '18.3.1' ],
743 silly audit   protobufjs: [ '7.5.4' ],
743 silly audit   'proxy-addr': [ '2.0.7' ],
743 silly audit   pseudomap: [ '1.0.2' ],
743 silly audit   psl: [ '1.15.0' ],
743 silly audit   punycode: [ '2.3.1' ],
743 silly audit   'pure-rand': [ '7.0.1' ],
743 silly audit   querystringify: [ '2.2.0' ],
743 silly audit   'queue-microtask': [ '1.2.3' ],
743 silly audit   raf: [ '3.4.1' ],
743 silly audit   'random-bytes': [ '1.0.0' ],
743 silly audit   'range-parser': [ '1.2.1' ],
743 silly audit   'raw-body': [ '2.5.2' ],
743 silly audit   react: [ '18.3.1' ],
743 silly audit   'react-day-picker': [ '8.10.1' ],
743 silly audit   'react-dom': [ '18.3.1' ],
743 silly audit   'react-hook-form': [ '7.55.0' ],
743 silly audit   'react-icons': [ '5.4.0' ],
743 silly audit   'react-refresh': [ '0.14.2' ],
743 silly audit   'react-remove-scroll': [ '2.6.3' ],
743 silly audit   'react-remove-scroll-bar': [ '2.3.8' ],
743 silly audit   'react-resizable-panels': [ '2.1.7' ],
743 silly audit   'react-smooth': [ '4.0.4' ],
743 silly audit   'react-style-singleton': [ '2.2.3' ],
743 silly audit   'react-transition-group': [ '4.4.5' ],
743 silly audit   'read-cache': [ '1.0.0' ],
743 silly audit   'safe-buffer': [ '5.1.2', '5.2.1' ],
743 silly audit   readdirp: [ '3.6.0' ],
743 silly audit   recharts: [ '2.15.2' ],
743 silly audit   'recharts-scale': [ '0.4.5' ],
743 silly audit   'redis-errors': [ '1.2.0' ],
743 silly audit   'redis-parser': [ '3.0.0' ],
743 silly audit   regexparam: [ '3.0.0' ],
743 silly audit   relative: [ '3.0.2' ],
743 silly audit   'require-directory': [ '2.1.1' ],
743 silly audit   'require-in-the-middle': [ '7.5.2' ],
743 silly audit   'requires-port': [ '1.0.0' ],
743 silly audit   resolve: [ '1.22.8' ],
743 silly audit   'resolve-cwd': [ '3.0.0' ],
743 silly audit   'resolve-from': [ '5.0.0' ],
743 silly audit   'resolve-pkg-maps': [ '1.0.0' ],
743 silly audit   retry: [ '0.13.1' ],
743 silly audit   'retry-request': [ '7.0.2' ],
743 silly audit   reusify: [ '1.0.4' ],
743 silly audit   rgbcolor: [ '1.0.1' ],
743 silly audit   rollup: [ '4.24.4' ],
743 silly audit   'run-parallel': [ '1.2.0' ],
743 silly audit   'safer-buffer': [ '2.1.2' ],
743 silly audit   sax: [ '1.4.1' ],
743 silly audit   scheduler: [ '0.23.2' ],
743 silly audit   'self-closing-tags': [ '1.0.1' ],
743 silly audit   send: [ '0.19.0' ],
743 silly audit   'serialised-error': [ '1.1.3' ],
743 silly audit   'serve-static': [ '1.16.2' ],
743 silly audit   'set-function-length': [ '1.2.2' ],
743 silly audit   setimmediate: [ '1.0.5' ],
743 silly audit   setprototypeof: [ '1.2.0' ],
743 silly audit   'shebang-command': [ '2.0.0' ],
743 silly audit   'shebang-regex': [ '3.0.0' ],
743 silly audit   'side-channel': [ '1.0.6' ],
743 silly audit   slash: [ '3.0.0' ],
743 silly audit   'source-map': [ '0.6.1' ],
743 silly audit   'source-map-js': [ '1.2.1' ],
743 silly audit   split2: [ '4.2.0' ],
743 silly audit   'sprintf-js': [ '1.0.3' ],
743 silly audit   sshpk: [ '1.18.0' ],
743 silly audit   'stack-trace': [ '0.0.9' ],
743 silly audit   'stack-utils': [ '2.0.6' ],
743 silly audit   'stackblur-canvas': [ '2.7.0' ],
743 silly audit   'standard-as-callback': [ '2.1.0' ],
743 silly audit   statuses: [ '2.0.1' ],
743 silly audit   'stream-events': [ '1.0.5' ],
743 silly audit   'stream-length': [ '1.0.2' ],
743 silly audit   'stream-shift': [ '1.0.3' ],
743 silly audit   string_decoder: [ '1.1.1' ],
743 silly audit   'string-length': [ '4.0.2' ],
743 silly audit   'strip-bom': [ '4.0.0' ],
743 silly audit   'strip-final-newline': [ '2.0.0' ],
743 silly audit   'strip-json-comments': [ '3.1.1' ],
743 silly audit   stripe: [ '18.5.0' ],
743 silly audit   striptags: [ '3.2.0' ],
743 silly audit   strnum: [ '1.1.2' ],
743 silly audit   stubs: [ '3.0.0' ],
743 silly audit   sucrase: [ '3.35.0' ],
743 silly audit   superagent: [ '10.2.3' ],
743 silly audit   supertest: [ '7.1.4' ],
743 silly audit   'supports-preserve-symlinks-flag': [ '1.0.0' ],
743 silly audit   'svg-pathdata': [ '6.0.3' ],
743 silly audit   synckit: [ '0.11.11' ],
743 silly audit   'tailwind-merge': [ '2.6.0' ],
743 silly audit   'tailwindcss-animate': [ '1.0.7' ],
743 silly audit   tapable: [ '2.2.1' ],
743 silly audit   'teeny-request': [ '9.0.0' ],
743 silly audit   'teleport-javascript': [ '1.0.0' ],
743 silly audit   'test-exclude': [ '6.0.0' ],
743 silly audit   'text-segmentation': [ '1.0.3' ],
743 silly audit   thenify: [ '3.3.1' ],
743 silly audit   'thenify-all': [ '1.6.0' ],
743 silly audit   'timers-ext': [ '0.1.8' ],
743 silly audit   'tiny-invariant': [ '1.3.3' ],
743 silly audit   tmpl: [ '1.0.5' ],
743 silly audit   'to-gfm-code-block': [ '0.1.1' ],
743 silly audit   'to-regex-range': [ '5.0.1' ],
743 silly audit   toidentifier: [ '1.0.1' ],
743 silly audit   tr46: [ '0.0.3' ],
743 silly audit   'ts-interface-checker': [ '0.1.13' ],
743 silly audit   'ts-jest': [ '29.4.1' ],
743 silly audit   'type-fest': [ '4.41.0', '0.21.3' ],
743 silly audit   'ts-node': [ '10.9.2' ],
743 silly audit   tslib: [ '2.8.1' ],
743 silly audit   tsx: [ '4.19.2' ],
743 silly audit   'tw-animate-css': [ '1.2.5' ],
743 silly audit   tweetnacl: [ '0.14.5' ],
743 silly audit   type: [ '2.7.3' ],
743 silly audit   'type-detect': [ '4.0.8' ],
743 silly audit   'type-is': [ '1.6.18' ],
743 silly audit   'typeof-article': [ '0.1.1' ],
743 silly audit   typescript: [ '5.6.3' ],
743 silly audit   'uglify-js': [ '3.19.3' ],
743 silly audit   'uid-safe': [ '2.1.5' ],
743 silly audit   underscore: [ '1.12.1' ],
743 silly audit   universalify: [ '0.2.0' ],
743 silly audit   unpipe: [ '1.0.0' ],
743 silly audit   'unrs-resolver': [ '1.11.1' ],
743 silly audit   'update-browserslist-db': [ '1.1.1' ],
743 silly audit   'uri-js': [ '4.4.1' ],
743 silly audit   'url-parse': [ '1.5.10' ],
743 silly audit   'use-callback-ref': [ '1.3.3' ],
743 silly audit   'use-sidecar': [ '1.1.3' ],
743 silly audit   'use-sync-external-store': [ '1.2.2' ],
743 silly audit   'util-deprecate': [ '1.0.2' ],
743 silly audit   'utils-merge': [ '1.0.1' ],
743 silly audit   utrie: [ '1.0.2' ],
743 silly audit   uvm: [ '2.1.1' ],
743 silly audit   'v8-compile-cache-lib': [ '3.0.1' ],
743 silly audit   'v8-to-istanbul': [ '9.3.0' ],
743 silly audit   vary: [ '1.1.2' ],
743 silly audit   vaul: [ '1.1.2' ],
743 silly audit   verror: [ '1.10.0' ],
743 silly audit   'victory-vendor': [ '36.9.2' ],
743 silly audit   vite: [ '5.4.19' ],
743 silly audit   walker: [ '1.0.8' ],
743 silly audit   'web-push': [ '3.6.7' ],
743 silly audit   'webidl-conversions': [ '3.0.1' ],
743 silly audit   'whatwg-url': [ '5.0.0' ],
743 silly audit   which: [ '2.0.2' ],
743 silly audit   'word-wrap': [ '1.2.5' ],
743 silly audit   wordwrap: [ '1.0.0' ],
743 silly audit   wouter: [ '3.3.5' ],
743 silly audit   wrappy: [ '1.0.2' ],
743 silly audit   'write-file-atomic': [ '5.0.1' ],
743 silly audit   ws: [ '8.18.0' ],
743 silly audit   xml: [ '1.0.1' ],
743 silly audit   'xml-js': [ '1.6.11' ],
743 silly audit   xmlbuilder: [ '15.1.1' ],
743 silly audit   xtend: [ '4.0.2' ],
743 silly audit   y18n: [ '5.0.8' ],
743 silly audit   yaml: [ '2.6.0' ],
743 silly audit   yargs: [ '17.7.2' ],
743 silly audit   'yargs-parser': [ '21.1.1' ],
743 silly audit   yn: [ '3.1.1' ],
743 silly audit   'yocto-queue': [ '0.1.0' ],
743 silly audit   zod: [ '3.24.2' ],
743 silly audit   'zod-validation-error': [ '3.4.0' ]
743 silly audit }
744 verbose audit error FetchError: request to https://registry.npmjs.org/-/npm/v1/security/advisories/bulk failed, reason: getaddrinfo ENOTFOUND registry.npmjs.org
744 verbose audit error     at ClientRequest.<anonymous> (/opt/homebrew/lib/node_modules/npm/node_modules/minipass-fetch/lib/index.js:130:14)
744 verbose audit error     at ClientRequest.emit (node:events:508:20)
744 verbose audit error     at emitErrorEvent (node:_http_client:108:11)
744 verbose audit error     at _destroy (node:_http_client:963:9)
744 verbose audit error     at onSocketNT (node:_http_client:983:5)
744 verbose audit error     at process.processTicksAndRejections (node:internal/process/task_queues:91:21) {
744 verbose audit error   code: 'ENOTFOUND',
744 verbose audit error   errno: 'ENOTFOUND',
744 verbose audit error   syscall: 'getaddrinfo',
744 verbose audit error   hostname: 'registry.npmjs.org',
744 verbose audit error   type: 'system'
744 verbose audit error }
745 silly audit error undefined
746 silly audit report null
747 http cache typescript@https://registry.npmjs.org/typescript/-/typescript-5.6.3.tgz 1ms (cache hit)
748 http cache mime@https://registry.npmjs.org/mime/-/mime-1.6.0.tgz 0ms (cache hit)
749 http cache json5@https://registry.npmjs.org/json5/-/json5-2.2.3.tgz 0ms (cache hit)
750 http cache loose-envify@https://registry.npmjs.org/loose-envify/-/loose-envify-1.4.0.tgz 0ms (cache hit)
751 http cache semver@https://registry.npmjs.org/semver/-/semver-6.3.1.tgz 0ms (cache hit)
752 http cache cssesc@https://registry.npmjs.org/cssesc/-/cssesc-3.0.0.tgz 0ms (cache hit)
753 http cache @unrs/resolver-binding-darwin-arm64@https://registry.npmjs.org/@unrs/resolver-binding-darwin-arm64/-/resolver-binding-darwin-arm64-1.11.1.tgz 0ms (cache hit)
754 http cache @types/yargs-parser@https://registry.npmjs.org/@types/yargs-parser/-/yargs-parser-21.0.3.tgz 0ms (cache hit)
755 http cache @types/web-push@https://registry.npmjs.org/@types/web-push/-/web-push-3.6.4.tgz 0ms (cache hit)
756 http cache @ungap/structured-clone@https://registry.npmjs.org/@ungap/structured-clone/-/structured-clone-1.3.0.tgz 0ms (cache hit)
757 http cache @vitejs/plugin-react@https://registry.npmjs.org/@vitejs/plugin-react/-/plugin-react-4.3.3.tgz 0ms (cache hit)
758 http cache @types/ws@https://registry.npmjs.org/@types/ws/-/ws-8.5.13.tgz 0ms (cache hit)
759 http cache @types/yargs@https://registry.npmjs.org/@types/yargs/-/yargs-17.0.33.tgz 0ms (cache hit)
760 http cache @types/supertest@https://registry.npmjs.org/@types/supertest/-/supertest-6.0.3.tgz 0ms (cache hit)
761 http cache @types/serve-static@https://registry.npmjs.org/@types/serve-static/-/serve-static-1.15.7.tgz 0ms (cache hit)
762 http cache @types/stack-utils@https://registry.npmjs.org/@types/stack-utils/-/stack-utils-2.0.3.tgz 0ms (cache hit)
763 http cache @types/trusted-types@https://registry.npmjs.org/@types/trusted-types/-/trusted-types-2.0.7.tgz 0ms (cache hit)
764 http cache @types/superagent@https://registry.npmjs.org/@types/superagent/-/superagent-8.1.9.tgz 0ms (cache hit)
765 http cache @types/send@https://registry.npmjs.org/@types/send/-/send-0.17.4.tgz 0ms (cache hit)
766 http cache @types/tough-cookie@https://registry.npmjs.org/@types/tough-cookie/-/tough-cookie-4.0.5.tgz 0ms (cache hit)
767 http cache @types/qs@https://registry.npmjs.org/@types/qs/-/qs-6.9.16.tgz 0ms (cache hit)
768 http cache @types/react@https://registry.npmjs.org/@types/react/-/react-18.3.12.tgz 0ms (cache hit)
769 http cache @types/react-dom@https://registry.npmjs.org/@types/react-dom/-/react-dom-18.3.1.tgz 0ms (cache hit)
770 http cache @types/prop-types@https://registry.npmjs.org/@types/prop-types/-/prop-types-15.7.13.tgz 0ms (cache hit)
771 http cache @types/raf@https://registry.npmjs.org/@types/raf/-/raf-3.4.3.tgz 0ms (cache hit)
772 http cache @types/pako@https://registry.npmjs.org/@types/pako/-/pako-2.0.4.tgz 0ms (cache hit)
773 http cache @types/mime@https://registry.npmjs.org/@types/mime/-/mime-1.3.5.tgz 0ms (cache hit)
774 http cache @types/request@https://registry.npmjs.org/@types/request/-/request-2.48.13.tgz 0ms (cache hit)
775 http cache @types/memoizee@https://registry.npmjs.org/@types/memoizee/-/memoizee-0.4.12.tgz 0ms (cache hit)
776 http cache @types/methods@https://registry.npmjs.org/@types/methods/-/methods-1.1.4.tgz 0ms (cache hit)
777 http cache @types/jest@https://registry.npmjs.org/@types/jest/-/jest-30.0.0.tgz 0ms (cache hit)
778 http cache @types/istanbul-lib-report@https://registry.npmjs.org/@types/istanbul-lib-report/-/istanbul-lib-report-3.0.3.tgz 0ms (cache hit)
779 http cache @types/istanbul-reports@https://registry.npmjs.org/@types/istanbul-reports/-/istanbul-reports-3.0.4.tgz 0ms (cache hit)
780 http cache @types/node-fetch@https://registry.npmjs.org/@types/node-fetch/-/node-fetch-2.6.13.tgz 0ms (cache hit)
781 http cache @types/d3-time@https://registry.npmjs.org/@types/d3-time/-/d3-time-3.0.3.tgz 0ms (cache hit)
782 http cache @types/express-session@https://registry.npmjs.org/@types/express-session/-/express-session-1.18.0.tgz 0ms (cache hit)
783 http cache @types/http-errors@https://registry.npmjs.org/@types/http-errors/-/http-errors-2.0.4.tgz 0ms (cache hit)
784 http cache @types/estree@https://registry.npmjs.org/@types/estree/-/estree-1.0.6.tgz 0ms (cache hit)
785 http cache @types/d3-shape@https://registry.npmjs.org/@types/d3-shape/-/d3-shape-3.1.6.tgz 0ms (cache hit)
786 http cache @types/express-serve-static-core@https://registry.npmjs.org/@types/express-serve-static-core/-/express-serve-static-core-4.19.6.tgz 0ms (cache hit)
787 http cache @types/d3-scale@https://registry.npmjs.org/@types/d3-scale/-/d3-scale-4.0.8.tgz 0ms (cache hit)
788 http cache @types/d3-array@https://registry.npmjs.org/@types/d3-array/-/d3-array-3.2.1.tgz 0ms (cache hit)
789 http cache @types/cookiejar@https://registry.npmjs.org/@types/cookiejar/-/cookiejar-2.1.5.tgz 0ms (cache hit)
790 http cache @types/caseless@https://registry.npmjs.org/@types/caseless/-/caseless-0.12.5.tgz 0ms (cache hit)
791 http cache @types/d3-path@https://registry.npmjs.org/@types/d3-path/-/d3-path-3.1.0.tgz 0ms (cache hit)
792 http cache @types/body-parser@https://registry.npmjs.org/@types/body-parser/-/body-parser-1.19.5.tgz 0ms (cache hit)
793 http cache @types/istanbul-lib-coverage@https://registry.npmjs.org/@types/istanbul-lib-coverage/-/istanbul-lib-coverage-2.0.6.tgz 0ms (cache hit)
794 http cache @types/babel__traverse@https://registry.npmjs.org/@types/babel__traverse/-/babel__traverse-7.20.6.tgz 0ms (cache hit)
795 http cache @tsconfig/node16@https://registry.npmjs.org/@tsconfig/node16/-/node16-1.0.4.tgz 0ms (cache hit)
796 http cache @tsconfig/node12@https://registry.npmjs.org/@tsconfig/node12/-/node12-1.0.11.tgz 0ms (cache hit)
797 http cache @tsconfig/node10@https://registry.npmjs.org/@tsconfig/node10/-/node10-1.0.11.tgz 0ms (cache hit)
798 http cache @types/bcryptjs@https://registry.npmjs.org/@types/bcryptjs/-/bcryptjs-2.4.6.tgz 0ms (cache hit)
799 http cache @types/babel__generator@https://registry.npmjs.org/@types/babel__generator/-/babel__generator-7.6.8.tgz 0ms (cache hit)
800 http cache @sinonjs/commons@https://registry.npmjs.org/@sinonjs/commons/-/commons-3.0.1.tgz 0ms (cache hit)
801 http cache @tootallnate/once@https://registry.npmjs.org/@tootallnate/once/-/once-2.0.0.tgz 0ms (cache hit)
802 http cache @tanstack/query-core@https://registry.npmjs.org/@tanstack/query-core/-/query-core-5.60.5.tgz 0ms (cache hit)
803 http cache @tailwindcss/typography@https://registry.npmjs.org/@tailwindcss/typography/-/typography-0.5.15.tgz 0ms (cache hit)
804 http cache @tailwindcss/vite@https://registry.npmjs.org/@tailwindcss/vite/-/vite-4.1.3.tgz 0ms (cache hit)
805 http cache @tailwindcss/oxide@https://registry.npmjs.org/@tailwindcss/oxide/-/oxide-4.1.3.tgz 0ms (cache hit)
806 http cache @tailwindcss/node@https://registry.npmjs.org/@tailwindcss/node/-/node-4.1.3.tgz 0ms (cache hit)
807 http cache @stripe/stripe-js@https://registry.npmjs.org/@stripe/stripe-js/-/stripe-js-7.9.0.tgz 0ms (cache hit)
808 http cache @stripe/react-stripe-js@https://registry.npmjs.org/@stripe/react-stripe-js/-/react-stripe-js-4.0.2.tgz 0ms (cache hit)
809 http cache @sinonjs/fake-timers@https://registry.npmjs.org/@sinonjs/fake-timers/-/fake-timers-13.0.5.tgz 0ms (cache hit)
810 http cache @tailwindcss/oxide-darwin-arm64@https://registry.npmjs.org/@tailwindcss/oxide-darwin-arm64/-/oxide-darwin-arm64-4.1.3.tgz 0ms (cache hit)
811 http cache @sinclair/typebox@https://registry.npmjs.org/@sinclair/typebox/-/typebox-0.34.41.tgz 0ms (cache hit)
812 http cache @replit/vite-plugin-cartographer@https://registry.npmjs.org/@replit/vite-plugin-cartographer/-/vite-plugin-cartographer-0.3.0.tgz 0ms (cache hit)
813 http cache @rollup/rollup-darwin-arm64@https://registry.npmjs.org/@rollup/rollup-darwin-arm64/-/rollup-darwin-arm64-4.24.4.tgz 0ms (cache hit)
814 http cache @radix-ui/react-visually-hidden@https://registry.npmjs.org/@radix-ui/react-visually-hidden/-/react-visually-hidden-1.1.3.tgz 0ms (cache hit)
815 http cache @radix-ui/react-use-controllable-state@https://registry.npmjs.org/@radix-ui/react-use-controllable-state/-/react-use-controllable-state-1.1.1.tgz 0ms (cache hit)
816 http cache @radix-ui/react-tooltip@https://registry.npmjs.org/@radix-ui/react-tooltip/-/react-tooltip-1.2.0.tgz 0ms (cache hit)
817 http cache @radix-ui/react-toggle-group@https://registry.npmjs.org/@radix-ui/react-toggle-group/-/react-toggle-group-1.1.3.tgz 0ms (cache hit)
818 http cache @radix-ui/react-toggle@https://registry.npmjs.org/@radix-ui/react-toggle/-/react-toggle-1.1.3.tgz 0ms (cache hit)
819 http cache @radix-ui/react-toast@https://registry.npmjs.org/@radix-ui/react-toast/-/react-toast-1.2.7.tgz 0ms (cache hit)
820 http cache @radix-ui/react-tabs@https://registry.npmjs.org/@radix-ui/react-tabs/-/react-tabs-1.1.4.tgz 0ms (cache hit)
821 http cache @radix-ui/react-switch@https://registry.npmjs.org/@radix-ui/react-switch/-/react-switch-1.1.4.tgz 0ms (cache hit)
822 http cache @radix-ui/react-slot@https://registry.npmjs.org/@radix-ui/react-slot/-/react-slot-1.2.0.tgz 0ms (cache hit)
823 http cache @radix-ui/react-slider@https://registry.npmjs.org/@radix-ui/react-slider/-/react-slider-1.2.4.tgz 0ms (cache hit)
824 http cache @radix-ui/react-separator@https://registry.npmjs.org/@radix-ui/react-separator/-/react-separator-1.1.3.tgz 0ms (cache hit)
825 http cache @radix-ui/react-select@https://registry.npmjs.org/@radix-ui/react-select/-/react-select-2.1.7.tgz 0ms (cache hit)
826 http cache @radix-ui/react-roving-focus@https://registry.npmjs.org/@radix-ui/react-roving-focus/-/react-roving-focus-1.1.3.tgz 0ms (cache hit)
827 http cache @radix-ui/react-radio-group@https://registry.npmjs.org/@radix-ui/react-radio-group/-/react-radio-group-1.2.4.tgz 0ms (cache hit)
828 http cache @radix-ui/react-scroll-area@https://registry.npmjs.org/@radix-ui/react-scroll-area/-/react-scroll-area-1.2.4.tgz 0ms (cache hit)
829 http cache @radix-ui/react-progress@https://registry.npmjs.org/@radix-ui/react-progress/-/react-progress-1.1.3.tgz 0ms (cache hit)
830 http cache @radix-ui/react-primitive@https://registry.npmjs.org/@radix-ui/react-primitive/-/react-primitive-2.0.3.tgz 0ms (cache hit)
831 http cache @radix-ui/react-presence@https://registry.npmjs.org/@radix-ui/react-presence/-/react-presence-1.1.3.tgz 0ms (cache hit)
832 http cache @radix-ui/react-portal@https://registry.npmjs.org/@radix-ui/react-portal/-/react-portal-1.1.5.tgz 0ms (cache hit)
833 http cache @radix-ui/react-popper@https://registry.npmjs.org/@radix-ui/react-popper/-/react-popper-1.2.3.tgz 0ms (cache hit)
834 http cache @radix-ui/react-popover@https://registry.npmjs.org/@radix-ui/react-popover/-/react-popover-1.1.7.tgz 0ms (cache hit)
835 http cache @radix-ui/react-menubar@https://registry.npmjs.org/@radix-ui/react-menubar/-/react-menubar-1.1.7.tgz 0ms (cache hit)
836 http cache @radix-ui/react-menu@https://registry.npmjs.org/@radix-ui/react-menu/-/react-menu-2.1.7.tgz 0ms (cache hit)
837 http cache @radix-ui/react-navigation-menu@https://registry.npmjs.org/@radix-ui/react-navigation-menu/-/react-navigation-menu-1.2.6.tgz 0ms (cache hit)
838 http cache @radix-ui/react-label@https://registry.npmjs.org/@radix-ui/react-label/-/react-label-2.1.3.tgz 0ms (cache hit)
839 http cache @radix-ui/react-hover-card@https://registry.npmjs.org/@radix-ui/react-hover-card/-/react-hover-card-1.1.7.tgz 0ms (cache hit)
840 http cache @radix-ui/react-focus-scope@https://registry.npmjs.org/@radix-ui/react-focus-scope/-/react-focus-scope-1.1.3.tgz 0ms (cache hit)
841 http cache @radix-ui/react-focus-guards@https://registry.npmjs.org/@radix-ui/react-focus-guards/-/react-focus-guards-1.1.2.tgz 0ms (cache hit)
842 http cache @radix-ui/react-dropdown-menu@https://registry.npmjs.org/@radix-ui/react-dropdown-menu/-/react-dropdown-menu-2.1.7.tgz 0ms (cache hit)
843 http cache @radix-ui/react-dismissable-layer@https://registry.npmjs.org/@radix-ui/react-dismissable-layer/-/react-dismissable-layer-1.1.6.tgz 0ms (cache hit)
844 http cache @radix-ui/react-dialog@https://registry.npmjs.org/@radix-ui/react-dialog/-/react-dialog-1.1.7.tgz 0ms (cache hit)
845 http cache @radix-ui/react-context-menu@https://registry.npmjs.org/@radix-ui/react-context-menu/-/react-context-menu-2.2.7.tgz 0ms (cache hit)
846 http cache @radix-ui/react-collection@https://registry.npmjs.org/@radix-ui/react-collection/-/react-collection-1.1.3.tgz 1ms (cache hit)
847 http cache @radix-ui/react-checkbox@https://registry.npmjs.org/@radix-ui/react-checkbox/-/react-checkbox-1.1.5.tgz 0ms (cache hit)
848 http cache @radix-ui/react-avatar@https://registry.npmjs.org/@radix-ui/react-avatar/-/react-avatar-1.1.4.tgz 0ms (cache hit)
849 http cache @radix-ui/react-aspect-ratio@https://registry.npmjs.org/@radix-ui/react-aspect-ratio/-/react-aspect-ratio-1.1.3.tgz 0ms (cache hit)
850 http cache @radix-ui/react-arrow@https://registry.npmjs.org/@radix-ui/react-arrow/-/react-arrow-1.1.3.tgz 0ms (cache hit)
851 http cache @radix-ui/react-alert-dialog@https://registry.npmjs.org/@radix-ui/react-alert-dialog/-/react-alert-dialog-1.1.7.tgz 0ms (cache hit)
852 http cache @radix-ui/primitive@https://registry.npmjs.org/@radix-ui/primitive/-/primitive-1.1.2.tgz 0ms (cache hit)
853 http cache @radix-ui/react-accordion@https://registry.npmjs.org/@radix-ui/react-accordion/-/react-accordion-1.2.4.tgz 0ms (cache hit)
854 http cache @protobufjs/utf8@https://registry.npmjs.org/@protobufjs/utf8/-/utf8-1.1.0.tgz 0ms (cache hit)
855 http cache @protobufjs/pool@https://registry.npmjs.org/@protobufjs/pool/-/pool-1.1.0.tgz 0ms (cache hit)
856 http cache @protobufjs/path@https://registry.npmjs.org/@protobufjs/path/-/path-1.1.2.tgz 0ms (cache hit)
857 http cache @protobufjs/inquire@https://registry.npmjs.org/@protobufjs/inquire/-/inquire-1.1.0.tgz 0ms (cache hit)
858 http cache @protobufjs/float@https://registry.npmjs.org/@protobufjs/float/-/float-1.0.2.tgz 0ms (cache hit)
859 http cache @protobufjs/fetch@https://registry.npmjs.org/@protobufjs/fetch/-/fetch-1.1.0.tgz 0ms (cache hit)
860 http cache @protobufjs/eventemitter@https://registry.npmjs.org/@protobufjs/eventemitter/-/eventemitter-1.1.0.tgz 0ms (cache hit)
861 http cache @protobufjs/codegen@https://registry.npmjs.org/@protobufjs/codegen/-/codegen-2.0.4.tgz 0ms (cache hit)
862 http cache @protobufjs/base64@https://registry.npmjs.org/@protobufjs/base64/-/base64-1.1.2.tgz 0ms (cache hit)
863 http cache @protobufjs/aspromise@https://registry.npmjs.org/@protobufjs/aspromise/-/aspromise-1.1.2.tgz 0ms (cache hit)
864 http cache @postman/tunnel-agent@https://registry.npmjs.org/@postman/tunnel-agent/-/tunnel-agent-0.6.4.tgz 0ms (cache hit)
865 http cache @radix-ui/react-collapsible@https://registry.npmjs.org/@radix-ui/react-collapsible/-/react-collapsible-1.1.4.tgz 0ms (cache hit)
866 http cache @postman/tough-cookie@https://registry.npmjs.org/@postman/tough-cookie/-/tough-cookie-4.1.3-postman.1.tgz 0ms (cache hit)
867 http cache @postman/form-data@https://registry.npmjs.org/@postman/form-data/-/form-data-3.1.1.tgz 0ms (cache hit)
868 http cache @playwright/test@https://registry.npmjs.org/@playwright/test/-/test-1.55.0.tgz 0ms (cache hit)
869 http cache @pkgjs/parseargs@https://registry.npmjs.org/@pkgjs/parseargs/-/parseargs-0.11.0.tgz 0ms (cache hit)
870 http cache @pkgr/core@https://registry.npmjs.org/@pkgr/core/-/core-0.2.9.tgz 0ms (cache hit)
871 http cache @paralleldrive/cuid2@https://registry.npmjs.org/@paralleldrive/cuid2/-/cuid2-2.2.2.tgz 0ms (cache hit)
872 http cache @opentelemetry/semantic-conventions@https://registry.npmjs.org/@opentelemetry/semantic-conventions/-/semantic-conventions-1.37.0.tgz 0ms (cache hit)
873 http cache @opentelemetry/sdk-trace-node@https://registry.npmjs.org/@opentelemetry/sdk-trace-node/-/sdk-trace-node-2.1.0.tgz 0ms (cache hit)
874 http cache @opentelemetry/sdk-trace-base@https://registry.npmjs.org/@opentelemetry/sdk-trace-base/-/sdk-trace-base-2.1.0.tgz 0ms (cache hit)
875 http cache @opentelemetry/sdk-node@https://registry.npmjs.org/@opentelemetry/sdk-node/-/sdk-node-0.205.0.tgz 0ms (cache hit)
876 http cache @opentelemetry/sdk-metrics@https://registry.npmjs.org/@opentelemetry/sdk-metrics/-/sdk-metrics-2.1.0.tgz 0ms (cache hit)
877 http cache @opentelemetry/sdk-logs@https://registry.npmjs.org/@opentelemetry/sdk-logs/-/sdk-logs-0.205.0.tgz 0ms (cache hit)
878 http cache @opentelemetry/resources@https://registry.npmjs.org/@opentelemetry/resources/-/resources-2.1.0.tgz 0ms (cache hit)
879 http cache @opentelemetry/propagator-jaeger@https://registry.npmjs.org/@opentelemetry/propagator-jaeger/-/propagator-jaeger-2.1.0.tgz 0ms (cache hit)
880 http cache @opentelemetry/propagator-b3@https://registry.npmjs.org/@opentelemetry/propagator-b3/-/propagator-b3-2.1.0.tgz 0ms (cache hit)
881 http cache @opentelemetry/otlp-transformer@https://registry.npmjs.org/@opentelemetry/otlp-transformer/-/otlp-transformer-0.205.0.tgz 0ms (cache hit)
882 http cache @opentelemetry/otlp-grpc-exporter-base@https://registry.npmjs.org/@opentelemetry/otlp-grpc-exporter-base/-/otlp-grpc-exporter-base-0.205.0.tgz 0ms (cache hit)
883 http cache @opentelemetry/otlp-exporter-base@https://registry.npmjs.org/@opentelemetry/otlp-exporter-base/-/otlp-exporter-base-0.205.0.tgz 0ms (cache hit)
884 http cache @tsconfig/node14@https://registry.npmjs.org/@tsconfig/node14/-/node14-1.0.3.tgz 0ms (cache hit)
885 http cache @opentelemetry/exporter-metrics-otlp-proto@https://registry.npmjs.org/@opentelemetry/exporter-metrics-otlp-proto/-/exporter-metrics-otlp-proto-0.205.0.tgz 0ms (cache hit)
886 http cache @opentelemetry/exporter-zipkin@https://registry.npmjs.org/@opentelemetry/exporter-zipkin/-/exporter-zipkin-2.1.0.tgz 0ms (cache hit)
887 http cache @opentelemetry/exporter-trace-otlp-proto@https://registry.npmjs.org/@opentelemetry/exporter-trace-otlp-proto/-/exporter-trace-otlp-proto-0.205.0.tgz 0ms (cache hit)
888 http cache @opentelemetry/instrumentation@https://registry.npmjs.org/@opentelemetry/instrumentation/-/instrumentation-0.205.0.tgz 0ms (cache hit)
889 http cache @tanstack/react-query@https://registry.npmjs.org/@tanstack/react-query/-/react-query-5.60.5.tgz 0ms (cache hit)
890 http cache @opentelemetry/exporter-trace-otlp-http@https://registry.npmjs.org/@opentelemetry/exporter-trace-otlp-http/-/exporter-trace-otlp-http-0.205.0.tgz 0ms (cache hit)
891 http cache @opentelemetry/exporter-prometheus@https://registry.npmjs.org/@opentelemetry/exporter-prometheus/-/exporter-prometheus-0.205.0.tgz 0ms (cache hit)
892 http cache @opentelemetry/exporter-metrics-otlp-http@https://registry.npmjs.org/@opentelemetry/exporter-metrics-otlp-http/-/exporter-metrics-otlp-http-0.205.0.tgz 0ms (cache hit)
893 http cache @opentelemetry/exporter-metrics-otlp-grpc@https://registry.npmjs.org/@opentelemetry/exporter-metrics-otlp-grpc/-/exporter-metrics-otlp-grpc-0.205.0.tgz 0ms (cache hit)
894 http cache @opentelemetry/exporter-logs-otlp-proto@https://registry.npmjs.org/@opentelemetry/exporter-logs-otlp-proto/-/exporter-logs-otlp-proto-0.205.0.tgz 0ms (cache hit)
895 http cache @opentelemetry/exporter-logs-otlp-grpc@https://registry.npmjs.org/@opentelemetry/exporter-logs-otlp-grpc/-/exporter-logs-otlp-grpc-0.205.0.tgz 0ms (cache hit)
896 http cache @opentelemetry/core@https://registry.npmjs.org/@opentelemetry/core/-/core-2.1.0.tgz 0ms (cache hit)
897 http cache @opentelemetry/api-logs@https://registry.npmjs.org/@opentelemetry/api-logs/-/api-logs-0.205.0.tgz 0ms (cache hit)
898 http cache @opentelemetry/exporter-trace-otlp-grpc@https://registry.npmjs.org/@opentelemetry/exporter-trace-otlp-grpc/-/exporter-trace-otlp-grpc-0.205.0.tgz 0ms (cache hit)
899 http cache @opentelemetry/exporter-logs-otlp-http@https://registry.npmjs.org/@opentelemetry/exporter-logs-otlp-http/-/exporter-logs-otlp-http-0.205.0.tgz 0ms (cache hit)
900 http cache @opentelemetry/api@https://registry.npmjs.org/@opentelemetry/api/-/api-1.9.0.tgz 0ms (cache hit)
901 http cache @opentelemetry/context-async-hooks@https://registry.npmjs.org/@opentelemetry/context-async-hooks/-/context-async-hooks-2.1.0.tgz 0ms (cache hit)
902 http cache @noble/hashes@https://registry.npmjs.org/@noble/hashes/-/hashes-1.8.0.tgz 0ms (cache hit)
903 http cache @msgpackr-extract/msgpackr-extract-darwin-arm64@https://registry.npmjs.org/@msgpackr-extract/msgpackr-extract-darwin-arm64/-/msgpackr-extract-darwin-arm64-3.0.3.tgz 0ms (cache hit)
904 http cache @jest/types@https://registry.npmjs.org/@jest/types/-/types-30.0.5.tgz 0ms (cache hit)
905 http cache @jest/test-sequencer@https://registry.npmjs.org/@jest/test-sequencer/-/test-sequencer-30.1.3.tgz 0ms (cache hit)
906 http cache @js-sdsl/ordered-map@https://registry.npmjs.org/@js-sdsl/ordered-map/-/ordered-map-4.4.2.tgz 0ms (cache hit)
907 http cache @jest/transform@https://registry.npmjs.org/@jest/transform/-/transform-30.1.2.tgz 0ms (cache hit)
908 http cache @jridgewell/sourcemap-codec@https://registry.npmjs.org/@jridgewell/sourcemap-codec/-/sourcemap-codec-1.5.0.tgz 0ms (cache hit)
909 http cache @jest/snapshot-utils@https://registry.npmjs.org/@jest/snapshot-utils/-/snapshot-utils-30.1.2.tgz 0ms (cache hit)
910 http cache @jest/schemas@https://registry.npmjs.org/@jest/schemas/-/schemas-30.0.5.tgz 0ms (cache hit)
911 http cache @jest/reporters@https://registry.npmjs.org/@jest/reporters/-/reporters-30.1.3.tgz 0ms (cache hit)
912 http cache @jest/globals@https://registry.npmjs.org/@jest/globals/-/globals-30.1.2.tgz 0ms (cache hit)
913 http cache @jest/test-result@https://registry.npmjs.org/@jest/test-result/-/test-result-30.1.3.tgz 0ms (cache hit)
914 http cache @jest/pattern@https://registry.npmjs.org/@jest/pattern/-/pattern-30.0.1.tgz 0ms (cache hit)
915 http cache @jest/get-type@https://registry.npmjs.org/@jest/get-type/-/get-type-30.1.0.tgz 0ms (cache hit)
916 http cache @jest/fake-timers@https://registry.npmjs.org/@jest/fake-timers/-/fake-timers-30.1.2.tgz 0ms (cache hit)
917 http cache @jest/expect-utils@https://registry.npmjs.org/@jest/expect-utils/-/expect-utils-30.1.2.tgz 0ms (cache hit)
918 http cache @jest/environment@https://registry.npmjs.org/@jest/environment/-/environment-30.1.2.tgz 0ms (cache hit)
919 http cache @jest/expect@https://registry.npmjs.org/@jest/expect/-/expect-30.1.2.tgz 0ms (cache hit)
920 http cache @jest/core@https://registry.npmjs.org/@jest/core/-/core-30.1.3.tgz 0ms (cache hit)
921 http cache @jest/diff-sequences@https://registry.npmjs.org/@jest/diff-sequences/-/diff-sequences-30.0.1.tgz 0ms (cache hit)
922 http cache @istanbuljs/load-nyc-config@https://registry.npmjs.org/@istanbuljs/load-nyc-config/-/load-nyc-config-1.1.0.tgz 0ms (cache hit)
923 http cache @jest/source-map@https://registry.npmjs.org/@jest/source-map/-/source-map-30.0.1.tgz 0ms (cache hit)
924 http cache @isaacs/cliui@https://registry.npmjs.org/@isaacs/cliui/-/cliui-8.0.2.tgz 0ms (cache hit)
925 http cache @istanbuljs/schema@https://registry.npmjs.org/@istanbuljs/schema/-/schema-0.1.3.tgz 0ms (cache hit)
926 http cache @jest/console@https://registry.npmjs.org/@jest/console/-/console-30.1.2.tgz 0ms (cache hit)
927 http cache @ioredis/commands@https://registry.npmjs.org/@ioredis/commands/-/commands-1.3.1.tgz 0ms (cache hit)
928 http cache @google-cloud/promisify@https://registry.npmjs.org/@google-cloud/promisify/-/promisify-4.0.0.tgz 0ms (cache hit)
929 http cache @google-cloud/projectify@https://registry.npmjs.org/@google-cloud/projectify/-/projectify-4.0.0.tgz 0ms (cache hit)
930 http cache @google-cloud/paginator@https://registry.npmjs.org/@google-cloud/paginator/-/paginator-5.0.2.tgz 0ms (cache hit)
931 http cache @floating-ui/react-dom@https://registry.npmjs.org/@floating-ui/react-dom/-/react-dom-2.1.2.tgz 0ms (cache hit)
932 http cache @grpc/proto-loader@https://registry.npmjs.org/@grpc/proto-loader/-/proto-loader-0.7.15.tgz 0ms (cache hit)
933 http cache @floating-ui/dom@https://registry.npmjs.org/@floating-ui/dom/-/dom-1.6.13.tgz 0ms (cache hit)
934 http cache @floating-ui/utils@https://registry.npmjs.org/@floating-ui/utils/-/utils-0.2.9.tgz 0ms (cache hit)
935 http cache @faker-js/faker@https://registry.npmjs.org/@faker-js/faker/-/faker-5.5.3.tgz 0ms (cache hit)
936 http cache @esbuild/darwin-arm64@https://registry.npmjs.org/@esbuild/darwin-arm64/-/darwin-arm64-0.25.0.tgz 0ms (cache hit)
937 http cache @grpc/grpc-js@https://registry.npmjs.org/@grpc/grpc-js/-/grpc-js-1.13.4.tgz 0ms (cache hit)
938 http cache @colors/colors@https://registry.npmjs.org/@colors/colors/-/colors-1.5.0.tgz 0ms (cache hit)
939 http cache @bcoe/v8-coverage@https://registry.npmjs.org/@bcoe/v8-coverage/-/v8-coverage-0.2.3.tgz 0ms (cache hit)
940 http cache @budibase/handlebars-helpers@https://registry.npmjs.org/@budibase/handlebars-helpers/-/handlebars-helpers-0.13.1.tgz 0ms (cache hit)
941 http cache @babel/traverse@https://registry.npmjs.org/@babel/traverse/-/traverse-7.28.4.tgz 0ms (cache hit)
942 http cache @anthropic-ai/sdk@https://registry.npmjs.org/@anthropic-ai/sdk/-/sdk-0.37.0.tgz 0ms (cache hit)
943 http cache @floating-ui/core@https://registry.npmjs.org/@floating-ui/core/-/core-1.6.9.tgz 0ms (cache hit)
944 http cache @babel/types@https://registry.npmjs.org/@babel/types/-/types-7.28.4.tgz 0ms (cache hit)
945 http cache @babel/template@https://registry.npmjs.org/@babel/template/-/template-7.27.2.tgz 0ms (cache hit)
946 http cache @babel/runtime@https://registry.npmjs.org/@babel/runtime/-/runtime-7.27.0.tgz 0ms (cache hit)
947 http cache @babel/plugin-transform-react-jsx-source@https://registry.npmjs.org/@babel/plugin-transform-react-jsx-source/-/plugin-transform-react-jsx-source-7.25.9.tgz 0ms (cache hit)
948 http cache @google-cloud/storage@https://registry.npmjs.org/@google-cloud/storage/-/storage-7.17.1.tgz 0ms (cache hit)
949 http cache @babel/plugin-syntax-typescript@https://registry.npmjs.org/@babel/plugin-syntax-typescript/-/plugin-syntax-typescript-7.27.1.tgz 0ms (cache hit)
950 http cache @cspotcode/source-map-support@https://registry.npmjs.org/@cspotcode/source-map-support/-/source-map-support-0.8.1.tgz 0ms (cache hit)
951 http cache @babel/plugin-transform-react-jsx-self@https://registry.npmjs.org/@babel/plugin-transform-react-jsx-self/-/plugin-transform-react-jsx-self-7.25.9.tgz 0ms (cache hit)
952 http cache @babel/plugin-syntax-optional-chaining@https://registry.npmjs.org/@babel/plugin-syntax-optional-chaining/-/plugin-syntax-optional-chaining-7.8.3.tgz 0ms (cache hit)
953 http cache @babel/plugin-syntax-optional-catch-binding@https://registry.npmjs.org/@babel/plugin-syntax-optional-catch-binding/-/plugin-syntax-optional-catch-binding-7.8.3.tgz 0ms (cache hit)
954 http cache @babel/plugin-syntax-nullish-coalescing-operator@https://registry.npmjs.org/@babel/plugin-syntax-nullish-coalescing-operator/-/plugin-syntax-nullish-coalescing-operator-7.8.3.tgz 0ms (cache hit)
955 http cache @babel/plugin-syntax-numeric-separator@https://registry.npmjs.org/@babel/plugin-syntax-numeric-separator/-/plugin-syntax-numeric-separator-7.10.4.tgz 0ms (cache hit)
956 http cache @babel/plugin-syntax-private-property-in-object@https://registry.npmjs.org/@babel/plugin-syntax-private-property-in-object/-/plugin-syntax-private-property-in-object-7.14.5.tgz 0ms (cache hit)
957 http cache @babel/plugin-syntax-object-rest-spread@https://registry.npmjs.org/@babel/plugin-syntax-object-rest-spread/-/plugin-syntax-object-rest-spread-7.8.3.tgz 0ms (cache hit)
958 http cache @babel/plugin-syntax-jsx@https://registry.npmjs.org/@babel/plugin-syntax-jsx/-/plugin-syntax-jsx-7.27.1.tgz 0ms (cache hit)
959 http cache @babel/plugin-syntax-top-level-await@https://registry.npmjs.org/@babel/plugin-syntax-top-level-await/-/plugin-syntax-top-level-await-7.14.5.tgz 0ms (cache hit)
960 http cache @babel/plugin-syntax-json-strings@https://registry.npmjs.org/@babel/plugin-syntax-json-strings/-/plugin-syntax-json-strings-7.8.3.tgz 0ms (cache hit)
961 http cache @babel/plugin-syntax-class-properties@https://registry.npmjs.org/@babel/plugin-syntax-class-properties/-/plugin-syntax-class-properties-7.12.13.tgz 0ms (cache hit)
962 http cache @babel/plugin-syntax-import-attributes@https://registry.npmjs.org/@babel/plugin-syntax-import-attributes/-/plugin-syntax-import-attributes-7.27.1.tgz 0ms (cache hit)
963 http cache @babel/plugin-syntax-class-static-block@https://registry.npmjs.org/@babel/plugin-syntax-class-static-block/-/plugin-syntax-class-static-block-7.14.5.tgz 0ms (cache hit)
964 http cache @babel/parser@https://registry.npmjs.org/@babel/parser/-/parser-7.28.4.tgz 0ms (cache hit)
965 http cache @babel/plugin-syntax-async-generators@https://registry.npmjs.org/@babel/plugin-syntax-async-generators/-/plugin-syntax-async-generators-7.8.4.tgz 0ms (cache hit)
966 http cache @babel/helpers@https://registry.npmjs.org/@babel/helpers/-/helpers-7.28.4.tgz 0ms (cache hit)
967 http cache @babel/plugin-syntax-import-meta@https://registry.npmjs.org/@babel/plugin-syntax-import-meta/-/plugin-syntax-import-meta-7.10.4.tgz 0ms (cache hit)
968 http cache @babel/plugin-syntax-bigint@https://registry.npmjs.org/@babel/plugin-syntax-bigint/-/plugin-syntax-bigint-7.8.3.tgz 0ms (cache hit)
969 http cache @babel/helper-plugin-utils@https://registry.npmjs.org/@babel/helper-plugin-utils/-/helper-plugin-utils-7.27.1.tgz 0ms (cache hit)
970 http cache @babel/helper-module-transforms@https://registry.npmjs.org/@babel/helper-module-transforms/-/helper-module-transforms-7.28.3.tgz 0ms (cache hit)
971 http cache @babel/helper-validator-identifier@https://registry.npmjs.org/@babel/helper-validator-identifier/-/helper-validator-identifier-7.27.1.tgz 0ms (cache hit)
972 http cache @babel/helper-module-imports@https://registry.npmjs.org/@babel/helper-module-imports/-/helper-module-imports-7.27.1.tgz 0ms (cache hit)
973 http cache @babel/compat-data@https://registry.npmjs.org/@babel/compat-data/-/compat-data-7.28.4.tgz 0ms (cache hit)
974 http cache @babel/code-frame@https://registry.npmjs.org/@babel/code-frame/-/code-frame-7.27.1.tgz 0ms (cache hit)
975 http cache @babel/generator@https://registry.npmjs.org/@babel/generator/-/generator-7.28.3.tgz 0ms (cache hit)
976 http cache zod-validation-error@https://registry.npmjs.org/zod-validation-error/-/zod-validation-error-3.4.0.tgz 0ms (cache hit)
977 http cache @babel/core@https://registry.npmjs.org/@babel/core/-/core-7.28.4.tgz 0ms (cache hit)
978 http cache zod@https://registry.npmjs.org/zod/-/zod-3.24.2.tgz 0ms (cache hit)
979 http cache yocto-queue@https://registry.npmjs.org/yocto-queue/-/yocto-queue-0.1.0.tgz 0ms (cache hit)
980 http cache yaml@https://registry.npmjs.org/yaml/-/yaml-2.6.0.tgz 0ms (cache hit)
981 http cache yargs-parser@https://registry.npmjs.org/yargs-parser/-/yargs-parser-21.1.1.tgz 0ms (cache hit)
982 http cache yargs@https://registry.npmjs.org/yargs/-/yargs-17.7.2.tgz 0ms (cache hit)
983 http cache xmlbuilder@https://registry.npmjs.org/xmlbuilder/-/xmlbuilder-15.1.1.tgz 0ms (cache hit)
984 http cache y18n@https://registry.npmjs.org/y18n/-/y18n-5.0.8.tgz 0ms (cache hit)
985 http cache xml-js@https://registry.npmjs.org/xml-js/-/xml-js-1.6.11.tgz 0ms (cache hit)
986 http cache @babel/plugin-syntax-logical-assignment-operators@https://registry.npmjs.org/@babel/plugin-syntax-logical-assignment-operators/-/plugin-syntax-logical-assignment-operators-7.10.4.tgz 0ms (cache hit)
987 http cache xml@https://registry.npmjs.org/xml/-/xml-1.0.1.tgz 0ms (cache hit)
988 http cache ws@https://registry.npmjs.org/ws/-/ws-8.18.0.tgz 0ms (cache hit)
989 http cache wrappy@https://registry.npmjs.org/wrappy/-/wrappy-1.0.2.tgz 0ms (cache hit)
990 http cache wrap-ansi@https://registry.npmjs.org/wrap-ansi/-/wrap-ansi-8.1.0.tgz 0ms (cache hit)
991 http cache wrap-ansi-cjs@https://registry.npmjs.org/wrap-ansi/-/wrap-ansi-7.0.0.tgz 0ms (cache hit)
992 http cache yn@https://registry.npmjs.org/yn/-/yn-3.1.1.tgz 0ms (cache hit)
993 http cache wordwrap@https://registry.npmjs.org/wordwrap/-/wordwrap-1.0.0.tgz 0ms (cache hit)
994 http cache wouter@https://registry.npmjs.org/wouter/-/wouter-3.3.5.tgz 0ms (cache hit)
995 http cache which@https://registry.npmjs.org/which/-/which-2.0.2.tgz 0ms (cache hit)
996 http cache write-file-atomic@https://registry.npmjs.org/write-file-atomic/-/write-file-atomic-5.0.1.tgz 0ms (cache hit)
997 http cache webidl-conversions@https://registry.npmjs.org/webidl-conversions/-/webidl-conversions-3.0.1.tgz 0ms (cache hit)
998 http cache word-wrap@https://registry.npmjs.org/word-wrap/-/word-wrap-1.2.5.tgz 0ms (cache hit)
999 http cache @babel/helper-compilation-targets@https://registry.npmjs.org/@babel/helper-compilation-targets/-/helper-compilation-targets-7.27.2.tgz 0ms (cache hit)
1000 http cache web-streams-polyfill@https://registry.npmjs.org/web-streams-polyfill/-/web-streams-polyfill-4.0.0-beta.3.tgz 0ms (cache hit)
1001 http cache walker@https://registry.npmjs.org/walker/-/walker-1.0.8.tgz 0ms (cache hit)
1002 http cache vite@https://registry.npmjs.org/vite/-/vite-5.4.19.tgz 0ms (cache hit)
1003 http cache verror@https://registry.npmjs.org/verror/-/verror-1.10.0.tgz 0ms (cache hit)
1004 http cache v8-to-istanbul@https://registry.npmjs.org/v8-to-istanbul/-/v8-to-istanbul-9.3.0.tgz 0ms (cache hit)
1005 http cache v8-compile-cache-lib@https://registry.npmjs.org/v8-compile-cache-lib/-/v8-compile-cache-lib-3.0.1.tgz 0ms (cache hit)
1006 http cache web-push@https://registry.npmjs.org/web-push/-/web-push-3.6.7.tgz 0ms (cache hit)
1007 http cache uuid@https://registry.npmjs.org/uuid/-/uuid-9.0.1.tgz 0ms (cache hit)
1008 http cache utrie@https://registry.npmjs.org/utrie/-/utrie-1.0.2.tgz 0ms (cache hit)
1009 http cache url-parse@https://registry.npmjs.org/url-parse/-/url-parse-1.5.10.tgz 0ms (cache hit)
1010 http cache whatwg-url@https://registry.npmjs.org/whatwg-url/-/whatwg-url-5.0.0.tgz 0ms (cache hit)
1011 http cache uvm@https://registry.npmjs.org/uvm/-/uvm-2.1.1.tgz 0ms (cache hit)
1012 http cache uri-js@https://registry.npmjs.org/uri-js/-/uri-js-4.4.1.tgz 0ms (cache hit)
1013 http cache update-browserslist-db@https://registry.npmjs.org/update-browserslist-db/-/update-browserslist-db-1.1.1.tgz 0ms (cache hit)
1014 http cache unrs-resolver@https://registry.npmjs.org/unrs-resolver/-/unrs-resolver-1.11.1.tgz 0ms (cache hit)
1015 http cache universalify@https://registry.npmjs.org/universalify/-/universalify-0.2.0.tgz 0ms (cache hit)
1016 http cache use-sync-external-store@https://registry.npmjs.org/use-sync-external-store/-/use-sync-external-store-1.2.2.tgz 0ms (cache hit)
1017 http cache uglify-js@https://registry.npmjs.org/uglify-js/-/uglify-js-3.19.3.tgz 0ms (cache hit)
1018 http cache underscore@https://registry.npmjs.org/underscore/-/underscore-1.12.1.tgz 0ms (cache hit)
1019 http cache type-detect@https://registry.npmjs.org/type-detect/-/type-detect-4.0.8.tgz 0ms (cache hit)
1020 http cache typeof-article@https://registry.npmjs.org/typeof-article/-/typeof-article-0.1.1.tgz 0ms (cache hit)
1021 http cache type-fest@https://registry.npmjs.org/type-fest/-/type-fest-0.21.3.tgz 0ms (cache hit)
1022 http cache tweetnacl@https://registry.npmjs.org/tweetnacl/-/tweetnacl-0.14.5.tgz 0ms (cache hit)
1023 http cache tw-animate-css@https://registry.npmjs.org/tw-animate-css/-/tw-animate-css-1.2.5.tgz 0ms (cache hit)
1024 http cache type@https://registry.npmjs.org/type/-/type-2.7.3.tgz 0ms (cache hit)
1025 http cache ts-node@https://registry.npmjs.org/ts-node/-/ts-node-10.9.2.tgz 0ms (cache hit)
1026 http cache tr46@https://registry.npmjs.org/tr46/-/tr46-0.0.3.tgz 0ms (cache hit)
1027 http cache ts-jest@https://registry.npmjs.org/ts-jest/-/ts-jest-29.4.1.tgz 0ms (cache hit)
1028 http cache tmpl@https://registry.npmjs.org/tmpl/-/tmpl-1.0.5.tgz 0ms (cache hit)
1029 http cache timers-ext@https://registry.npmjs.org/timers-ext/-/timers-ext-0.1.8.tgz 0ms (cache hit)
1030 http cache text-segmentation@https://registry.npmjs.org/text-segmentation/-/text-segmentation-1.0.3.tgz 0ms (cache hit)
1031 http cache teleport-javascript@https://registry.npmjs.org/teleport-javascript/-/teleport-javascript-1.0.0.tgz 0ms (cache hit)
1032 http cache to-gfm-code-block@https://registry.npmjs.org/to-gfm-code-block/-/to-gfm-code-block-0.1.1.tgz 0ms (cache hit)
1033 http cache tapable@https://registry.npmjs.org/tapable/-/tapable-2.2.1.tgz 0ms (cache hit)
1034 http cache test-exclude@https://registry.npmjs.org/test-exclude/-/test-exclude-6.0.0.tgz 0ms (cache hit)
1035 http cache tailwindcss@https://registry.npmjs.org/tailwindcss/-/tailwindcss-3.4.17.tgz 0ms (cache hit)
1036 http cache tailwind-merge@https://registry.npmjs.org/tailwind-merge/-/tailwind-merge-2.6.0.tgz 0ms (cache hit)
1037 http cache synckit@https://registry.npmjs.org/synckit/-/synckit-0.11.11.tgz 0ms (cache hit)
1038 http cache svg-pathdata@https://registry.npmjs.org/svg-pathdata/-/svg-pathdata-6.0.3.tgz 0ms (cache hit)
1039 http cache teeny-request@https://registry.npmjs.org/teeny-request/-/teeny-request-9.0.0.tgz 0ms (cache hit)
1040 http cache supports-color@https://registry.npmjs.org/supports-color/-/supports-color-7.2.0.tgz 0ms (cache hit)
1041 http cache supertest@https://registry.npmjs.org/supertest/-/supertest-7.1.4.tgz 0ms (cache hit)
1042 http cache sucrase@https://registry.npmjs.org/sucrase/-/sucrase-3.35.0.tgz 0ms (cache hit)
1043 http cache stubs@https://registry.npmjs.org/stubs/-/stubs-3.0.0.tgz 0ms (cache hit)
1044 http cache striptags@https://registry.npmjs.org/striptags/-/striptags-3.2.0.tgz 0ms (cache hit)
1045 http cache superagent@https://registry.npmjs.org/superagent/-/superagent-10.2.3.tgz 0ms (cache hit)
1046 http cache strip-json-comments@https://registry.npmjs.org/strip-json-comments/-/strip-json-comments-3.1.1.tgz 0ms (cache hit)
1047 http cache strnum@https://registry.npmjs.org/strnum/-/strnum-1.1.2.tgz 0ms (cache hit)
1048 http cache strip-bom@https://registry.npmjs.org/strip-bom/-/strip-bom-4.0.0.tgz 0ms (cache hit)
1049 http cache strip-final-newline@https://registry.npmjs.org/strip-final-newline/-/strip-final-newline-2.0.0.tgz 0ms (cache hit)
1050 http cache tsx@https://registry.npmjs.org/tsx/-/tsx-4.19.2.tgz 0ms (cache hit)
1051 http cache string-width-cjs@https://registry.npmjs.org/string-width/-/string-width-4.2.3.tgz 0ms (cache hit)
1052 http cache strip-ansi-cjs@https://registry.npmjs.org/strip-ansi/-/strip-ansi-6.0.1.tgz 0ms (cache hit)
1053 http cache string-width@https://registry.npmjs.org/string-width/-/string-width-5.1.2.tgz 0ms (cache hit)
1054 http cache stripe@https://registry.npmjs.org/stripe/-/stripe-18.5.0.tgz 0ms (cache hit)
1055 http cache strip-ansi@https://registry.npmjs.org/strip-ansi/-/strip-ansi-7.1.0.tgz 0ms (cache hit)
1056 http cache string-length@https://registry.npmjs.org/string-length/-/string-length-4.0.2.tgz 0ms (cache hit)
1057 http cache stream-shift@https://registry.npmjs.org/stream-shift/-/stream-shift-1.0.3.tgz 0ms (cache hit)
1058 http cache stream-events@https://registry.npmjs.org/stream-events/-/stream-events-1.0.5.tgz 0ms (cache hit)
1059 http cache statuses@https://registry.npmjs.org/statuses/-/statuses-2.0.1.tgz 0ms (cache hit)
1060 http cache standard-as-callback@https://registry.npmjs.org/standard-as-callback/-/standard-as-callback-2.1.0.tgz 0ms (cache hit)
1061 http cache stream-length@https://registry.npmjs.org/stream-length/-/stream-length-1.0.2.tgz 0ms (cache hit)
1062 http cache string_decoder@https://registry.npmjs.org/string_decoder/-/string_decoder-1.1.1.tgz 0ms (cache hit)
1063 http cache stackblur-canvas@https://registry.npmjs.org/stackblur-canvas/-/stackblur-canvas-2.7.0.tgz 0ms (cache hit)
1064 http cache stack-utils@https://registry.npmjs.org/stack-utils/-/stack-utils-2.0.6.tgz 0ms (cache hit)
1065 http cache sprintf-js@https://registry.npmjs.org/sprintf-js/-/sprintf-js-1.0.3.tgz 0ms (cache hit)
1066 http cache signal-exit@https://registry.npmjs.org/signal-exit/-/signal-exit-4.1.0.tgz 0ms (cache hit)
1067 http cache slash@https://registry.npmjs.org/slash/-/slash-3.0.0.tgz 0ms (cache hit)
1068 http cache side-channel@https://registry.npmjs.org/side-channel/-/side-channel-1.0.6.tgz 0ms (cache hit)
1069 http cache shebang-regex@https://registry.npmjs.org/shebang-regex/-/shebang-regex-3.0.0.tgz 0ms (cache hit)
1070 http cache shebang-command@https://registry.npmjs.org/shebang-command/-/shebang-command-2.0.0.tgz 0ms (cache hit)
1071 http cache setimmediate@https://registry.npmjs.org/setimmediate/-/setimmediate-1.0.5.tgz 0ms (cache hit)
1072 http cache set-function-length@https://registry.npmjs.org/set-function-length/-/set-function-length-1.2.2.tgz 0ms (cache hit)
1073 http cache serve-static@https://registry.npmjs.org/serve-static/-/serve-static-1.16.2.tgz 0ms (cache hit)
1074 http cache self-closing-tags@https://registry.npmjs.org/self-closing-tags/-/self-closing-tags-1.0.1.tgz 0ms (cache hit)
1075 http cache serialised-error@https://registry.npmjs.org/serialised-error/-/serialised-error-1.1.3.tgz 0ms (cache hit)
1076 http cache sax@https://registry.npmjs.org/sax/-/sax-1.4.1.tgz 0ms (cache hit)
1077 http cache rollup@https://registry.npmjs.org/rollup/-/rollup-4.24.4.tgz 0ms (cache hit)
1078 http cache rgbcolor@https://registry.npmjs.org/rgbcolor/-/rgbcolor-1.0.1.tgz 0ms (cache hit)
1079 http cache reusify@https://registry.npmjs.org/reusify/-/reusify-1.0.4.tgz 0ms (cache hit)
1080 http cache retry-request@https://registry.npmjs.org/retry-request/-/retry-request-7.0.2.tgz 0ms (cache hit)
1081 http cache retry@https://registry.npmjs.org/retry/-/retry-0.13.1.tgz 0ms (cache hit)
1082 http cache resolve-cwd@https://registry.npmjs.org/resolve-cwd/-/resolve-cwd-3.0.0.tgz 0ms (cache hit)
1083 http cache resolve-from@https://registry.npmjs.org/resolve-from/-/resolve-from-5.0.0.tgz 0ms (cache hit)
1084 http cache requires-port@https://registry.npmjs.org/requires-port/-/requires-port-1.0.0.tgz 0ms (cache hit)
1085 http cache send@https://registry.npmjs.org/send/-/send-0.19.0.tgz 0ms (cache hit)
1086 http cache require-in-the-middle@https://registry.npmjs.org/require-in-the-middle/-/require-in-the-middle-7.5.2.tgz 0ms (cache hit)
1087 http cache resolve@https://registry.npmjs.org/resolve/-/resolve-1.22.8.tgz 0ms (cache hit)
1088 http cache require-directory@https://registry.npmjs.org/require-directory/-/require-directory-2.1.1.tgz 0ms (cache hit)
1089 http cache relative@https://registry.npmjs.org/relative/-/relative-3.0.2.tgz 0ms (cache hit)
1090 http cache regenerator-runtime@https://registry.npmjs.org/regenerator-runtime/-/regenerator-runtime-0.14.1.tgz 0ms (cache hit)
1091 http cache redis-errors@https://registry.npmjs.org/redis-errors/-/redis-errors-1.2.0.tgz 0ms (cache hit)
1092 http cache redis-parser@https://registry.npmjs.org/redis-parser/-/redis-parser-3.0.0.tgz 0ms (cache hit)
1093 http cache recharts@https://registry.npmjs.org/recharts/-/recharts-2.15.2.tgz 0ms (cache hit)
1094 http cache readable-stream@https://registry.npmjs.org/readable-stream/-/readable-stream-2.3.8.tgz 0ms (cache hit)
1095 http cache react-resizable-panels@https://registry.npmjs.org/react-resizable-panels/-/react-resizable-panels-2.1.7.tgz 0ms (cache hit)
1096 http cache react-remove-scroll@https://registry.npmjs.org/react-remove-scroll/-/react-remove-scroll-2.6.3.tgz 0ms (cache hit)
1097 http cache react-refresh@https://registry.npmjs.org/react-refresh/-/react-refresh-0.14.2.tgz 0ms (cache hit)
1098 http cache react-hook-form@https://registry.npmjs.org/react-hook-form/-/react-hook-form-7.55.0.tgz 0ms (cache hit)
1099 http cache raw-body@https://registry.npmjs.org/raw-body/-/raw-body-2.5.2.tgz 0ms (cache hit)
1100 http cache querystringify@https://registry.npmjs.org/querystringify/-/querystringify-2.2.0.tgz 0ms (cache hit)
1101 http cache qs@https://registry.npmjs.org/qs/-/qs-6.13.0.tgz 0ms (cache hit)
1102 http cache sshpk@https://registry.npmjs.org/sshpk/-/sshpk-1.18.0.tgz 0ms (cache hit)
1103 http cache raf@https://registry.npmjs.org/raf/-/raf-3.4.1.tgz 0ms (cache hit)
1104 http cache stack-trace@https://registry.npmjs.org/stack-trace/-/stack-trace-0.0.9.tgz 0ms (cache hit)
1105 http cache pure-rand@https://registry.npmjs.org/pure-rand/-/pure-rand-7.0.1.tgz 0ms (cache hit)
1106 http cache punycode@https://registry.npmjs.org/punycode/-/punycode-2.3.1.tgz 0ms (cache hit)
1107 http cache process-nextick-args@https://registry.npmjs.org/process-nextick-args/-/process-nextick-args-2.0.1.tgz 0ms (cache hit)
1108 http cache protobufjs@https://registry.npmjs.org/protobufjs/-/protobufjs-7.5.4.tgz 0ms (cache hit)
1109 http cache pretty-format@https://registry.npmjs.org/pretty-format/-/pretty-format-30.0.5.tgz 0ms (cache hit)
1110 http cache pretty-ms@https://registry.npmjs.org/pretty-ms/-/pretty-ms-7.0.1.tgz 0ms (cache hit)
1111 http cache psl@https://registry.npmjs.org/psl/-/psl-1.15.0.tgz 0ms (cache hit)
1112 http cache postman-sandbox@https://registry.npmjs.org/postman-sandbox/-/postman-sandbox-4.7.1.tgz 0ms (cache hit)
1113 http cache postman-url-encoder@https://registry.npmjs.org/postman-url-encoder/-/postman-url-encoder-3.0.5.tgz 0ms (cache hit)
1114 http cache react-icons@https://registry.npmjs.org/react-icons/-/react-icons-5.4.0.tgz 0ms (cache hit)
1115 http cache postman-collection-transformer@https://registry.npmjs.org/postman-collection-transformer/-/postman-collection-transformer-4.1.8.tgz 0ms (cache hit)
1116 http cache postman-collection@https://registry.npmjs.org/postman-collection/-/postman-collection-4.4.0.tgz 0ms (cache hit)
1117 http cache postcss-load-config@https://registry.npmjs.org/postcss-load-config/-/postcss-load-config-4.0.2.tgz 0ms (cache hit)
1118 http cache postman-request@https://registry.npmjs.org/postman-request/-/postman-request-2.88.1-postman.34.tgz 0ms (cache hit)
1119 http cache postcss-js@https://registry.npmjs.org/postcss-js/-/postcss-js-4.0.1.tgz 0ms (cache hit)
1120 http cache postcss@https://registry.npmjs.org/postcss/-/postcss-8.4.47.tgz 0ms (cache hit)
1121 http cache postgres-array@https://registry.npmjs.org/postgres-array/-/postgres-array-3.0.2.tgz 0ms (cache hit)
1122 http cache playwright-core@https://registry.npmjs.org/playwright-core/-/playwright-core-1.55.0.tgz 0ms (cache hit)
1123 http cache postman-runtime@https://registry.npmjs.org/postman-runtime/-/postman-runtime-7.39.1.tgz 0ms (cache hit)
1124 http cache pg-types@https://registry.npmjs.org/pg-types/-/pg-types-4.0.2.tgz 0ms (cache hit)
1125 http cache pg-connection-string@https://registry.npmjs.org/pg-connection-string/-/pg-connection-string-2.7.0.tgz 0ms (cache hit)
1126 http cache pkg-dir@https://registry.npmjs.org/pkg-dir/-/pkg-dir-4.2.0.tgz 0ms (cache hit)
1127 http cache playwright@https://registry.npmjs.org/playwright/-/playwright-1.55.0.tgz 0ms (cache hit)
1128 http cache performance-now@https://registry.npmjs.org/performance-now/-/performance-now-2.1.0.tgz 0ms (cache hit)
1129 http cache pg-pool@https://registry.npmjs.org/pg-pool/-/pg-pool-3.7.0.tgz 0ms (cache hit)
1130 http cache pg@https://registry.npmjs.org/pg/-/pg-8.13.1.tgz 0ms (cache hit)
1131 http cache pg-protocol@https://registry.npmjs.org/pg-protocol/-/pg-protocol-1.7.0.tgz 0ms (cache hit)
1132 http cache pg-cloudflare@https://registry.npmjs.org/pg-cloudflare/-/pg-cloudflare-1.1.1.tgz 0ms (cache hit)
1133 http cache path-is-absolute@https://registry.npmjs.org/path-is-absolute/-/path-is-absolute-1.0.1.tgz 0ms (cache hit)
1134 http cache parse-ms@https://registry.npmjs.org/parse-ms/-/parse-ms-2.1.0.tgz 0ms (cache hit)
1135 http cache path-scurry@https://registry.npmjs.org/path-scurry/-/path-scurry-1.11.1.tgz 0ms (cache hit)
1136 http cache path-exists@https://registry.npmjs.org/path-exists/-/path-exists-4.0.0.tgz 0ms (cache hit)
1137 http cache parse-json@https://registry.npmjs.org/parse-json/-/parse-json-5.2.0.tgz 0ms (cache hit)
1138 http cache package-json-from-dist@https://registry.npmjs.org/package-json-from-dist/-/package-json-from-dist-1.0.1.tgz 0ms (cache hit)
1139 http cache pako@https://registry.npmjs.org/pako/-/pako-2.1.0.tgz 0ms (cache hit)
1140 http cache p-locate@https://registry.npmjs.org/p-locate/-/p-locate-4.1.0.tgz 0ms (cache hit)
1141 http cache p-try@https://registry.npmjs.org/p-try/-/p-try-2.2.0.tgz 0ms (cache hit)
1142 http cache path-key@https://registry.npmjs.org/path-key/-/path-key-3.1.1.tgz 0ms (cache hit)
1143 http cache openid-client@https://registry.npmjs.org/openid-client/-/openid-client-6.7.1.tgz 0ms (cache hit)
1144 http cache once@https://registry.npmjs.org/once/-/once-1.4.0.tgz 0ms (cache hit)
1145 http cache object-inspect@https://registry.npmjs.org/object-inspect/-/object-inspect-1.13.2.tgz 0ms (cache hit)
1146 http cache p-limit@https://registry.npmjs.org/p-limit/-/p-limit-3.1.0.tgz 0ms (cache hit)
1147 http cache openai@https://registry.npmjs.org/openai/-/openai-5.20.0.tgz 0ms (cache hit)
1148 http cache oauth4webapi@https://registry.npmjs.org/oauth4webapi/-/oauth4webapi-3.8.1.tgz 0ms (cache hit)
1149 http cache npm-run-path@https://registry.npmjs.org/npm-run-path/-/npm-run-path-4.0.1.tgz 0ms (cache hit)
1150 http cache normalize-range@https://registry.npmjs.org/normalize-range/-/normalize-range-0.1.2.tgz 0ms (cache hit)
1151 http cache node-releases@https://registry.npmjs.org/node-releases/-/node-releases-2.0.18.tgz 0ms (cache hit)
1152 http cache node-oauth1@https://registry.npmjs.org/node-oauth1/-/node-oauth1-1.3.0.tgz 0ms (cache hit)
1153 http cache oauth-sign@https://registry.npmjs.org/oauth-sign/-/oauth-sign-0.9.0.tgz 0ms (cache hit)
1154 http cache node-int64@https://registry.npmjs.org/node-int64/-/node-int64-0.4.0.tgz 0ms (cache hit)
1155 http cache node-gyp-build-optional-packages@https://registry.npmjs.org/node-gyp-build-optional-packages/-/node-gyp-build-optional-packages-5.2.2.tgz 0ms (cache hit)
1156 http cache node-gyp-build@https://registry.npmjs.org/node-gyp-build/-/node-gyp-build-4.8.3.tgz 0ms (cache hit)
1157 http cache node-fetch@https://registry.npmjs.org/node-fetch/-/node-fetch-2.7.0.tgz 0ms (cache hit)
1158 http cache onetime@https://registry.npmjs.org/onetime/-/onetime-5.1.2.tgz 0ms (cache hit)
1159 http cache node-domexception@https://registry.npmjs.org/node-domexception/-/node-domexception-1.0.0.tgz 0ms (cache hit)
1160 http cache node-abort-controller@https://registry.npmjs.org/node-abort-controller/-/node-abort-controller-3.1.1.tgz 0ms (cache hit)
1161 http cache newman@https://registry.npmjs.org/newman/-/newman-6.2.1.tgz 0ms (cache hit)
1162 http cache next-tick@https://registry.npmjs.org/next-tick/-/next-tick-1.1.0.tgz 0ms (cache hit)
1163 http cache newman-reporter-htmlextra@https://registry.npmjs.org/newman-reporter-htmlextra/-/newman-reporter-htmlextra-1.23.1.tgz 0ms (cache hit)
1164 http cache napi-postinstall@https://registry.npmjs.org/napi-postinstall/-/napi-postinstall-0.3.3.tgz 0ms (cache hit)
1165 http cache nanoid@https://registry.npmjs.org/nanoid/-/nanoid-3.3.8.tgz 0ms (cache hit)
1166 http cache msgpackr-extract@https://registry.npmjs.org/msgpackr-extract/-/msgpackr-extract-3.0.3.tgz 0ms (cache hit)
1167 http cache node-forge@https://registry.npmjs.org/node-forge/-/node-forge-1.3.1.tgz 0ms (cache hit)
1168 http cache natural-compare@https://registry.npmjs.org/natural-compare/-/natural-compare-1.4.0.tgz 1ms (cache hit)
1169 http cache neo-async@https://registry.npmjs.org/neo-async/-/neo-async-2.6.2.tgz 0ms (cache hit)
1170 http cache motion-utils@https://registry.npmjs.org/motion-utils/-/motion-utils-11.13.0.tgz 0ms (cache hit)
1171 http cache moment-timezone@https://registry.npmjs.org/moment-timezone/-/moment-timezone-0.5.35.tgz 0ms (cache hit)
1172 http cache moment@https://registry.npmjs.org/moment/-/moment-2.30.1.tgz 0ms (cache hit)
1173 http cache module-details-from-path@https://registry.npmjs.org/module-details-from-path/-/module-details-from-path-1.0.4.tgz 0ms (cache hit)
1174 http cache modern-screenshot@https://registry.npmjs.org/modern-screenshot/-/modern-screenshot-4.6.0.tgz 0ms (cache hit)
1175 http cache mkdirp@https://registry.npmjs.org/mkdirp/-/mkdirp-3.0.1.tgz 0ms (cache hit)
1176 http cache minipass@https://registry.npmjs.org/minipass/-/minipass-7.1.2.tgz 0ms (cache hit)
1177 http cache minimatch@https://registry.npmjs.org/minimatch/-/minimatch-9.0.5.tgz 0ms (cache hit)
1178 http cache minimalistic-assert@https://registry.npmjs.org/minimalistic-assert/-/minimalistic-assert-1.0.1.tgz 0ms (cache hit)
1179 http cache motion-dom@https://registry.npmjs.org/motion-dom/-/motion-dom-11.13.0.tgz 0ms (cache hit)
1180 http cache mimic-fn@https://registry.npmjs.org/mimic-fn/-/mimic-fn-2.1.0.tgz 0ms (cache hit)
1181 http cache msgpackr@https://registry.npmjs.org/msgpackr/-/msgpackr-1.11.5.tgz 0ms (cache hit)
1182 http cache makeerror@https://registry.npmjs.org/makeerror/-/makeerror-1.0.12.tgz 0ms (cache hit)
1183 http cache merge-stream@https://registry.npmjs.org/merge-stream/-/merge-stream-2.0.0.tgz 0ms (cache hit)
1184 http cache memoizee@https://registry.npmjs.org/memoizee/-/memoizee-0.4.17.tgz 0ms (cache hit)
1185 http cache make-error@https://registry.npmjs.org/make-error/-/make-error-1.3.6.tgz 0ms (cache hit)
1186 http cache magic-string@https://registry.npmjs.org/magic-string/-/magic-string-0.30.17.tgz 0ms (cache hit)
1187 http cache make-dir@https://registry.npmjs.org/make-dir/-/make-dir-4.0.0.tgz 0ms (cache hit)
1188 http cache lru-queue@https://registry.npmjs.org/lru-queue/-/lru-queue-0.1.0.tgz 0ms (cache hit)
1189 http cache luxon@https://registry.npmjs.org/luxon/-/luxon-3.7.2.tgz 0ms (cache hit)
1190 http cache lodash.merge@https://registry.npmjs.org/lodash.merge/-/lodash.merge-4.6.2.tgz 0ms (cache hit)
1191 http cache mime-format@https://registry.npmjs.org/mime-format/-/mime-format-2.0.1.tgz 0ms (cache hit)
1192 http cache long@https://registry.npmjs.org/long/-/long-5.3.2.tgz 0ms (cache hit)
1193 http cache lodash.isplainobject@https://registry.npmjs.org/lodash.isplainobject/-/lodash.isplainobject-4.0.6.tgz 0ms (cache hit)
1194 http cache lodash.defaults@https://registry.npmjs.org/lodash.defaults/-/lodash.defaults-4.2.0.tgz 0ms (cache hit)
1195 http cache lodash.castarray@https://registry.npmjs.org/lodash.castarray/-/lodash.castarray-4.4.0.tgz 0ms (cache hit)
1196 http cache lodash.camelcase@https://registry.npmjs.org/lodash.camelcase/-/lodash.camelcase-4.3.0.tgz 0ms (cache hit)
1197 http cache lodash.memoize@https://registry.npmjs.org/lodash.memoize/-/lodash.memoize-4.1.2.tgz 0ms (cache hit)
1198 http cache lodash@https://registry.npmjs.org/lodash/-/lodash-4.17.21.tgz 0ms (cache hit)
1199 http cache lodash.isarguments@https://registry.npmjs.org/lodash.isarguments/-/lodash.isarguments-3.1.0.tgz 0ms (cache hit)
1200 http cache liquid-json@https://registry.npmjs.org/liquid-json/-/liquid-json-0.3.1.tgz 0ms (cache hit)
1201 http cache lightningcss@https://registry.npmjs.org/lightningcss/-/lightningcss-1.29.2.tgz 0ms (cache hit)
1202 http cache lightningcss-darwin-arm64@https://registry.npmjs.org/lightningcss-darwin-arm64/-/lightningcss-darwin-arm64-1.29.2.tgz 0ms (cache hit)
1203 http cache leven@https://registry.npmjs.org/leven/-/leven-3.1.0.tgz 0ms (cache hit)
1204 http cache kind-of@https://registry.npmjs.org/kind-of/-/kind-of-6.0.3.tgz 0ms (cache hit)
1205 http cache locate-path@https://registry.npmjs.org/locate-path/-/locate-path-5.0.0.tgz 0ms (cache hit)
1206 http cache jws@https://registry.npmjs.org/jws/-/jws-4.0.0.tgz 0ms (cache hit)
1207 http cache jsprim@https://registry.npmjs.org/jsprim/-/jsprim-2.0.2.tgz 0ms (cache hit)
1208 http cache lie@https://registry.npmjs.org/lie/-/lie-3.3.0.tgz 0ms (cache hit)
1209 http cache jspdf@https://registry.npmjs.org/jspdf/-/jspdf-3.0.2.tgz 0ms (cache hit)
1210 http cache json-stringify-safe@https://registry.npmjs.org/json-stringify-safe/-/json-stringify-safe-5.0.1.tgz 0ms (cache hit)
1211 http cache jszip@https://registry.npmjs.org/jszip/-/jszip-3.10.1.tgz 0ms (cache hit)
1212 http cache json-schema-traverse@https://registry.npmjs.org/json-schema-traverse/-/json-schema-traverse-0.4.1.tgz 0ms (cache hit)
1213 http cache json-parse-even-better-errors@https://registry.npmjs.org/json-parse-even-better-errors/-/json-parse-even-better-errors-2.3.1.tgz 0ms (cache hit)
1214 http cache json-bigint@https://registry.npmjs.org/json-bigint/-/json-bigint-1.0.0.tgz 0ms (cache hit)
1215 http cache jsesc@https://registry.npmjs.org/jsesc/-/jsesc-3.0.2.tgz 0ms (cache hit)
1216 http cache jsbn@https://registry.npmjs.org/jsbn/-/jsbn-0.1.1.tgz 0ms (cache hit)
1217 http cache json-schema@https://registry.npmjs.org/json-schema/-/json-schema-0.4.0.tgz 0ms (cache hit)
1218 http cache js-md4@https://registry.npmjs.org/js-md4/-/js-md4-0.3.2.tgz 0ms (cache hit)
1219 http cache jose@https://registry.npmjs.org/jose/-/jose-6.1.0.tgz 0ms (cache hit)
1220 http cache js-yaml@https://registry.npmjs.org/js-yaml/-/js-yaml-3.14.1.tgz 0ms (cache hit)
1221 http cache jest-worker@https://registry.npmjs.org/jest-worker/-/jest-worker-30.1.0.tgz 0ms (cache hit)
1222 http cache jest-watcher@https://registry.npmjs.org/jest-watcher/-/jest-watcher-30.1.3.tgz 0ms (cache hit)
1223 http cache jest-validate@https://registry.npmjs.org/jest-validate/-/jest-validate-30.1.0.tgz 0ms (cache hit)
1224 http cache jiti@https://registry.npmjs.org/jiti/-/jiti-1.21.6.tgz 0ms (cache hit)
1225 http cache jest-runtime@https://registry.npmjs.org/jest-runtime/-/jest-runtime-30.1.3.tgz 0ms (cache hit)
1226 http cache jest-runner@https://registry.npmjs.org/jest-runner/-/jest-runner-30.1.3.tgz 0ms (cache hit)
1227 http cache jest-resolve-dependencies@https://registry.npmjs.org/jest-resolve-dependencies/-/jest-resolve-dependencies-30.1.3.tgz 0ms (cache hit)
1228 http cache jest-regex-util@https://registry.npmjs.org/jest-regex-util/-/jest-regex-util-30.0.1.tgz 0ms (cache hit)
1229 http cache jest-resolve@https://registry.npmjs.org/jest-resolve/-/jest-resolve-30.1.3.tgz 0ms (cache hit)
1230 http cache jest-util@https://registry.npmjs.org/jest-util/-/jest-util-30.0.5.tgz 0ms (cache hit)
1231 http cache jest-snapshot@https://registry.npmjs.org/jest-snapshot/-/jest-snapshot-30.1.2.tgz 0ms (cache hit)
1232 http cache jest-message-util@https://registry.npmjs.org/jest-message-util/-/jest-message-util-30.1.0.tgz 0ms (cache hit)
1233 http cache jest-leak-detector@https://registry.npmjs.org/jest-leak-detector/-/jest-leak-detector-30.1.0.tgz 0ms (cache hit)
1234 http cache jest-matcher-utils@https://registry.npmjs.org/jest-matcher-utils/-/jest-matcher-utils-30.1.2.tgz 0ms (cache hit)
1235 http cache jest-junit@https://registry.npmjs.org/jest-junit/-/jest-junit-16.0.0.tgz 0ms (cache hit)
1236 http cache jest-changed-files@https://registry.npmjs.org/jest-changed-files/-/jest-changed-files-30.0.5.tgz 0ms (cache hit)
1237 http cache jest-haste-map@https://registry.npmjs.org/jest-haste-map/-/jest-haste-map-30.1.0.tgz 0ms (cache hit)
1238 http cache jest-each@https://registry.npmjs.org/jest-each/-/jest-each-30.1.0.tgz 0ms (cache hit)
1239 http cache jest-environment-node@https://registry.npmjs.org/jest-environment-node/-/jest-environment-node-30.1.2.tgz 0ms (cache hit)
1240 http cache jest-docblock@https://registry.npmjs.org/jest-docblock/-/jest-docblock-30.0.1.tgz 0ms (cache hit)
1241 http cache jest-diff@https://registry.npmjs.org/jest-diff/-/jest-diff-30.1.2.tgz 0ms (cache hit)
1242 http cache jest-config@https://registry.npmjs.org/jest-config/-/jest-config-30.1.3.tgz 0ms (cache hit)
1243 http cache jest-cli@https://registry.npmjs.org/jest-cli/-/jest-cli-30.1.3.tgz 0ms (cache hit)
1244 http cache jest-circus@https://registry.npmjs.org/jest-circus/-/jest-circus-30.1.3.tgz 0ms (cache hit)
1245 http cache jest@https://registry.npmjs.org/jest/-/jest-30.1.3.tgz 0ms (cache hit)
1246 http cache jackspeak@https://registry.npmjs.org/jackspeak/-/jackspeak-3.4.3.tgz 0ms (cache hit)
1247 http cache istanbul-reports@https://registry.npmjs.org/istanbul-reports/-/istanbul-reports-3.2.0.tgz 0ms (cache hit)
1248 http cache istanbul-lib-source-maps@https://registry.npmjs.org/istanbul-lib-source-maps/-/istanbul-lib-source-maps-5.0.6.tgz 0ms (cache hit)
1249 http cache istanbul-lib-report@https://registry.npmjs.org/istanbul-lib-report/-/istanbul-lib-report-3.0.1.tgz 0ms (cache hit)
1250 http cache istanbul-lib-instrument@https://registry.npmjs.org/istanbul-lib-instrument/-/istanbul-lib-instrument-6.0.3.tgz 0ms (cache hit)
1251 http cache istanbul-lib-coverage@https://registry.npmjs.org/istanbul-lib-coverage/-/istanbul-lib-coverage-3.2.2.tgz 0ms (cache hit)
1252 http cache js-sha512@https://registry.npmjs.org/js-sha512/-/js-sha512-0.9.0.tgz 0ms (cache hit)
1253 http cache jest-pnp-resolver@https://registry.npmjs.org/jest-pnp-resolver/-/jest-pnp-resolver-1.2.3.tgz 0ms (cache hit)
1254 http cache isobject@https://registry.npmjs.org/isobject/-/isobject-0.2.0.tgz 0ms (cache hit)
1255 http cache isarray@https://registry.npmjs.org/isarray/-/isarray-1.0.0.tgz 0ms (cache hit)
1256 http cache isexe@https://registry.npmjs.org/isexe/-/isexe-2.0.0.tgz 0ms (cache hit)
1257 http cache is-stream@https://registry.npmjs.org/is-stream/-/is-stream-2.0.1.tgz 0ms (cache hit)
1258 http cache is-typedarray@https://registry.npmjs.org/is-typedarray/-/is-typedarray-1.0.0.tgz 0ms (cache hit)
1259 http cache is-self-closing@https://registry.npmjs.org/is-self-closing/-/is-self-closing-1.0.1.tgz 0ms (cache hit)
1260 http cache is-generator-fn@https://registry.npmjs.org/is-generator-fn/-/is-generator-fn-2.1.0.tgz 0ms (cache hit)
1261 http cache isstream@https://registry.npmjs.org/isstream/-/isstream-0.1.2.tgz 0ms (cache hit)
1262 http cache is-core-module@https://registry.npmjs.org/is-core-module/-/is-core-module-2.15.1.tgz 0ms (cache hit)
1263 http cache is-buffer@https://registry.npmjs.org/is-buffer/-/is-buffer-1.1.6.tgz 0ms (cache hit)
1264 http cache is-arrayish@https://registry.npmjs.org/is-arrayish/-/is-arrayish-0.2.1.tgz 0ms (cache hit)
1265 http cache ip-address@https://registry.npmjs.org/ip-address/-/ip-address-10.0.1.tgz 0ms (cache hit)
1266 http cache is-promise@https://registry.npmjs.org/is-promise/-/is-promise-2.2.2.tgz 0ms (cache hit)
1267 http cache iobuffer@https://registry.npmjs.org/iobuffer/-/iobuffer-5.4.0.tgz 0ms (cache hit)
1268 http cache is-fullwidth-code-point@https://registry.npmjs.org/is-fullwidth-code-point/-/is-fullwidth-code-point-3.0.0.tgz 0ms (cache hit)
1269 http cache inflight@https://registry.npmjs.org/inflight/-/inflight-1.0.6.tgz 0ms (cache hit)
1270 http cache import-local@https://registry.npmjs.org/import-local/-/import-local-3.2.0.tgz 0ms (cache hit)
1271 http cache import-in-the-middle@https://registry.npmjs.org/import-in-the-middle/-/import-in-the-middle-1.14.2.tgz 0ms (cache hit)
1272 http cache humanize-ms@https://registry.npmjs.org/humanize-ms/-/humanize-ms-1.2.1.tgz 0ms (cache hit)
1273 http cache imurmurhash@https://registry.npmjs.org/imurmurhash/-/imurmurhash-0.1.4.tgz 0ms (cache hit)
1274 http cache human-signals@https://registry.npmjs.org/human-signals/-/human-signals-2.1.0.tgz 0ms (cache hit)
1275 http cache httpreq@https://registry.npmjs.org/httpreq/-/httpreq-1.1.1.tgz 0ms (cache hit)
1276 http cache httpntlm@https://registry.npmjs.org/httpntlm/-/httpntlm-1.8.13.tgz 0ms (cache hit)
1277 http cache ioredis@https://registry.npmjs.org/ioredis/-/ioredis-5.7.0.tgz 0ms (cache hit)
1278 http cache http-signature@https://registry.npmjs.org/http-signature/-/http-signature-1.3.6.tgz 0ms (cache hit)
1279 http cache http_ece@https://registry.npmjs.org/http_ece/-/http_ece-1.2.0.tgz 0ms (cache hit)
1280 http cache http-proxy-agent@https://registry.npmjs.org/http-proxy-agent/-/http-proxy-agent-5.0.0.tgz 0ms (cache hit)
1281 http cache http-reasons@https://registry.npmjs.org/http-reasons/-/http-reasons-0.1.0.tgz 0ms (cache hit)
1282 http cache https-proxy-agent@https://registry.npmjs.org/https-proxy-agent/-/https-proxy-agent-7.0.6.tgz 0ms (cache hit)
1283 http cache http-errors@https://registry.npmjs.org/http-errors/-/http-errors-2.0.0.tgz 0ms (cache hit)
1284 http cache html-tag@https://registry.npmjs.org/html-tag/-/html-tag-2.0.0.tgz 0ms (cache hit)
1285 http cache html-escaper@https://registry.npmjs.org/html-escaper/-/html-escaper-2.0.2.tgz 0ms (cache hit)
1286 http cache immediate@https://registry.npmjs.org/immediate/-/immediate-3.0.6.tgz 0ms (cache hit)
1287 http cache helmet@https://registry.npmjs.org/helmet/-/helmet-8.1.0.tgz 0ms (cache hit)
1288 http cache hash.js@https://registry.npmjs.org/hash.js/-/hash.js-1.1.7.tgz 0ms (cache hit)
1289 http cache html-entities@https://registry.npmjs.org/html-entities/-/html-entities-2.6.0.tgz 0ms (cache hit)
1290 http cache has-values@https://registry.npmjs.org/has-values/-/has-values-2.0.1.tgz 0ms (cache hit)
1291 http cache has-value@https://registry.npmjs.org/has-value/-/has-value-2.0.2.tgz 0ms (cache hit)
1292 http cache has-tostringtag@https://registry.npmjs.org/has-tostringtag/-/has-tostringtag-1.0.2.tgz 0ms (cache hit)
1293 http cache has-property-descriptors@https://registry.npmjs.org/has-property-descriptors/-/has-property-descriptors-1.0.2.tgz 0ms (cache hit)
1294 http cache has-flag@https://registry.npmjs.org/has-flag/-/has-flag-4.0.0.tgz 0ms (cache hit)
1295 http cache har-validator@https://registry.npmjs.org/har-validator/-/har-validator-5.1.5.tgz 0ms (cache hit)
1296 http cache html2canvas@https://registry.npmjs.org/html2canvas/-/html2canvas-1.4.1.tgz 0ms (cache hit)
1297 http cache handlebars-utils@https://registry.npmjs.org/handlebars-utils/-/handlebars-utils-1.0.6.tgz 0ms (cache hit)
1298 http cache handlebars@https://registry.npmjs.org/handlebars/-/handlebars-4.7.8.tgz 0ms (cache hit)
1299 http cache har-schema@https://registry.npmjs.org/har-schema/-/har-schema-2.0.0.tgz 0ms (cache hit)
1300 http cache glob@https://registry.npmjs.org/glob/-/glob-10.4.5.tgz 0ms (cache hit)
1301 http cache google-auth-library@https://registry.npmjs.org/google-auth-library/-/google-auth-library-10.3.0.tgz 0ms (cache hit)
1302 http cache google-logging-utils@https://registry.npmjs.org/google-logging-utils/-/google-logging-utils-1.1.1.tgz 0ms (cache hit)
1303 http cache get-value@https://registry.npmjs.org/get-value/-/get-value-3.0.1.tgz 0ms (cache hit)
1304 http cache gtoken@https://registry.npmjs.org/gtoken/-/gtoken-8.0.0.tgz 0ms (cache hit)
1305 http cache get-tsconfig@https://registry.npmjs.org/get-tsconfig/-/get-tsconfig-4.8.1.tgz 0ms (cache hit)
1306 http cache get-stream@https://registry.npmjs.org/get-stream/-/get-stream-6.0.1.tgz 0ms (cache hit)
1307 http cache getpass@https://registry.npmjs.org/getpass/-/getpass-0.1.7.tgz 0ms (cache hit)
1308 http cache get-object@https://registry.npmjs.org/get-object/-/get-object-0.2.0.tgz 0ms (cache hit)
1309 http cache get-caller-file@https://registry.npmjs.org/get-caller-file/-/get-caller-file-2.0.5.tgz 0ms (cache hit)
1310 http cache get-package-type@https://registry.npmjs.org/get-package-type/-/get-package-type-0.1.0.tgz 0ms (cache hit)
1311 http cache gcp-metadata@https://registry.npmjs.org/gcp-metadata/-/gcp-metadata-7.0.1.tgz 0ms (cache hit)
1312 http cache fs.realpath@https://registry.npmjs.org/fs.realpath/-/fs.realpath-1.0.0.tgz 0ms (cache hit)
1313 http cache fraction.js@https://registry.npmjs.org/fraction.js/-/fraction.js-4.3.7.tgz 0ms (cache hit)
1314 http cache gaxios@https://registry.npmjs.org/gaxios/-/gaxios-6.7.1.tgz 0ms (cache hit)
1315 http cache formidable@https://registry.npmjs.org/formidable/-/formidable-3.5.4.tgz 0ms (cache hit)
1316 http cache formdata-node@https://registry.npmjs.org/formdata-node/-/formdata-node-4.4.1.tgz 0ms (cache hit)
1317 http cache framer-motion@https://registry.npmjs.org/framer-motion/-/framer-motion-11.13.1.tgz 0ms (cache hit)
1318 http cache form-data-encoder@https://registry.npmjs.org/form-data-encoder/-/form-data-encoder-1.7.2.tgz 0ms (cache hit)
1319 http cache forever-agent@https://registry.npmjs.org/forever-agent/-/forever-agent-0.6.1.tgz 0ms (cache hit)
1320 http cache formdata-polyfill@https://registry.npmjs.org/formdata-polyfill/-/formdata-polyfill-4.0.10.tgz 0ms (cache hit)
1321 http cache foreground-child@https://registry.npmjs.org/foreground-child/-/foreground-child-3.3.0.tgz 0ms (cache hit)
1322 http cache flatted@https://registry.npmjs.org/flatted/-/flatted-3.2.6.tgz 0ms (cache hit)
1323 http cache find-up@https://registry.npmjs.org/find-up/-/find-up-4.1.0.tgz 0ms (cache hit)
1324 http cache filesize@https://registry.npmjs.org/filesize/-/filesize-10.1.4.tgz 0ms (cache hit)
1325 http cache finalhandler@https://registry.npmjs.org/finalhandler/-/finalhandler-1.3.1.tgz 0ms (cache hit)
1326 http cache form-data@https://registry.npmjs.org/form-data/-/form-data-4.0.4.tgz 0ms (cache hit)
1327 http cache fetch-blob@https://registry.npmjs.org/fetch-blob/-/fetch-blob-3.2.0.tgz 0ms (cache hit)
1328 http cache fastq@https://registry.npmjs.org/fastq/-/fastq-1.17.1.tgz 0ms (cache hit)
1329 http cache fflate@https://registry.npmjs.org/fflate/-/fflate-0.8.2.tgz 0ms (cache hit)
1330 http cache fb-watchman@https://registry.npmjs.org/fb-watchman/-/fb-watchman-2.0.2.tgz 0ms (cache hit)
1331 http cache file-type@https://registry.npmjs.org/file-type/-/file-type-3.9.0.tgz 0ms (cache hit)
1332 http cache fast-safe-stringify@https://registry.npmjs.org/fast-safe-stringify/-/fast-safe-stringify-2.1.1.tgz 0ms (cache hit)
1333 http cache fast-json-stable-stringify@https://registry.npmjs.org/fast-json-stable-stringify/-/fast-json-stable-stringify-2.1.0.tgz 0ms (cache hit)
1334 http cache fast-glob@https://registry.npmjs.org/fast-glob/-/fast-glob-3.3.2.tgz 0ms (cache hit)
1335 http cache fast-deep-equal@https://registry.npmjs.org/fast-deep-equal/-/fast-deep-equal-3.1.3.tgz 0ms (cache hit)
1336 http cache extsprintf@https://registry.npmjs.org/extsprintf/-/extsprintf-1.3.0.tgz 0ms (cache hit)
1337 http cache fast-equals@https://registry.npmjs.org/fast-equals/-/fast-equals-5.2.2.tgz 0ms (cache hit)
1338 http cache fast-xml-parser@https://registry.npmjs.org/fast-xml-parser/-/fast-xml-parser-4.5.3.tgz 0ms (cache hit)
1339 http cache extend@https://registry.npmjs.org/extend/-/extend-3.0.2.tgz 0ms (cache hit)
1340 http cache express-session@https://registry.npmjs.org/express-session/-/express-session-1.18.2.tgz 0ms (cache hit)
1341 http cache ext@https://registry.npmjs.org/ext/-/ext-1.7.0.tgz 0ms (cache hit)
1342 http cache express-rate-limit@https://registry.npmjs.org/express-rate-limit/-/express-rate-limit-8.1.0.tgz 0ms (cache hit)
1343 http cache jwa@https://registry.npmjs.org/jwa/-/jwa-2.0.1.tgz 0ms (cache hit)
1344 http cache exit-x@https://registry.npmjs.org/exit-x/-/exit-x-0.2.2.tgz 0ms (cache hit)
1345 http cache execa@https://registry.npmjs.org/execa/-/execa-5.1.1.tgz 0ms (cache hit)
1346 http cache expect@https://registry.npmjs.org/expect/-/expect-30.1.2.tgz 0ms (cache hit)
1347 http cache eventsource-parser@https://registry.npmjs.org/eventsource-parser/-/eventsource-parser-3.0.6.tgz 0ms (cache hit)
1348 http cache eventsource@https://registry.npmjs.org/eventsource/-/eventsource-4.0.0.tgz 0ms (cache hit)
1349 http cache event-emitter@https://registry.npmjs.org/event-emitter/-/event-emitter-0.3.5.tgz 0ms (cache hit)
1350 http cache esprima@https://registry.npmjs.org/esprima/-/esprima-4.0.1.tgz 0ms (cache hit)
1351 http cache escape-string-regexp@https://registry.npmjs.org/escape-string-regexp/-/escape-string-regexp-2.0.0.tgz 0ms (cache hit)
1352 http cache esniff@https://registry.npmjs.org/esniff/-/esniff-2.0.1.tgz 0ms (cache hit)
1353 http cache event-target-shim@https://registry.npmjs.org/event-target-shim/-/event-target-shim-5.0.1.tgz 0ms (cache hit)
1354 http cache express@https://registry.npmjs.org/express/-/express-4.21.2.tgz 0ms (cache hit)
1355 http cache esbuild@https://registry.npmjs.org/esbuild/-/esbuild-0.25.0.tgz 0ms (cache hit)
1356 http cache es6-symbol@https://registry.npmjs.org/es6-symbol/-/es6-symbol-3.1.4.tgz 0ms (cache hit)
1357 http cache es6-iterator@https://registry.npmjs.org/es6-iterator/-/es6-iterator-2.0.3.tgz 0ms (cache hit)
1358 http cache es5-ext@https://registry.npmjs.org/es5-ext/-/es5-ext-0.10.64.tgz 0ms (cache hit)
1359 http cache es6-weak-map@https://registry.npmjs.org/es6-weak-map/-/es6-weak-map-2.0.3.tgz 0ms (cache hit)
1360 http cache es-set-tostringtag@https://registry.npmjs.org/es-set-tostringtag/-/es-set-tostringtag-2.1.0.tgz 0ms (cache hit)
1361 http cache error-ex@https://registry.npmjs.org/error-ex/-/error-ex-1.3.2.tgz 0ms (cache hit)
1362 http cache emoji-regex@https://registry.npmjs.org/emoji-regex/-/emoji-regex-9.2.2.tgz 0ms (cache hit)
1363 http cache end-of-stream@https://registry.npmjs.org/end-of-stream/-/end-of-stream-1.4.5.tgz 0ms (cache hit)
1364 http cache enhanced-resolve@https://registry.npmjs.org/enhanced-resolve/-/enhanced-resolve-5.18.1.tgz 0ms (cache hit)
1365 http cache emittery@https://registry.npmjs.org/emittery/-/emittery-0.13.1.tgz 0ms (cache hit)
1366 http cache ecc-jsbn@https://registry.npmjs.org/ecc-jsbn/-/ecc-jsbn-0.1.2.tgz 0ms (cache hit)
1367 http cache electron-to-chromium@https://registry.npmjs.org/electron-to-chromium/-/electron-to-chromium-1.5.51.tgz 0ms (cache hit)
1368 http cache ecdsa-sig-formatter@https://registry.npmjs.org/ecdsa-sig-formatter/-/ecdsa-sig-formatter-1.0.11.tgz 0ms (cache hit)
1369 http cache duplexify@https://registry.npmjs.org/duplexify/-/duplexify-4.1.3.tgz 0ms (cache hit)
1370 http cache drizzle-zod@https://registry.npmjs.org/drizzle-zod/-/drizzle-zod-0.7.0.tgz 0ms (cache hit)
1371 http cache drizzle-orm@https://registry.npmjs.org/drizzle-orm/-/drizzle-orm-0.39.1.tgz 0ms (cache hit)
1372 http cache eastasianwidth@https://registry.npmjs.org/eastasianwidth/-/eastasianwidth-0.2.0.tgz 0ms (cache hit)
1373 http cache drizzle-kit@https://registry.npmjs.org/drizzle-kit/-/drizzle-kit-0.30.4.tgz 0ms (cache hit)
1374 http cache dompurify@https://registry.npmjs.org/dompurify/-/dompurify-3.2.6.tgz 0ms (cache hit)
1375 http cache diff@https://registry.npmjs.org/diff/-/diff-4.0.2.tgz 0ms (cache hit)
1376 http cache detect-libc@https://registry.npmjs.org/detect-libc/-/detect-libc-2.0.3.tgz 0ms (cache hit)
1377 http cache dezalgo@https://registry.npmjs.org/dezalgo/-/dezalgo-1.0.4.tgz 0ms (cache hit)
1378 http cache des.js@https://registry.npmjs.org/des.js/-/des.js-1.1.0.tgz 0ms (cache hit)
1379 http cache detect-newline@https://registry.npmjs.org/detect-newline/-/detect-newline-3.1.0.tgz 0ms (cache hit)
1380 http cache delayed-stream@https://registry.npmjs.org/delayed-stream/-/delayed-stream-1.0.0.tgz 0ms (cache hit)
1381 http cache define-data-property@https://registry.npmjs.org/define-data-property/-/define-data-property-1.1.4.tgz 0ms (cache hit)
1382 http cache deepmerge@https://registry.npmjs.org/deepmerge/-/deepmerge-4.3.1.tgz 0ms (cache hit)
1383 http cache dedent@https://registry.npmjs.org/dedent/-/dedent-1.7.0.tgz 0ms (cache hit)
1384 http cache debug@https://registry.npmjs.org/debug/-/debug-4.3.7.tgz 0ms (cache hit)
1385 http cache denque@https://registry.npmjs.org/denque/-/denque-2.1.0.tgz 0ms (cache hit)
1386 http cache data-uri-to-buffer@https://registry.npmjs.org/data-uri-to-buffer/-/data-uri-to-buffer-4.0.1.tgz 0ms (cache hit)
1387 http cache csstype@https://registry.npmjs.org/csstype/-/csstype-3.1.3.tgz 0ms (cache hit)
1388 http cache fast-png@https://registry.npmjs.org/fast-png/-/fast-png-6.4.0.tgz 0ms (cache hit)
1389 http cache d3-format@https://registry.npmjs.org/d3-format/-/d3-format-3.1.0.tgz 0ms (cache hit)
1390 http cache csv-parse@https://registry.npmjs.org/csv-parse/-/csv-parse-4.16.3.tgz 0ms (cache hit)
1391 http cache css-line-break@https://registry.npmjs.org/css-line-break/-/css-line-break-2.1.0.tgz 0ms (cache hit)
1392 http cache cookie@https://registry.npmjs.org/cookie/-/cookie-0.7.1.tgz 0ms (cache hit)
1393 http cache cron-parser@https://registry.npmjs.org/cron-parser/-/cron-parser-4.9.0.tgz 0ms (cache hit)
1394 http cache create-require@https://registry.npmjs.org/create-require/-/create-require-1.1.1.tgz 0ms (cache hit)
1395 http cache core-util-is@https://registry.npmjs.org/core-util-is/-/core-util-is-1.0.2.tgz 0ms (cache hit)
1396 http cache cross-spawn@https://registry.npmjs.org/cross-spawn/-/cross-spawn-7.0.6.tgz 0ms (cache hit)
1397 http cache core-js@https://registry.npmjs.org/core-js/-/core-js-3.45.1.tgz 0ms (cache hit)
1398 http cache cookie-signature@https://registry.npmjs.org/cookie-signature/-/cookie-signature-1.0.6.tgz 0ms (cache hit)
1399 http cache component-emitter@https://registry.npmjs.org/component-emitter/-/component-emitter-1.3.1.tgz 0ms (cache hit)
1400 http cache combined-stream@https://registry.npmjs.org/combined-stream/-/combined-stream-1.0.8.tgz 0ms (cache hit)
1401 http cache cookiejar@https://registry.npmjs.org/cookiejar/-/cookiejar-2.1.4.tgz 0ms (cache hit)
1402 http cache colors@https://registry.npmjs.org/colors/-/colors-1.4.0.tgz 0ms (cache hit)
1403 http cache concat-map@https://registry.npmjs.org/concat-map/-/concat-map-0.0.1.tgz 0ms (cache hit)
1404 http cache jest-mock@https://registry.npmjs.org/jest-mock/-/jest-mock-30.0.5.tgz 0ms (cache hit)
1405 http cache cluster-key-slot@https://registry.npmjs.org/cluster-key-slot/-/cluster-key-slot-1.1.2.tgz 0ms (cache hit)
1406 http cache collect-v8-coverage@https://registry.npmjs.org/collect-v8-coverage/-/collect-v8-coverage-1.0.2.tgz 0ms (cache hit)
1407 http cache co@https://registry.npmjs.org/co/-/co-4.6.0.tgz 0ms (cache hit)
1408 http cache dashdash@https://registry.npmjs.org/dashdash/-/dashdash-1.14.1.tgz 0ms (cache hit)
1409 http cache docx@https://registry.npmjs.org/docx/-/docx-9.5.1.tgz 0ms (cache hit)
1410 http cache cliui@https://registry.npmjs.org/cliui/-/cliui-8.0.1.tgz 0ms (cache hit)
1411 http cache cli-table3@https://registry.npmjs.org/cli-table3/-/cli-table3-0.6.5.tgz 0ms (cache hit)
1412 http cache cjs-module-lexer@https://registry.npmjs.org/cjs-module-lexer/-/cjs-module-lexer-2.1.0.tgz 0ms (cache hit)
1413 http cache cli-progress@https://registry.npmjs.org/cli-progress/-/cli-progress-3.12.0.tgz 0ms (cache hit)
1414 http cache ci-info@https://registry.npmjs.org/ci-info/-/ci-info-4.3.0.tgz 0ms (cache hit)
1415 http cache caseless@https://registry.npmjs.org/caseless/-/caseless-0.12.0.tgz 0ms (cache hit)
1416 http cache color-name@https://registry.npmjs.org/color-name/-/color-name-1.1.4.tgz 0ms (cache hit)
1417 http cache charset@https://registry.npmjs.org/charset/-/charset-1.0.1.tgz 0ms (cache hit)
1418 http cache chardet@https://registry.npmjs.org/chardet/-/chardet-2.0.0.tgz 0ms (cache hit)
1419 http cache chalk@https://registry.npmjs.org/chalk/-/chalk-4.1.2.tgz 0ms (cache hit)
1420 http cache caniuse-lite@https://registry.npmjs.org/caniuse-lite/-/caniuse-lite-1.0.30001741.tgz 0ms (cache hit)
1421 http cache camelcase@https://registry.npmjs.org/camelcase/-/camelcase-5.3.1.tgz 0ms (cache hit)
1422 http cache callsites@https://registry.npmjs.org/callsites/-/callsites-3.1.0.tgz 0ms (cache hit)
1423 http cache char-regex@https://registry.npmjs.org/char-regex/-/char-regex-1.0.2.tgz 0ms (cache hit)
1424 http cache canvg@https://registry.npmjs.org/canvg/-/canvg-3.0.11.tgz 0ms (cache hit)
1425 http cache bullmq@https://registry.npmjs.org/bullmq/-/bullmq-5.58.5.tgz 0ms (cache hit)
1426 http cache bufferutil@https://registry.npmjs.org/bufferutil/-/bufferutil-4.0.8.tgz 0ms (cache hit)
1427 http cache bser@https://registry.npmjs.org/bser/-/bser-2.1.1.tgz 0ms (cache hit)
1428 http cache browserslist@https://registry.npmjs.org/browserslist/-/browserslist-4.24.2.tgz 0ms (cache hit)
1429 http cache d@https://registry.npmjs.org/d/-/d-1.0.2.tgz 0ms (cache hit)
1430 http cache call-bind@https://registry.npmjs.org/call-bind/-/call-bind-1.0.7.tgz 0ms (cache hit)
1431 http cache color-convert@https://registry.npmjs.org/color-convert/-/color-convert-2.0.1.tgz 0ms (cache hit)
1432 http cache brace-expansion@https://registry.npmjs.org/brace-expansion/-/brace-expansion-2.0.1.tgz 0ms (cache hit)
1433 http cache body-parser@https://registry.npmjs.org/body-parser/-/body-parser-1.20.3.tgz 0ms (cache hit)
1434 http cache brotli@https://registry.npmjs.org/brotli/-/brotli-1.3.3.tgz 0ms (cache hit)
1435 http cache bn.js@https://registry.npmjs.org/bn.js/-/bn.js-4.12.2.tgz 0ms (cache hit)
1436 http cache bluebird@https://registry.npmjs.org/bluebird/-/bluebird-2.11.0.tgz 0ms (cache hit)
1437 http cache buffer-equal-constant-time@https://registry.npmjs.org/buffer-equal-constant-time/-/buffer-equal-constant-time-1.0.1.tgz 0ms (cache hit)
1438 http cache bcryptjs@https://registry.npmjs.org/bcryptjs/-/bcryptjs-3.0.2.tgz 0ms (cache hit)
1439 http cache bignumber.js@https://registry.npmjs.org/bignumber.js/-/bignumber.js-9.3.1.tgz 0ms (cache hit)
1440 http cache bcrypt-pbkdf@https://registry.npmjs.org/bcrypt-pbkdf/-/bcrypt-pbkdf-1.0.2.tgz 0ms (cache hit)
1441 http cache bs-logger@https://registry.npmjs.org/bs-logger/-/bs-logger-0.2.6.tgz 0ms (cache hit)
1442 http cache base64-arraybuffer@https://registry.npmjs.org/base64-arraybuffer/-/base64-arraybuffer-1.0.2.tgz 0ms (cache hit)
1443 http cache babel-preset-jest@https://registry.npmjs.org/babel-preset-jest/-/babel-preset-jest-30.0.1.tgz 0ms (cache hit)
1444 http cache babel-preset-current-node-syntax@https://registry.npmjs.org/babel-preset-current-node-syntax/-/babel-preset-current-node-syntax-1.2.0.tgz 0ms (cache hit)
1445 http cache babel-plugin-jest-hoist@https://registry.npmjs.org/babel-plugin-jest-hoist/-/babel-plugin-jest-hoist-30.0.1.tgz 0ms (cache hit)
1446 http cache babel-jest@https://registry.npmjs.org/babel-jest/-/babel-jest-30.1.2.tgz 0ms (cache hit)
1447 http cache babel-plugin-istanbul@https://registry.npmjs.org/babel-plugin-istanbul/-/babel-plugin-istanbul-7.0.1.tgz 0ms (cache hit)
1448 http cache aws4@https://registry.npmjs.org/aws4/-/aws4-1.13.2.tgz 0ms (cache hit)
1449 http cache autoprefixer@https://registry.npmjs.org/autoprefixer/-/autoprefixer-10.4.20.tgz 0ms (cache hit)
1450 http cache aws-sign2@https://registry.npmjs.org/aws-sign2/-/aws-sign2-0.7.0.tgz 0ms (cache hit)
1451 http cache asynckit@https://registry.npmjs.org/asynckit/-/asynckit-0.4.0.tgz 0ms (cache hit)
1452 http cache base64-js@https://registry.npmjs.org/base64-js/-/base64-js-1.5.1.tgz 0ms (cache hit)
1453 http cache asn1.js@https://registry.npmjs.org/asn1.js/-/asn1.js-5.4.1.tgz 0ms (cache hit)
1454 http cache assert-plus@https://registry.npmjs.org/assert-plus/-/assert-plus-1.0.0.tgz 0ms (cache hit)
1455 http cache async-retry@https://registry.npmjs.org/async-retry/-/async-retry-1.3.3.tgz 0ms (cache hit)
1456 http cache async@https://registry.npmjs.org/async/-/async-3.2.5.tgz 0ms (cache hit)
1457 http cache arrify@https://registry.npmjs.org/arrify/-/arrify-2.0.1.tgz 0ms (cache hit)
1458 http cache asn1@https://registry.npmjs.org/asn1/-/asn1-0.2.6.tgz 0ms (cache hit)
1459 http cache aria-hidden@https://registry.npmjs.org/aria-hidden/-/aria-hidden-1.2.4.tgz 0ms (cache hit)
1460 http cache asap@https://registry.npmjs.org/asap/-/asap-2.0.6.tgz 0ms (cache hit)
1461 http cache ansi-styles@https://registry.npmjs.org/ansi-styles/-/ansi-styles-6.2.1.tgz 0ms (cache hit)
1462 http cache argparse@https://registry.npmjs.org/argparse/-/argparse-1.0.10.tgz 0ms (cache hit)
1463 http cache ansi-escapes@https://registry.npmjs.org/ansi-escapes/-/ansi-escapes-4.3.2.tgz 0ms (cache hit)
1464 http cache ansi-regex@https://registry.npmjs.org/ansi-regex/-/ansi-regex-6.1.0.tgz 0ms (cache hit)
1465 http cache agentkeepalive@https://registry.npmjs.org/agentkeepalive/-/agentkeepalive-4.6.0.tgz 0ms (cache hit)
1466 http cache ajv@https://registry.npmjs.org/ajv/-/ajv-6.12.6.tgz 0ms (cache hit)
1467 http cache acorn-walk@https://registry.npmjs.org/acorn-walk/-/acorn-walk-8.3.4.tgz 0ms (cache hit)
1468 http cache agent-base@https://registry.npmjs.org/agent-base/-/agent-base-7.1.4.tgz 0ms (cache hit)
1469 http cache acorn-import-attributes@https://registry.npmjs.org/acorn-import-attributes/-/acorn-import-attributes-1.9.5.tgz 0ms (cache hit)
1470 http cache acorn@https://registry.npmjs.org/acorn/-/acorn-8.15.0.tgz 0ms (cache hit)
1471 http cache esbuild@https://registry.npmjs.org/esbuild/-/esbuild-0.18.20.tgz 0ms (cache hit)
1472 http cache abort-controller@https://registry.npmjs.org/abort-controller/-/abort-controller-3.0.0.tgz 0ms (cache hit)
1473 http cache form-data@https://registry.npmjs.org/form-data/-/form-data-2.5.5.tgz 0ms (cache hit)
1474 http cache tailwindcss@https://registry.npmjs.org/tailwindcss/-/tailwindcss-4.1.3.tgz 0ms (cache hit)
1475 http cache uuid@https://registry.npmjs.org/uuid/-/uuid-8.3.2.tgz 0ms (cache hit)
1476 http cache jiti@https://registry.npmjs.org/jiti/-/jiti-2.4.2.tgz 0ms (cache hit)
1477 http cache balanced-match@https://registry.npmjs.org/balanced-match/-/balanced-match-1.0.2.tgz 0ms (cache hit)
1478 http cache gtoken@https://registry.npmjs.org/gtoken/-/gtoken-7.1.0.tgz 0ms (cache hit)
1479 http cache google-logging-utils@https://registry.npmjs.org/google-logging-utils/-/google-logging-utils-0.0.2.tgz 0ms (cache hit)
1480 http cache google-auth-library@https://registry.npmjs.org/google-auth-library/-/google-auth-library-9.15.1.tgz 0ms (cache hit)
1481 http cache mime@https://registry.npmjs.org/mime/-/mime-3.0.0.tgz 0ms (cache hit)
1482 http cache gcp-metadata@https://registry.npmjs.org/gcp-metadata/-/gcp-metadata-6.1.1.tgz 0ms (cache hit)
1483 http cache @types/node@https://registry.npmjs.org/@types/node/-/node-18.19.123.tgz 0ms (cache hit)
1484 http cache tailwindcss@https://registry.npmjs.org/tailwindcss/-/tailwindcss-4.1.3.tgz 0ms (cache hit)
1485 http cache undici-types@https://registry.npmjs.org/undici-types/-/undici-types-5.26.5.tgz 0ms (cache hit)
1486 http cache strip-ansi@https://registry.npmjs.org/strip-ansi/-/strip-ansi-6.0.1.tgz 0ms (cache hit)
1487 http cache emoji-regex@https://registry.npmjs.org/emoji-regex/-/emoji-regex-8.0.0.tgz 0ms (cache hit)
1488 http cache ansi-regex@https://registry.npmjs.org/ansi-regex/-/ansi-regex-5.0.1.tgz 0ms (cache hit)
1489 http cache @jridgewell/trace-mapping@https://registry.npmjs.org/@jridgewell/trace-mapping/-/trace-mapping-0.3.9.tgz 0ms (cache hit)
1490 http cache strip-ansi@https://registry.npmjs.org/strip-ansi/-/strip-ansi-6.0.1.tgz 0ms (cache hit)
1491 http cache ansi-styles@https://registry.npmjs.org/ansi-styles/-/ansi-styles-4.3.0.tgz 0ms (cache hit)
1492 http cache emoji-regex@https://registry.npmjs.org/emoji-regex/-/emoji-regex-8.0.0.tgz 0ms (cache hit)
1493 http cache string-width@https://registry.npmjs.org/string-width/-/string-width-4.2.3.tgz 0ms (cache hit)
1494 http cache kind-of@https://registry.npmjs.org/kind-of/-/kind-of-3.2.2.tgz 0ms (cache hit)
1495 http cache ansi-regex@https://registry.npmjs.org/ansi-regex/-/ansi-regex-5.0.1.tgz 0ms (cache hit)
1496 http cache esbuild@https://registry.npmjs.org/esbuild/-/esbuild-0.23.1.tgz 0ms (cache hit)
1497 http cache arg@https://registry.npmjs.org/arg/-/arg-4.1.3.tgz 0ms (cache hit)
1498 http cache semver@https://registry.npmjs.org/semver/-/semver-7.7.2.tgz 0ms (cache hit)
1499 http cache type-fest@https://registry.npmjs.org/type-fest/-/type-fest-4.41.0.tgz 0ms (cache hit)
1500 http cache minimatch@https://registry.npmjs.org/minimatch/-/minimatch-3.1.2.tgz 0ms (cache hit)
1501 http cache glob@https://registry.npmjs.org/glob/-/glob-7.2.3.tgz 0ms (cache hit)
1502 http cache brace-expansion@https://registry.npmjs.org/brace-expansion/-/brace-expansion-1.1.12.tgz 0ms (cache hit)
1503 http cache https-proxy-agent@https://registry.npmjs.org/https-proxy-agent/-/https-proxy-agent-5.0.1.tgz 0ms (cache hit)
1504 http cache agent-base@https://registry.npmjs.org/agent-base/-/agent-base-6.0.2.tgz 0ms (cache hit)
1505 http cache mime@https://registry.npmjs.org/mime/-/mime-2.6.0.tgz 0ms (cache hit)
1506 http cache ansi-regex@https://registry.npmjs.org/ansi-regex/-/ansi-regex-5.0.1.tgz 0ms (cache hit)
1507 http cache safe-buffer@https://registry.npmjs.org/safe-buffer/-/safe-buffer-5.1.2.tgz 0ms (cache hit)
1508 http cache strip-ansi@https://registry.npmjs.org/strip-ansi/-/strip-ansi-6.0.1.tgz 0ms (cache hit)
1509 http cache emoji-regex@https://registry.npmjs.org/emoji-regex/-/emoji-regex-8.0.0.tgz 0ms (cache hit)
1510 http cache ansi-regex@https://registry.npmjs.org/ansi-regex/-/ansi-regex-5.0.1.tgz 0ms (cache hit)
1511 http cache strip-ansi@https://registry.npmjs.org/strip-ansi/-/strip-ansi-6.0.1.tgz 0ms (cache hit)
1512 http cache ansi-regex@https://registry.npmjs.org/ansi-regex/-/ansi-regex-5.0.1.tgz 0ms (cache hit)
1513 http cache uuid@https://registry.npmjs.org/uuid/-/uuid-3.4.0.tgz 0ms (cache hit)
1514 http cache encodeurl@https://registry.npmjs.org/encodeurl/-/encodeurl-1.0.2.tgz 0ms (cache hit)
1515 http cache isobject@https://registry.npmjs.org/isobject/-/isobject-2.1.0.tgz 0ms (cache hit)
1516 http cache object-hash@https://registry.npmjs.org/object-hash/-/object-hash-1.3.1.tgz 0ms (cache hit)
1517 http cache safe-buffer@https://registry.npmjs.org/safe-buffer/-/safe-buffer-5.1.2.tgz 0ms (cache hit)
1518 http cache ansi-styles@https://registry.npmjs.org/ansi-styles/-/ansi-styles-5.2.0.tgz 0ms (cache hit)
1519 http cache jose@https://registry.npmjs.org/jose/-/jose-4.14.4.tgz 0ms (cache hit)
1520 http cache aws4@https://registry.npmjs.org/aws4/-/aws4-1.12.0.tgz 0ms (cache hit)
1521 http cache uuid@https://registry.npmjs.org/uuid/-/uuid-8.3.2.tgz 0ms (cache hit)
1522 http cache qs@https://registry.npmjs.org/qs/-/qs-6.5.3.tgz 0ms (cache hit)
1523 http cache uuid@https://registry.npmjs.org/uuid/-/uuid-8.3.2.tgz 0ms (cache hit)
1524 http cache yallist@https://registry.npmjs.org/yallist/-/yallist-4.0.0.tgz 0ms (cache hit)
1525 http cache semver@https://registry.npmjs.org/semver/-/semver-7.5.4.tgz 0ms (cache hit)
1526 http cache lru-cache@https://registry.npmjs.org/lru-cache/-/lru-cache-6.0.0.tgz 0ms (cache hit)
1527 http cache commander@https://registry.npmjs.org/commander/-/commander-8.3.0.tgz 0ms (cache hit)
1528 http cache uuid@https://registry.npmjs.org/uuid/-/uuid-8.3.2.tgz 0ms (cache hit)
1529 http cache lru-cache@https://registry.npmjs.org/lru-cache/-/lru-cache-6.0.0.tgz 0ms (cache hit)
1530 http cache yallist@https://registry.npmjs.org/yallist/-/yallist-4.0.0.tgz 0ms (cache hit)
1531 http cache postgres-bytea@https://registry.npmjs.org/postgres-bytea/-/postgres-bytea-1.0.0.tgz 0ms (cache hit)
1532 http cache lru-cache@https://registry.npmjs.org/lru-cache/-/lru-cache-10.4.3.tgz 0ms (cache hit)
1533 http cache semver@https://registry.npmjs.org/semver/-/semver-7.5.4.tgz 0ms (cache hit)
1534 http cache p-limit@https://registry.npmjs.org/p-limit/-/p-limit-2.3.0.tgz 0ms (cache hit)
1535 http cache iconv-lite@https://registry.npmjs.org/iconv-lite/-/iconv-lite-0.6.3.tgz 0ms (cache hit)
1536 http cache strip-ansi@https://registry.npmjs.org/strip-ansi/-/strip-ansi-6.0.1.tgz 0ms (cache hit)
1537 http cache string-width@https://registry.npmjs.org/string-width/-/string-width-4.2.3.tgz 0ms (cache hit)
1538 http cache handlebars@https://registry.npmjs.org/handlebars/-/handlebars-4.7.7.tgz 0ms (cache hit)
1539 http cache filesize@https://registry.npmjs.org/filesize/-/filesize-6.4.0.tgz 0ms (cache hit)
1540 http cache emoji-regex@https://registry.npmjs.org/emoji-regex/-/emoji-regex-8.0.0.tgz 0ms (cache hit)
1541 http cache cli-progress@https://registry.npmjs.org/cli-progress/-/cli-progress-3.10.0.tgz 0ms (cache hit)
1542 http cache ansi-regex@https://registry.npmjs.org/ansi-regex/-/ansi-regex-5.0.1.tgz 0ms (cache hit)
1543 http cache commander@https://registry.npmjs.org/commander/-/commander-6.2.1.tgz 0ms (cache hit)
1544 http cache semver@https://registry.npmjs.org/semver/-/semver-7.6.3.tgz 0ms (cache hit)
1545 http cache commander@https://registry.npmjs.org/commander/-/commander-11.1.0.tgz 0ms (cache hit)
1546 http cache semver@https://registry.npmjs.org/semver/-/semver-7.7.2.tgz 0ms (cache hit)
1547 http cache pako@https://registry.npmjs.org/pako/-/pako-1.0.11.tgz 0ms (cache hit)
1548 http cache supports-color@https://registry.npmjs.org/supports-color/-/supports-color-8.1.1.tgz 0ms (cache hit)
1549 http cache source-map-support@https://registry.npmjs.org/source-map-support/-/source-map-support-0.5.13.tgz 0ms (cache hit)
1550 http cache semver@https://registry.npmjs.org/semver/-/semver-7.7.2.tgz 0ms (cache hit)
1551 http cache uuid@https://registry.npmjs.org/uuid/-/uuid-8.3.2.tgz 0ms (cache hit)
1552 http cache camelcase@https://registry.npmjs.org/camelcase/-/camelcase-6.3.0.tgz 0ms (cache hit)
1553 http cache strip-ansi@https://registry.npmjs.org/strip-ansi/-/strip-ansi-6.0.1.tgz 0ms (cache hit)
1554 http cache ansi-regex@https://registry.npmjs.org/ansi-regex/-/ansi-regex-5.0.1.tgz 0ms (cache hit)
1555 http cache mkdirp@https://registry.npmjs.org/mkdirp/-/mkdirp-1.0.4.tgz 0ms (cache hit)
1556 http cache semver@https://registry.npmjs.org/semver/-/semver-7.7.2.tgz 0ms (cache hit)
1557 http cache cjs-module-lexer@https://registry.npmjs.org/cjs-module-lexer/-/cjs-module-lexer-1.4.3.tgz 0ms (cache hit)
1558 http cache agent-base@https://registry.npmjs.org/agent-base/-/agent-base-6.0.2.tgz 0ms (cache hit)
1559 http cache node-fetch@https://registry.npmjs.org/node-fetch/-/node-fetch-3.3.2.tgz 0ms (cache hit)
1560 http cache gaxios@https://registry.npmjs.org/gaxios/-/gaxios-7.1.1.tgz 0ms (cache hit)
1561 http cache node-fetch@https://registry.npmjs.org/node-fetch/-/node-fetch-3.3.2.tgz 0ms (cache hit)
1562 http cache gaxios@https://registry.npmjs.org/gaxios/-/gaxios-7.1.1.tgz 0ms (cache hit)
1563 http cache isobject@https://registry.npmjs.org/isobject/-/isobject-3.0.1.tgz 0ms (cache hit)
1564 http cache kind-of@https://registry.npmjs.org/kind-of/-/kind-of-3.2.2.tgz 0ms (cache hit)
1565 http cache is-number@https://registry.npmjs.org/is-number/-/is-number-2.1.0.tgz 0ms (cache hit)
1566 http cache gaxios@https://registry.npmjs.org/gaxios/-/gaxios-7.1.1.tgz 0ms (cache hit)
1567 http cache node-fetch@https://registry.npmjs.org/node-fetch/-/node-fetch-3.3.2.tgz 0ms (cache hit)
1568 http cache web-streams-polyfill@https://registry.npmjs.org/web-streams-polyfill/-/web-streams-polyfill-3.3.3.tgz 0ms (cache hit)
1569 http cache signal-exit@https://registry.npmjs.org/signal-exit/-/signal-exit-3.0.7.tgz 0ms (cache hit)
1570 http cache @esbuild/darwin-arm64@https://registry.npmjs.org/@esbuild/darwin-arm64/-/darwin-arm64-0.19.12.tgz 0ms (cache hit)
1571 http cache esbuild@https://registry.npmjs.org/esbuild/-/esbuild-0.19.12.tgz 0ms (cache hit)
1572 http cache undici-types@https://registry.npmjs.org/undici-types/-/undici-types-7.12.0.tgz 0ms (cache hit)
1573 http cache nanoid@https://registry.npmjs.org/nanoid/-/nanoid-5.1.5.tgz 0ms (cache hit)
1574 http cache @esbuild/darwin-arm64@https://registry.npmjs.org/@esbuild/darwin-arm64/-/darwin-arm64-0.23.1.tgz 0ms (cache hit)
1575 http cache string-width@https://registry.npmjs.org/string-width/-/string-width-4.2.3.tgz 0ms (cache hit)
1576 http cache strip-ansi@https://registry.npmjs.org/strip-ansi/-/strip-ansi-6.0.1.tgz 0ms (cache hit)
1577 http cache emoji-regex@https://registry.npmjs.org/emoji-regex/-/emoji-regex-8.0.0.tgz 0ms (cache hit)
1578 http cache ansi-styles@https://registry.npmjs.org/ansi-styles/-/ansi-styles-4.3.0.tgz 0ms (cache hit)
1579 http cache strip-ansi@https://registry.npmjs.org/strip-ansi/-/strip-ansi-6.0.1.tgz 0ms (cache hit)
1580 http cache wrap-ansi@https://registry.npmjs.org/wrap-ansi/-/wrap-ansi-7.0.0.tgz 0ms (cache hit)
1581 http cache ansi-regex@https://registry.npmjs.org/ansi-regex/-/ansi-regex-5.0.1.tgz 0ms (cache hit)
1582 http cache string-width@https://registry.npmjs.org/string-width/-/string-width-4.2.3.tgz 0ms (cache hit)
1583 http cache ansi-regex@https://registry.npmjs.org/ansi-regex/-/ansi-regex-5.0.1.tgz 0ms (cache hit)
1584 http cache emoji-regex@https://registry.npmjs.org/emoji-regex/-/emoji-regex-8.0.0.tgz 0ms (cache hit)
1585 http cache @types/node@https://registry.npmjs.org/@types/node/-/node-24.5.0.tgz 0ms (cache hit)
1586 http cache strip-ansi@https://registry.npmjs.org/strip-ansi/-/strip-ansi-6.0.1.tgz 0ms (cache hit)
1587 http cache emoji-regex@https://registry.npmjs.org/emoji-regex/-/emoji-regex-8.0.0.tgz 0ms (cache hit)
1588 http cache ansi-regex@https://registry.npmjs.org/ansi-regex/-/ansi-regex-5.0.1.tgz 0ms (cache hit)
1589 http cache string-width@https://registry.npmjs.org/string-width/-/string-width-4.2.3.tgz 0ms (cache hit)
1590 http cache ansi-styles@https://registry.npmjs.org/ansi-styles/-/ansi-styles-4.3.0.tgz 0ms (cache hit)
1591 http cache string-width@https://registry.npmjs.org/string-width/-/string-width-4.2.3.tgz 0ms (cache hit)
1592 http cache regenerator-runtime@https://registry.npmjs.org/regenerator-runtime/-/regenerator-runtime-0.13.11.tgz 0ms (cache hit)
1593 http cache esbuild@https://registry.npmjs.org/esbuild/-/esbuild-0.21.5.tgz 0ms (cache hit)
1594 silly tarball no local data for typescript@https://registry.npmjs.org/typescript/-/typescript-5.6.3.tgz. Extracting by manifest.
1595 silly tarball no local data for mime@https://registry.npmjs.org/mime/-/mime-1.6.0.tgz. Extracting by manifest.
1596 silly tarball no local data for json5@https://registry.npmjs.org/json5/-/json5-2.2.3.tgz. Extracting by manifest.
1597 silly tarball no local data for loose-envify@https://registry.npmjs.org/loose-envify/-/loose-envify-1.4.0.tgz. Extracting by manifest.
1598 silly tarball no local data for semver@https://registry.npmjs.org/semver/-/semver-6.3.1.tgz. Extracting by manifest.
1599 http cache semver@https://registry.npmjs.org/semver/-/semver-7.7.2.tgz 1ms (cache hit)
1600 silly tarball no local data for cssesc@https://registry.npmjs.org/cssesc/-/cssesc-3.0.0.tgz. Extracting by manifest.
1601 silly tarball no local data for @unrs/resolver-binding-darwin-arm64@https://registry.npmjs.org/@unrs/resolver-binding-darwin-arm64/-/resolver-binding-darwin-arm64-1.11.1.tgz. Extracting by manifest.
1602 silly tarball no local data for @types/yargs-parser@https://registry.npmjs.org/@types/yargs-parser/-/yargs-parser-21.0.3.tgz. Extracting by manifest.
1603 silly tarball no local data for @types/web-push@https://registry.npmjs.org/@types/web-push/-/web-push-3.6.4.tgz. Extracting by manifest.
1604 silly tarball no local data for @ungap/structured-clone@https://registry.npmjs.org/@ungap/structured-clone/-/structured-clone-1.3.0.tgz. Extracting by manifest.
1605 silly tarball no local data for @vitejs/plugin-react@https://registry.npmjs.org/@vitejs/plugin-react/-/plugin-react-4.3.3.tgz. Extracting by manifest.
1606 silly tarball no local data for @types/ws@https://registry.npmjs.org/@types/ws/-/ws-8.5.13.tgz. Extracting by manifest.
1607 silly tarball no local data for @types/yargs@https://registry.npmjs.org/@types/yargs/-/yargs-17.0.33.tgz. Extracting by manifest.
1608 silly tarball no local data for @types/supertest@https://registry.npmjs.org/@types/supertest/-/supertest-6.0.3.tgz. Extracting by manifest.
1609 silly tarball no local data for @types/serve-static@https://registry.npmjs.org/@types/serve-static/-/serve-static-1.15.7.tgz. Extracting by manifest.
1610 silly tarball no local data for @types/stack-utils@https://registry.npmjs.org/@types/stack-utils/-/stack-utils-2.0.3.tgz. Extracting by manifest.
1611 silly tarball no local data for @types/trusted-types@https://registry.npmjs.org/@types/trusted-types/-/trusted-types-2.0.7.tgz. Extracting by manifest.
1612 silly tarball no local data for @types/superagent@https://registry.npmjs.org/@types/superagent/-/superagent-8.1.9.tgz. Extracting by manifest.
1613 silly tarball no local data for @types/send@https://registry.npmjs.org/@types/send/-/send-0.17.4.tgz. Extracting by manifest.
1614 silly tarball no local data for @types/tough-cookie@https://registry.npmjs.org/@types/tough-cookie/-/tough-cookie-4.0.5.tgz. Extracting by manifest.
1615 silly tarball no local data for @types/qs@https://registry.npmjs.org/@types/qs/-/qs-6.9.16.tgz. Extracting by manifest.
1616 silly tarball no local data for @types/react@https://registry.npmjs.org/@types/react/-/react-18.3.12.tgz. Extracting by manifest.
1617 silly tarball no local data for @types/react-dom@https://registry.npmjs.org/@types/react-dom/-/react-dom-18.3.1.tgz. Extracting by manifest.
1618 silly tarball no local data for @types/prop-types@https://registry.npmjs.org/@types/prop-types/-/prop-types-15.7.13.tgz. Extracting by manifest.
1619 silly tarball no local data for @types/raf@https://registry.npmjs.org/@types/raf/-/raf-3.4.3.tgz. Extracting by manifest.
1620 silly tarball no local data for @types/pako@https://registry.npmjs.org/@types/pako/-/pako-2.0.4.tgz. Extracting by manifest.
1621 silly tarball no local data for @types/mime@https://registry.npmjs.org/@types/mime/-/mime-1.3.5.tgz. Extracting by manifest.
1622 silly tarball no local data for @types/request@https://registry.npmjs.org/@types/request/-/request-2.48.13.tgz. Extracting by manifest.
1623 silly tarball no local data for @types/memoizee@https://registry.npmjs.org/@types/memoizee/-/memoizee-0.4.12.tgz. Extracting by manifest.
1624 silly tarball no local data for @types/methods@https://registry.npmjs.org/@types/methods/-/methods-1.1.4.tgz. Extracting by manifest.
1625 silly tarball no local data for @types/jest@https://registry.npmjs.org/@types/jest/-/jest-30.0.0.tgz. Extracting by manifest.
1626 silly tarball no local data for @types/istanbul-lib-report@https://registry.npmjs.org/@types/istanbul-lib-report/-/istanbul-lib-report-3.0.3.tgz. Extracting by manifest.
1627 silly tarball no local data for @types/istanbul-reports@https://registry.npmjs.org/@types/istanbul-reports/-/istanbul-reports-3.0.4.tgz. Extracting by manifest.
1628 silly tarball no local data for @types/node-fetch@https://registry.npmjs.org/@types/node-fetch/-/node-fetch-2.6.13.tgz. Extracting by manifest.
1629 silly tarball no local data for @types/d3-time@https://registry.npmjs.org/@types/d3-time/-/d3-time-3.0.3.tgz. Extracting by manifest.
1630 silly tarball no local data for @types/express-session@https://registry.npmjs.org/@types/express-session/-/express-session-1.18.0.tgz. Extracting by manifest.
1631 silly tarball no local data for @types/http-errors@https://registry.npmjs.org/@types/http-errors/-/http-errors-2.0.4.tgz. Extracting by manifest.
1632 silly tarball no local data for @types/estree@https://registry.npmjs.org/@types/estree/-/estree-1.0.6.tgz. Extracting by manifest.
1633 silly tarball no local data for @types/d3-shape@https://registry.npmjs.org/@types/d3-shape/-/d3-shape-3.1.6.tgz. Extracting by manifest.
1634 silly tarball no local data for @types/express-serve-static-core@https://registry.npmjs.org/@types/express-serve-static-core/-/express-serve-static-core-4.19.6.tgz. Extracting by manifest.
1635 silly tarball no local data for @types/d3-scale@https://registry.npmjs.org/@types/d3-scale/-/d3-scale-4.0.8.tgz. Extracting by manifest.
1636 silly tarball no local data for @types/d3-array@https://registry.npmjs.org/@types/d3-array/-/d3-array-3.2.1.tgz. Extracting by manifest.
1637 silly tarball no local data for @types/cookiejar@https://registry.npmjs.org/@types/cookiejar/-/cookiejar-2.1.5.tgz. Extracting by manifest.
1638 silly tarball no local data for @types/caseless@https://registry.npmjs.org/@types/caseless/-/caseless-0.12.5.tgz. Extracting by manifest.
1639 silly tarball no local data for @types/d3-path@https://registry.npmjs.org/@types/d3-path/-/d3-path-3.1.0.tgz. Extracting by manifest.
1640 silly tarball no local data for @types/body-parser@https://registry.npmjs.org/@types/body-parser/-/body-parser-1.19.5.tgz. Extracting by manifest.
1641 silly tarball no local data for @types/istanbul-lib-coverage@https://registry.npmjs.org/@types/istanbul-lib-coverage/-/istanbul-lib-coverage-2.0.6.tgz. Extracting by manifest.
1642 silly tarball no local data for @types/babel__traverse@https://registry.npmjs.org/@types/babel__traverse/-/babel__traverse-7.20.6.tgz. Extracting by manifest.
1643 silly tarball no local data for @tsconfig/node16@https://registry.npmjs.org/@tsconfig/node16/-/node16-1.0.4.tgz. Extracting by manifest.
1644 silly tarball no local data for @tsconfig/node12@https://registry.npmjs.org/@tsconfig/node12/-/node12-1.0.11.tgz. Extracting by manifest.
1645 silly tarball no local data for @tsconfig/node10@https://registry.npmjs.org/@tsconfig/node10/-/node10-1.0.11.tgz. Extracting by manifest.
1646 silly tarball no local data for @types/bcryptjs@https://registry.npmjs.org/@types/bcryptjs/-/bcryptjs-2.4.6.tgz. Extracting by manifest.
1647 silly tarball no local data for @types/babel__generator@https://registry.npmjs.org/@types/babel__generator/-/babel__generator-7.6.8.tgz. Extracting by manifest.
1648 silly tarball no local data for @sinonjs/commons@https://registry.npmjs.org/@sinonjs/commons/-/commons-3.0.1.tgz. Extracting by manifest.
1649 silly tarball no local data for @tootallnate/once@https://registry.npmjs.org/@tootallnate/once/-/once-2.0.0.tgz. Extracting by manifest.
1650 silly tarball no local data for @tanstack/query-core@https://registry.npmjs.org/@tanstack/query-core/-/query-core-5.60.5.tgz. Extracting by manifest.
1651 silly tarball no local data for @tailwindcss/typography@https://registry.npmjs.org/@tailwindcss/typography/-/typography-0.5.15.tgz. Extracting by manifest.
1652 silly tarball no local data for @tailwindcss/vite@https://registry.npmjs.org/@tailwindcss/vite/-/vite-4.1.3.tgz. Extracting by manifest.
1653 silly tarball no local data for @tailwindcss/oxide@https://registry.npmjs.org/@tailwindcss/oxide/-/oxide-4.1.3.tgz. Extracting by manifest.
1654 silly tarball no local data for @tailwindcss/node@https://registry.npmjs.org/@tailwindcss/node/-/node-4.1.3.tgz. Extracting by manifest.
1655 silly tarball no local data for @stripe/stripe-js@https://registry.npmjs.org/@stripe/stripe-js/-/stripe-js-7.9.0.tgz. Extracting by manifest.
1656 silly tarball no local data for @stripe/react-stripe-js@https://registry.npmjs.org/@stripe/react-stripe-js/-/react-stripe-js-4.0.2.tgz. Extracting by manifest.
1657 silly tarball no local data for @sinonjs/fake-timers@https://registry.npmjs.org/@sinonjs/fake-timers/-/fake-timers-13.0.5.tgz. Extracting by manifest.
1658 silly tarball no local data for @tailwindcss/oxide-darwin-arm64@https://registry.npmjs.org/@tailwindcss/oxide-darwin-arm64/-/oxide-darwin-arm64-4.1.3.tgz. Extracting by manifest.
1659 silly tarball no local data for @sinclair/typebox@https://registry.npmjs.org/@sinclair/typebox/-/typebox-0.34.41.tgz. Extracting by manifest.
1660 silly tarball no local data for @replit/vite-plugin-cartographer@https://registry.npmjs.org/@replit/vite-plugin-cartographer/-/vite-plugin-cartographer-0.3.0.tgz. Extracting by manifest.
1661 silly tarball no local data for @rollup/rollup-darwin-arm64@https://registry.npmjs.org/@rollup/rollup-darwin-arm64/-/rollup-darwin-arm64-4.24.4.tgz. Extracting by manifest.
1662 silly tarball no local data for @radix-ui/react-visually-hidden@https://registry.npmjs.org/@radix-ui/react-visually-hidden/-/react-visually-hidden-1.1.3.tgz. Extracting by manifest.
1663 silly tarball no local data for @radix-ui/react-use-controllable-state@https://registry.npmjs.org/@radix-ui/react-use-controllable-state/-/react-use-controllable-state-1.1.1.tgz. Extracting by manifest.
1664 silly tarball no local data for @radix-ui/react-tooltip@https://registry.npmjs.org/@radix-ui/react-tooltip/-/react-tooltip-1.2.0.tgz. Extracting by manifest.
1665 silly tarball no local data for @radix-ui/react-toggle-group@https://registry.npmjs.org/@radix-ui/react-toggle-group/-/react-toggle-group-1.1.3.tgz. Extracting by manifest.
1666 silly tarball no local data for @radix-ui/react-toggle@https://registry.npmjs.org/@radix-ui/react-toggle/-/react-toggle-1.1.3.tgz. Extracting by manifest.
1667 silly tarball no local data for @radix-ui/react-toast@https://registry.npmjs.org/@radix-ui/react-toast/-/react-toast-1.2.7.tgz. Extracting by manifest.
1668 silly tarball no local data for @radix-ui/react-tabs@https://registry.npmjs.org/@radix-ui/react-tabs/-/react-tabs-1.1.4.tgz. Extracting by manifest.
1669 silly tarball no local data for @radix-ui/react-switch@https://registry.npmjs.org/@radix-ui/react-switch/-/react-switch-1.1.4.tgz. Extracting by manifest.
1670 silly tarball no local data for @radix-ui/react-slot@https://registry.npmjs.org/@radix-ui/react-slot/-/react-slot-1.2.0.tgz. Extracting by manifest.
1671 silly tarball no local data for @radix-ui/react-slider@https://registry.npmjs.org/@radix-ui/react-slider/-/react-slider-1.2.4.tgz. Extracting by manifest.
1672 silly tarball no local data for @radix-ui/react-separator@https://registry.npmjs.org/@radix-ui/react-separator/-/react-separator-1.1.3.tgz. Extracting by manifest.
1673 silly tarball no local data for @radix-ui/react-select@https://registry.npmjs.org/@radix-ui/react-select/-/react-select-2.1.7.tgz. Extracting by manifest.
1674 silly tarball no local data for @radix-ui/react-roving-focus@https://registry.npmjs.org/@radix-ui/react-roving-focus/-/react-roving-focus-1.1.3.tgz. Extracting by manifest.
1675 silly tarball no local data for @radix-ui/react-radio-group@https://registry.npmjs.org/@radix-ui/react-radio-group/-/react-radio-group-1.2.4.tgz. Extracting by manifest.
1676 silly tarball no local data for @radix-ui/react-scroll-area@https://registry.npmjs.org/@radix-ui/react-scroll-area/-/react-scroll-area-1.2.4.tgz. Extracting by manifest.
1677 silly tarball no local data for @radix-ui/react-progress@https://registry.npmjs.org/@radix-ui/react-progress/-/react-progress-1.1.3.tgz. Extracting by manifest.
1678 silly tarball no local data for @radix-ui/react-primitive@https://registry.npmjs.org/@radix-ui/react-primitive/-/react-primitive-2.0.3.tgz. Extracting by manifest.
1679 silly tarball no local data for @radix-ui/react-presence@https://registry.npmjs.org/@radix-ui/react-presence/-/react-presence-1.1.3.tgz. Extracting by manifest.
1680 silly tarball no local data for @radix-ui/react-portal@https://registry.npmjs.org/@radix-ui/react-portal/-/react-portal-1.1.5.tgz. Extracting by manifest.
1681 silly tarball no local data for @radix-ui/react-popper@https://registry.npmjs.org/@radix-ui/react-popper/-/react-popper-1.2.3.tgz. Extracting by manifest.
1682 silly tarball no local data for @radix-ui/react-popover@https://registry.npmjs.org/@radix-ui/react-popover/-/react-popover-1.1.7.tgz. Extracting by manifest.
1683 silly tarball no local data for @radix-ui/react-menubar@https://registry.npmjs.org/@radix-ui/react-menubar/-/react-menubar-1.1.7.tgz. Extracting by manifest.
1684 silly tarball no local data for @radix-ui/react-menu@https://registry.npmjs.org/@radix-ui/react-menu/-/react-menu-2.1.7.tgz. Extracting by manifest.
1685 silly tarball no local data for @radix-ui/react-navigation-menu@https://registry.npmjs.org/@radix-ui/react-navigation-menu/-/react-navigation-menu-1.2.6.tgz. Extracting by manifest.
1686 silly tarball no local data for @radix-ui/react-label@https://registry.npmjs.org/@radix-ui/react-label/-/react-label-2.1.3.tgz. Extracting by manifest.
1687 silly tarball no local data for @radix-ui/react-hover-card@https://registry.npmjs.org/@radix-ui/react-hover-card/-/react-hover-card-1.1.7.tgz. Extracting by manifest.
1688 silly tarball no local data for @radix-ui/react-focus-scope@https://registry.npmjs.org/@radix-ui/react-focus-scope/-/react-focus-scope-1.1.3.tgz. Extracting by manifest.
1689 silly tarball no local data for @radix-ui/react-focus-guards@https://registry.npmjs.org/@radix-ui/react-focus-guards/-/react-focus-guards-1.1.2.tgz. Extracting by manifest.
1690 silly tarball no local data for @radix-ui/react-dropdown-menu@https://registry.npmjs.org/@radix-ui/react-dropdown-menu/-/react-dropdown-menu-2.1.7.tgz. Extracting by manifest.
1691 silly tarball no local data for @radix-ui/react-dismissable-layer@https://registry.npmjs.org/@radix-ui/react-dismissable-layer/-/react-dismissable-layer-1.1.6.tgz. Extracting by manifest.
1692 silly tarball no local data for @radix-ui/react-dialog@https://registry.npmjs.org/@radix-ui/react-dialog/-/react-dialog-1.1.7.tgz. Extracting by manifest.
1693 silly tarball no local data for @radix-ui/react-context-menu@https://registry.npmjs.org/@radix-ui/react-context-menu/-/react-context-menu-2.2.7.tgz. Extracting by manifest.
1694 silly tarball no local data for @radix-ui/react-collection@https://registry.npmjs.org/@radix-ui/react-collection/-/react-collection-1.1.3.tgz. Extracting by manifest.
1695 silly tarball no local data for @radix-ui/react-checkbox@https://registry.npmjs.org/@radix-ui/react-checkbox/-/react-checkbox-1.1.5.tgz. Extracting by manifest.
1696 silly tarball no local data for @radix-ui/react-avatar@https://registry.npmjs.org/@radix-ui/react-avatar/-/react-avatar-1.1.4.tgz. Extracting by manifest.
1697 silly tarball no local data for @radix-ui/react-aspect-ratio@https://registry.npmjs.org/@radix-ui/react-aspect-ratio/-/react-aspect-ratio-1.1.3.tgz. Extracting by manifest.
1698 silly tarball no local data for @radix-ui/react-arrow@https://registry.npmjs.org/@radix-ui/react-arrow/-/react-arrow-1.1.3.tgz. Extracting by manifest.
1699 silly tarball no local data for @radix-ui/react-alert-dialog@https://registry.npmjs.org/@radix-ui/react-alert-dialog/-/react-alert-dialog-1.1.7.tgz. Extracting by manifest.
1700 silly tarball no local data for @radix-ui/primitive@https://registry.npmjs.org/@radix-ui/primitive/-/primitive-1.1.2.tgz. Extracting by manifest.
1701 silly tarball no local data for @radix-ui/react-accordion@https://registry.npmjs.org/@radix-ui/react-accordion/-/react-accordion-1.2.4.tgz. Extracting by manifest.
1702 silly tarball no local data for @protobufjs/utf8@https://registry.npmjs.org/@protobufjs/utf8/-/utf8-1.1.0.tgz. Extracting by manifest.
1703 silly tarball no local data for @protobufjs/pool@https://registry.npmjs.org/@protobufjs/pool/-/pool-1.1.0.tgz. Extracting by manifest.
1704 silly tarball no local data for @protobufjs/path@https://registry.npmjs.org/@protobufjs/path/-/path-1.1.2.tgz. Extracting by manifest.
1705 silly tarball no local data for @protobufjs/inquire@https://registry.npmjs.org/@protobufjs/inquire/-/inquire-1.1.0.tgz. Extracting by manifest.
1706 silly tarball no local data for @protobufjs/float@https://registry.npmjs.org/@protobufjs/float/-/float-1.0.2.tgz. Extracting by manifest.
1707 silly tarball no local data for @protobufjs/fetch@https://registry.npmjs.org/@protobufjs/fetch/-/fetch-1.1.0.tgz. Extracting by manifest.
1708 silly tarball no local data for @protobufjs/eventemitter@https://registry.npmjs.org/@protobufjs/eventemitter/-/eventemitter-1.1.0.tgz. Extracting by manifest.
1709 silly tarball no local data for @protobufjs/codegen@https://registry.npmjs.org/@protobufjs/codegen/-/codegen-2.0.4.tgz. Extracting by manifest.
1710 silly tarball no local data for @protobufjs/base64@https://registry.npmjs.org/@protobufjs/base64/-/base64-1.1.2.tgz. Extracting by manifest.
1711 silly tarball no local data for @protobufjs/aspromise@https://registry.npmjs.org/@protobufjs/aspromise/-/aspromise-1.1.2.tgz. Extracting by manifest.
1712 silly tarball no local data for @postman/tunnel-agent@https://registry.npmjs.org/@postman/tunnel-agent/-/tunnel-agent-0.6.4.tgz. Extracting by manifest.
1713 silly tarball no local data for @radix-ui/react-collapsible@https://registry.npmjs.org/@radix-ui/react-collapsible/-/react-collapsible-1.1.4.tgz. Extracting by manifest.
1714 silly tarball no local data for @postman/tough-cookie@https://registry.npmjs.org/@postman/tough-cookie/-/tough-cookie-4.1.3-postman.1.tgz. Extracting by manifest.
1715 silly tarball no local data for @postman/form-data@https://registry.npmjs.org/@postman/form-data/-/form-data-3.1.1.tgz. Extracting by manifest.
1716 silly tarball no local data for @playwright/test@https://registry.npmjs.org/@playwright/test/-/test-1.55.0.tgz. Extracting by manifest.
1717 silly tarball no local data for @pkgjs/parseargs@https://registry.npmjs.org/@pkgjs/parseargs/-/parseargs-0.11.0.tgz. Extracting by manifest.
1718 silly tarball no local data for @pkgr/core@https://registry.npmjs.org/@pkgr/core/-/core-0.2.9.tgz. Extracting by manifest.
1719 silly tarball no local data for @paralleldrive/cuid2@https://registry.npmjs.org/@paralleldrive/cuid2/-/cuid2-2.2.2.tgz. Extracting by manifest.
1720 silly tarball no local data for @opentelemetry/semantic-conventions@https://registry.npmjs.org/@opentelemetry/semantic-conventions/-/semantic-conventions-1.37.0.tgz. Extracting by manifest.
1721 silly tarball no local data for @opentelemetry/sdk-trace-node@https://registry.npmjs.org/@opentelemetry/sdk-trace-node/-/sdk-trace-node-2.1.0.tgz. Extracting by manifest.
1722 silly tarball no local data for @opentelemetry/sdk-trace-base@https://registry.npmjs.org/@opentelemetry/sdk-trace-base/-/sdk-trace-base-2.1.0.tgz. Extracting by manifest.
1723 silly tarball no local data for @opentelemetry/sdk-node@https://registry.npmjs.org/@opentelemetry/sdk-node/-/sdk-node-0.205.0.tgz. Extracting by manifest.
1724 silly tarball no local data for @opentelemetry/sdk-metrics@https://registry.npmjs.org/@opentelemetry/sdk-metrics/-/sdk-metrics-2.1.0.tgz. Extracting by manifest.
1725 silly tarball no local data for @opentelemetry/sdk-logs@https://registry.npmjs.org/@opentelemetry/sdk-logs/-/sdk-logs-0.205.0.tgz. Extracting by manifest.
1726 silly tarball no local data for @opentelemetry/resources@https://registry.npmjs.org/@opentelemetry/resources/-/resources-2.1.0.tgz. Extracting by manifest.
1727 silly tarball no local data for @opentelemetry/propagator-jaeger@https://registry.npmjs.org/@opentelemetry/propagator-jaeger/-/propagator-jaeger-2.1.0.tgz. Extracting by manifest.
1728 silly tarball no local data for @opentelemetry/propagator-b3@https://registry.npmjs.org/@opentelemetry/propagator-b3/-/propagator-b3-2.1.0.tgz. Extracting by manifest.
1729 silly tarball no local data for @opentelemetry/otlp-transformer@https://registry.npmjs.org/@opentelemetry/otlp-transformer/-/otlp-transformer-0.205.0.tgz. Extracting by manifest.
1730 silly tarball no local data for @opentelemetry/otlp-grpc-exporter-base@https://registry.npmjs.org/@opentelemetry/otlp-grpc-exporter-base/-/otlp-grpc-exporter-base-0.205.0.tgz. Extracting by manifest.
1731 silly tarball no local data for @opentelemetry/otlp-exporter-base@https://registry.npmjs.org/@opentelemetry/otlp-exporter-base/-/otlp-exporter-base-0.205.0.tgz. Extracting by manifest.
1732 silly tarball no local data for @tsconfig/node14@https://registry.npmjs.org/@tsconfig/node14/-/node14-1.0.3.tgz. Extracting by manifest.
1733 silly tarball no local data for @opentelemetry/exporter-metrics-otlp-proto@https://registry.npmjs.org/@opentelemetry/exporter-metrics-otlp-proto/-/exporter-metrics-otlp-proto-0.205.0.tgz. Extracting by manifest.
1734 silly tarball no local data for @opentelemetry/exporter-zipkin@https://registry.npmjs.org/@opentelemetry/exporter-zipkin/-/exporter-zipkin-2.1.0.tgz. Extracting by manifest.
1735 silly tarball no local data for @opentelemetry/exporter-trace-otlp-proto@https://registry.npmjs.org/@opentelemetry/exporter-trace-otlp-proto/-/exporter-trace-otlp-proto-0.205.0.tgz. Extracting by manifest.
1736 silly tarball no local data for @opentelemetry/instrumentation@https://registry.npmjs.org/@opentelemetry/instrumentation/-/instrumentation-0.205.0.tgz. Extracting by manifest.
1737 silly tarball no local data for @tanstack/react-query@https://registry.npmjs.org/@tanstack/react-query/-/react-query-5.60.5.tgz. Extracting by manifest.
1738 silly tarball no local data for @opentelemetry/exporter-trace-otlp-http@https://registry.npmjs.org/@opentelemetry/exporter-trace-otlp-http/-/exporter-trace-otlp-http-0.205.0.tgz. Extracting by manifest.
1739 silly tarball no local data for @opentelemetry/exporter-prometheus@https://registry.npmjs.org/@opentelemetry/exporter-prometheus/-/exporter-prometheus-0.205.0.tgz. Extracting by manifest.
1740 silly tarball no local data for @opentelemetry/exporter-metrics-otlp-http@https://registry.npmjs.org/@opentelemetry/exporter-metrics-otlp-http/-/exporter-metrics-otlp-http-0.205.0.tgz. Extracting by manifest.
1741 silly tarball no local data for @opentelemetry/exporter-metrics-otlp-grpc@https://registry.npmjs.org/@opentelemetry/exporter-metrics-otlp-grpc/-/exporter-metrics-otlp-grpc-0.205.0.tgz. Extracting by manifest.
1742 silly tarball no local data for @opentelemetry/exporter-logs-otlp-proto@https://registry.npmjs.org/@opentelemetry/exporter-logs-otlp-proto/-/exporter-logs-otlp-proto-0.205.0.tgz. Extracting by manifest.
1743 silly tarball no local data for @opentelemetry/exporter-logs-otlp-grpc@https://registry.npmjs.org/@opentelemetry/exporter-logs-otlp-grpc/-/exporter-logs-otlp-grpc-0.205.0.tgz. Extracting by manifest.
1744 silly tarball no local data for @opentelemetry/core@https://registry.npmjs.org/@opentelemetry/core/-/core-2.1.0.tgz. Extracting by manifest.
1745 silly tarball no local data for @opentelemetry/api-logs@https://registry.npmjs.org/@opentelemetry/api-logs/-/api-logs-0.205.0.tgz. Extracting by manifest.
1746 silly tarball no local data for @opentelemetry/exporter-trace-otlp-grpc@https://registry.npmjs.org/@opentelemetry/exporter-trace-otlp-grpc/-/exporter-trace-otlp-grpc-0.205.0.tgz. Extracting by manifest.
1747 silly tarball no local data for @opentelemetry/exporter-logs-otlp-http@https://registry.npmjs.org/@opentelemetry/exporter-logs-otlp-http/-/exporter-logs-otlp-http-0.205.0.tgz. Extracting by manifest.
1748 silly tarball no local data for @opentelemetry/api@https://registry.npmjs.org/@opentelemetry/api/-/api-1.9.0.tgz. Extracting by manifest.
1749 silly tarball no local data for @opentelemetry/context-async-hooks@https://registry.npmjs.org/@opentelemetry/context-async-hooks/-/context-async-hooks-2.1.0.tgz. Extracting by manifest.
1750 silly tarball no local data for @noble/hashes@https://registry.npmjs.org/@noble/hashes/-/hashes-1.8.0.tgz. Extracting by manifest.
1751 silly tarball no local data for @msgpackr-extract/msgpackr-extract-darwin-arm64@https://registry.npmjs.org/@msgpackr-extract/msgpackr-extract-darwin-arm64/-/msgpackr-extract-darwin-arm64-3.0.3.tgz. Extracting by manifest.
1752 silly tarball no local data for @jest/types@https://registry.npmjs.org/@jest/types/-/types-30.0.5.tgz. Extracting by manifest.
1753 silly tarball no local data for @jest/test-sequencer@https://registry.npmjs.org/@jest/test-sequencer/-/test-sequencer-30.1.3.tgz. Extracting by manifest.
1754 silly tarball no local data for @js-sdsl/ordered-map@https://registry.npmjs.org/@js-sdsl/ordered-map/-/ordered-map-4.4.2.tgz. Extracting by manifest.
1755 silly tarball no local data for @jest/transform@https://registry.npmjs.org/@jest/transform/-/transform-30.1.2.tgz. Extracting by manifest.
1756 silly tarball no local data for @jridgewell/sourcemap-codec@https://registry.npmjs.org/@jridgewell/sourcemap-codec/-/sourcemap-codec-1.5.0.tgz. Extracting by manifest.
1757 silly tarball no local data for @jest/snapshot-utils@https://registry.npmjs.org/@jest/snapshot-utils/-/snapshot-utils-30.1.2.tgz. Extracting by manifest.
1758 silly tarball no local data for @jest/schemas@https://registry.npmjs.org/@jest/schemas/-/schemas-30.0.5.tgz. Extracting by manifest.
1759 silly tarball no local data for @jest/reporters@https://registry.npmjs.org/@jest/reporters/-/reporters-30.1.3.tgz. Extracting by manifest.
1760 silly tarball no local data for @jest/globals@https://registry.npmjs.org/@jest/globals/-/globals-30.1.2.tgz. Extracting by manifest.
1761 silly tarball no local data for @jest/test-result@https://registry.npmjs.org/@jest/test-result/-/test-result-30.1.3.tgz. Extracting by manifest.
1762 silly tarball no local data for @jest/pattern@https://registry.npmjs.org/@jest/pattern/-/pattern-30.0.1.tgz. Extracting by manifest.
1763 silly tarball no local data for @jest/get-type@https://registry.npmjs.org/@jest/get-type/-/get-type-30.1.0.tgz. Extracting by manifest.
1764 silly tarball no local data for @jest/fake-timers@https://registry.npmjs.org/@jest/fake-timers/-/fake-timers-30.1.2.tgz. Extracting by manifest.
1765 silly tarball no local data for @jest/expect-utils@https://registry.npmjs.org/@jest/expect-utils/-/expect-utils-30.1.2.tgz. Extracting by manifest.
1766 silly tarball no local data for @jest/environment@https://registry.npmjs.org/@jest/environment/-/environment-30.1.2.tgz. Extracting by manifest.
1767 silly tarball no local data for @jest/expect@https://registry.npmjs.org/@jest/expect/-/expect-30.1.2.tgz. Extracting by manifest.
1768 silly tarball no local data for @jest/core@https://registry.npmjs.org/@jest/core/-/core-30.1.3.tgz. Extracting by manifest.
1769 silly tarball no local data for @jest/diff-sequences@https://registry.npmjs.org/@jest/diff-sequences/-/diff-sequences-30.0.1.tgz. Extracting by manifest.
1770 silly tarball no local data for @istanbuljs/load-nyc-config@https://registry.npmjs.org/@istanbuljs/load-nyc-config/-/load-nyc-config-1.1.0.tgz. Extracting by manifest.
1771 silly tarball no local data for @jest/source-map@https://registry.npmjs.org/@jest/source-map/-/source-map-30.0.1.tgz. Extracting by manifest.
1772 silly tarball no local data for @isaacs/cliui@https://registry.npmjs.org/@isaacs/cliui/-/cliui-8.0.2.tgz. Extracting by manifest.
1773 silly tarball no local data for @istanbuljs/schema@https://registry.npmjs.org/@istanbuljs/schema/-/schema-0.1.3.tgz. Extracting by manifest.
1774 silly tarball no local data for @jest/console@https://registry.npmjs.org/@jest/console/-/console-30.1.2.tgz. Extracting by manifest.
1775 silly tarball no local data for @ioredis/commands@https://registry.npmjs.org/@ioredis/commands/-/commands-1.3.1.tgz. Extracting by manifest.
1776 silly tarball no local data for @google-cloud/promisify@https://registry.npmjs.org/@google-cloud/promisify/-/promisify-4.0.0.tgz. Extracting by manifest.
1777 silly tarball no local data for @google-cloud/projectify@https://registry.npmjs.org/@google-cloud/projectify/-/projectify-4.0.0.tgz. Extracting by manifest.
1778 silly tarball no local data for @google-cloud/paginator@https://registry.npmjs.org/@google-cloud/paginator/-/paginator-5.0.2.tgz. Extracting by manifest.
1779 silly tarball no local data for @floating-ui/react-dom@https://registry.npmjs.org/@floating-ui/react-dom/-/react-dom-2.1.2.tgz. Extracting by manifest.
1780 silly tarball no local data for @grpc/proto-loader@https://registry.npmjs.org/@grpc/proto-loader/-/proto-loader-0.7.15.tgz. Extracting by manifest.
1781 silly tarball no local data for @floating-ui/dom@https://registry.npmjs.org/@floating-ui/dom/-/dom-1.6.13.tgz. Extracting by manifest.
1782 silly tarball no local data for @floating-ui/utils@https://registry.npmjs.org/@floating-ui/utils/-/utils-0.2.9.tgz. Extracting by manifest.
1783 silly tarball no local data for @faker-js/faker@https://registry.npmjs.org/@faker-js/faker/-/faker-5.5.3.tgz. Extracting by manifest.
1784 silly tarball no local data for @esbuild/darwin-arm64@https://registry.npmjs.org/@esbuild/darwin-arm64/-/darwin-arm64-0.25.0.tgz. Extracting by manifest.
1785 silly tarball no local data for @grpc/grpc-js@https://registry.npmjs.org/@grpc/grpc-js/-/grpc-js-1.13.4.tgz. Extracting by manifest.
1786 silly tarball no local data for @colors/colors@https://registry.npmjs.org/@colors/colors/-/colors-1.5.0.tgz. Extracting by manifest.
1787 silly tarball no local data for @bcoe/v8-coverage@https://registry.npmjs.org/@bcoe/v8-coverage/-/v8-coverage-0.2.3.tgz. Extracting by manifest.
1788 silly tarball no local data for @budibase/handlebars-helpers@https://registry.npmjs.org/@budibase/handlebars-helpers/-/handlebars-helpers-0.13.1.tgz. Extracting by manifest.
1789 silly tarball no local data for @babel/traverse@https://registry.npmjs.org/@babel/traverse/-/traverse-7.28.4.tgz. Extracting by manifest.
1790 silly tarball no local data for @anthropic-ai/sdk@https://registry.npmjs.org/@anthropic-ai/sdk/-/sdk-0.37.0.tgz. Extracting by manifest.
1791 silly tarball no local data for @floating-ui/core@https://registry.npmjs.org/@floating-ui/core/-/core-1.6.9.tgz. Extracting by manifest.
1792 silly tarball no local data for @babel/types@https://registry.npmjs.org/@babel/types/-/types-7.28.4.tgz. Extracting by manifest.
1793 silly tarball no local data for @babel/template@https://registry.npmjs.org/@babel/template/-/template-7.27.2.tgz. Extracting by manifest.
1794 silly tarball no local data for @babel/runtime@https://registry.npmjs.org/@babel/runtime/-/runtime-7.27.0.tgz. Extracting by manifest.
1795 silly tarball no local data for @babel/plugin-transform-react-jsx-source@https://registry.npmjs.org/@babel/plugin-transform-react-jsx-source/-/plugin-transform-react-jsx-source-7.25.9.tgz. Extracting by manifest.
1796 silly tarball no local data for @google-cloud/storage@https://registry.npmjs.org/@google-cloud/storage/-/storage-7.17.1.tgz. Extracting by manifest.
1797 silly tarball no local data for @babel/plugin-syntax-typescript@https://registry.npmjs.org/@babel/plugin-syntax-typescript/-/plugin-syntax-typescript-7.27.1.tgz. Extracting by manifest.
1798 silly tarball no local data for @cspotcode/source-map-support@https://registry.npmjs.org/@cspotcode/source-map-support/-/source-map-support-0.8.1.tgz. Extracting by manifest.
1799 silly tarball no local data for @babel/plugin-transform-react-jsx-self@https://registry.npmjs.org/@babel/plugin-transform-react-jsx-self/-/plugin-transform-react-jsx-self-7.25.9.tgz. Extracting by manifest.
1800 silly tarball no local data for @babel/plugin-syntax-optional-chaining@https://registry.npmjs.org/@babel/plugin-syntax-optional-chaining/-/plugin-syntax-optional-chaining-7.8.3.tgz. Extracting by manifest.
1801 silly tarball no local data for @babel/plugin-syntax-optional-catch-binding@https://registry.npmjs.org/@babel/plugin-syntax-optional-catch-binding/-/plugin-syntax-optional-catch-binding-7.8.3.tgz. Extracting by manifest.
1802 silly tarball no local data for @babel/plugin-syntax-nullish-coalescing-operator@https://registry.npmjs.org/@babel/plugin-syntax-nullish-coalescing-operator/-/plugin-syntax-nullish-coalescing-operator-7.8.3.tgz. Extracting by manifest.
1803 silly tarball no local data for @babel/plugin-syntax-numeric-separator@https://registry.npmjs.org/@babel/plugin-syntax-numeric-separator/-/plugin-syntax-numeric-separator-7.10.4.tgz. Extracting by manifest.
1804 silly tarball no local data for @babel/plugin-syntax-private-property-in-object@https://registry.npmjs.org/@babel/plugin-syntax-private-property-in-object/-/plugin-syntax-private-property-in-object-7.14.5.tgz. Extracting by manifest.
1805 silly tarball no local data for @babel/plugin-syntax-object-rest-spread@https://registry.npmjs.org/@babel/plugin-syntax-object-rest-spread/-/plugin-syntax-object-rest-spread-7.8.3.tgz. Extracting by manifest.
1806 silly tarball no local data for @babel/plugin-syntax-jsx@https://registry.npmjs.org/@babel/plugin-syntax-jsx/-/plugin-syntax-jsx-7.27.1.tgz. Extracting by manifest.
1807 silly tarball no local data for @babel/plugin-syntax-top-level-await@https://registry.npmjs.org/@babel/plugin-syntax-top-level-await/-/plugin-syntax-top-level-await-7.14.5.tgz. Extracting by manifest.
1808 silly tarball no local data for @babel/plugin-syntax-json-strings@https://registry.npmjs.org/@babel/plugin-syntax-json-strings/-/plugin-syntax-json-strings-7.8.3.tgz. Extracting by manifest.
1809 silly tarball no local data for @babel/plugin-syntax-class-properties@https://registry.npmjs.org/@babel/plugin-syntax-class-properties/-/plugin-syntax-class-properties-7.12.13.tgz. Extracting by manifest.
1810 silly tarball no local data for @babel/plugin-syntax-import-attributes@https://registry.npmjs.org/@babel/plugin-syntax-import-attributes/-/plugin-syntax-import-attributes-7.27.1.tgz. Extracting by manifest.
1811 silly tarball no local data for @babel/plugin-syntax-class-static-block@https://registry.npmjs.org/@babel/plugin-syntax-class-static-block/-/plugin-syntax-class-static-block-7.14.5.tgz. Extracting by manifest.
1812 silly tarball no local data for @babel/parser@https://registry.npmjs.org/@babel/parser/-/parser-7.28.4.tgz. Extracting by manifest.
1813 silly tarball no local data for @babel/plugin-syntax-async-generators@https://registry.npmjs.org/@babel/plugin-syntax-async-generators/-/plugin-syntax-async-generators-7.8.4.tgz. Extracting by manifest.
1814 silly tarball no local data for @babel/helpers@https://registry.npmjs.org/@babel/helpers/-/helpers-7.28.4.tgz. Extracting by manifest.
1815 silly tarball no local data for @babel/plugin-syntax-import-meta@https://registry.npmjs.org/@babel/plugin-syntax-import-meta/-/plugin-syntax-import-meta-7.10.4.tgz. Extracting by manifest.
1816 silly tarball no local data for @babel/plugin-syntax-bigint@https://registry.npmjs.org/@babel/plugin-syntax-bigint/-/plugin-syntax-bigint-7.8.3.tgz. Extracting by manifest.
1817 silly tarball no local data for @babel/helper-plugin-utils@https://registry.npmjs.org/@babel/helper-plugin-utils/-/helper-plugin-utils-7.27.1.tgz. Extracting by manifest.
1818 silly tarball no local data for @babel/helper-module-transforms@https://registry.npmjs.org/@babel/helper-module-transforms/-/helper-module-transforms-7.28.3.tgz. Extracting by manifest.
1819 silly tarball no local data for @babel/helper-validator-identifier@https://registry.npmjs.org/@babel/helper-validator-identifier/-/helper-validator-identifier-7.27.1.tgz. Extracting by manifest.
1820 silly tarball no local data for @babel/helper-module-imports@https://registry.npmjs.org/@babel/helper-module-imports/-/helper-module-imports-7.27.1.tgz. Extracting by manifest.
1821 silly tarball no local data for @babel/compat-data@https://registry.npmjs.org/@babel/compat-data/-/compat-data-7.28.4.tgz. Extracting by manifest.
1822 silly tarball no local data for @babel/code-frame@https://registry.npmjs.org/@babel/code-frame/-/code-frame-7.27.1.tgz. Extracting by manifest.
1823 silly tarball no local data for @babel/generator@https://registry.npmjs.org/@babel/generator/-/generator-7.28.3.tgz. Extracting by manifest.
1824 silly tarball no local data for zod-validation-error@https://registry.npmjs.org/zod-validation-error/-/zod-validation-error-3.4.0.tgz. Extracting by manifest.
1825 silly tarball no local data for @babel/core@https://registry.npmjs.org/@babel/core/-/core-7.28.4.tgz. Extracting by manifest.
1826 silly tarball no local data for zod@https://registry.npmjs.org/zod/-/zod-3.24.2.tgz. Extracting by manifest.
1827 silly tarball no local data for yocto-queue@https://registry.npmjs.org/yocto-queue/-/yocto-queue-0.1.0.tgz. Extracting by manifest.
1828 silly tarball no local data for yaml@https://registry.npmjs.org/yaml/-/yaml-2.6.0.tgz. Extracting by manifest.
1829 silly tarball no local data for yargs-parser@https://registry.npmjs.org/yargs-parser/-/yargs-parser-21.1.1.tgz. Extracting by manifest.
1830 silly tarball no local data for yargs@https://registry.npmjs.org/yargs/-/yargs-17.7.2.tgz. Extracting by manifest.
1831 silly tarball no local data for xmlbuilder@https://registry.npmjs.org/xmlbuilder/-/xmlbuilder-15.1.1.tgz. Extracting by manifest.
1832 silly tarball no local data for y18n@https://registry.npmjs.org/y18n/-/y18n-5.0.8.tgz. Extracting by manifest.
1833 silly tarball no local data for xml-js@https://registry.npmjs.org/xml-js/-/xml-js-1.6.11.tgz. Extracting by manifest.
1834 silly tarball no local data for @babel/plugin-syntax-logical-assignment-operators@https://registry.npmjs.org/@babel/plugin-syntax-logical-assignment-operators/-/plugin-syntax-logical-assignment-operators-7.10.4.tgz. Extracting by manifest.
1835 silly tarball no local data for xml@https://registry.npmjs.org/xml/-/xml-1.0.1.tgz. Extracting by manifest.
1836 silly tarball no local data for ws@https://registry.npmjs.org/ws/-/ws-8.18.0.tgz. Extracting by manifest.
1837 silly tarball no local data for wrappy@https://registry.npmjs.org/wrappy/-/wrappy-1.0.2.tgz. Extracting by manifest.
1838 silly tarball no local data for wrap-ansi@https://registry.npmjs.org/wrap-ansi/-/wrap-ansi-8.1.0.tgz. Extracting by manifest.
1839 silly tarball no local data for wrap-ansi-cjs@https://registry.npmjs.org/wrap-ansi/-/wrap-ansi-7.0.0.tgz. Extracting by manifest.
1840 silly tarball no local data for yn@https://registry.npmjs.org/yn/-/yn-3.1.1.tgz. Extracting by manifest.
1841 silly tarball no local data for wordwrap@https://registry.npmjs.org/wordwrap/-/wordwrap-1.0.0.tgz. Extracting by manifest.
1842 silly tarball no local data for wouter@https://registry.npmjs.org/wouter/-/wouter-3.3.5.tgz. Extracting by manifest.
1843 silly tarball no local data for which@https://registry.npmjs.org/which/-/which-2.0.2.tgz. Extracting by manifest.
1844 silly tarball no local data for write-file-atomic@https://registry.npmjs.org/write-file-atomic/-/write-file-atomic-5.0.1.tgz. Extracting by manifest.
1845 silly tarball no local data for webidl-conversions@https://registry.npmjs.org/webidl-conversions/-/webidl-conversions-3.0.1.tgz. Extracting by manifest.
1846 silly tarball no local data for word-wrap@https://registry.npmjs.org/word-wrap/-/word-wrap-1.2.5.tgz. Extracting by manifest.
1847 silly tarball no local data for @babel/helper-compilation-targets@https://registry.npmjs.org/@babel/helper-compilation-targets/-/helper-compilation-targets-7.27.2.tgz. Extracting by manifest.
1848 silly tarball no local data for web-streams-polyfill@https://registry.npmjs.org/web-streams-polyfill/-/web-streams-polyfill-4.0.0-beta.3.tgz. Extracting by manifest.
1849 silly tarball no local data for walker@https://registry.npmjs.org/walker/-/walker-1.0.8.tgz. Extracting by manifest.
1850 silly tarball no local data for vite@https://registry.npmjs.org/vite/-/vite-5.4.19.tgz. Extracting by manifest.
1851 silly tarball no local data for verror@https://registry.npmjs.org/verror/-/verror-1.10.0.tgz. Extracting by manifest.
1852 silly tarball no local data for v8-to-istanbul@https://registry.npmjs.org/v8-to-istanbul/-/v8-to-istanbul-9.3.0.tgz. Extracting by manifest.
1853 silly tarball no local data for v8-compile-cache-lib@https://registry.npmjs.org/v8-compile-cache-lib/-/v8-compile-cache-lib-3.0.1.tgz. Extracting by manifest.
1854 silly tarball no local data for web-push@https://registry.npmjs.org/web-push/-/web-push-3.6.7.tgz. Extracting by manifest.
1855 silly tarball no local data for uuid@https://registry.npmjs.org/uuid/-/uuid-9.0.1.tgz. Extracting by manifest.
1856 silly tarball no local data for utrie@https://registry.npmjs.org/utrie/-/utrie-1.0.2.tgz. Extracting by manifest.
1857 silly tarball no local data for url-parse@https://registry.npmjs.org/url-parse/-/url-parse-1.5.10.tgz. Extracting by manifest.
1858 silly tarball no local data for whatwg-url@https://registry.npmjs.org/whatwg-url/-/whatwg-url-5.0.0.tgz. Extracting by manifest.
1859 silly tarball no local data for uvm@https://registry.npmjs.org/uvm/-/uvm-2.1.1.tgz. Extracting by manifest.
1860 silly tarball no local data for uri-js@https://registry.npmjs.org/uri-js/-/uri-js-4.4.1.tgz. Extracting by manifest.
1861 silly tarball no local data for update-browserslist-db@https://registry.npmjs.org/update-browserslist-db/-/update-browserslist-db-1.1.1.tgz. Extracting by manifest.
1862 silly tarball no local data for unrs-resolver@https://registry.npmjs.org/unrs-resolver/-/unrs-resolver-1.11.1.tgz. Extracting by manifest.
1863 silly tarball no local data for universalify@https://registry.npmjs.org/universalify/-/universalify-0.2.0.tgz. Extracting by manifest.
1864 silly tarball no local data for use-sync-external-store@https://registry.npmjs.org/use-sync-external-store/-/use-sync-external-store-1.2.2.tgz. Extracting by manifest.
1865 silly tarball no local data for uglify-js@https://registry.npmjs.org/uglify-js/-/uglify-js-3.19.3.tgz. Extracting by manifest.
1866 silly tarball no local data for underscore@https://registry.npmjs.org/underscore/-/underscore-1.12.1.tgz. Extracting by manifest.
1867 silly tarball no local data for type-detect@https://registry.npmjs.org/type-detect/-/type-detect-4.0.8.tgz. Extracting by manifest.
1868 silly tarball no local data for typeof-article@https://registry.npmjs.org/typeof-article/-/typeof-article-0.1.1.tgz. Extracting by manifest.
1869 silly tarball no local data for type-fest@https://registry.npmjs.org/type-fest/-/type-fest-0.21.3.tgz. Extracting by manifest.
1870 silly tarball no local data for tweetnacl@https://registry.npmjs.org/tweetnacl/-/tweetnacl-0.14.5.tgz. Extracting by manifest.
1871 silly tarball no local data for tw-animate-css@https://registry.npmjs.org/tw-animate-css/-/tw-animate-css-1.2.5.tgz. Extracting by manifest.
1872 silly tarball no local data for type@https://registry.npmjs.org/type/-/type-2.7.3.tgz. Extracting by manifest.
1873 silly tarball no local data for ts-node@https://registry.npmjs.org/ts-node/-/ts-node-10.9.2.tgz. Extracting by manifest.
1874 silly tarball no local data for tr46@https://registry.npmjs.org/tr46/-/tr46-0.0.3.tgz. Extracting by manifest.
1875 silly tarball no local data for ts-jest@https://registry.npmjs.org/ts-jest/-/ts-jest-29.4.1.tgz. Extracting by manifest.
1876 silly tarball no local data for tmpl@https://registry.npmjs.org/tmpl/-/tmpl-1.0.5.tgz. Extracting by manifest.
1877 silly tarball no local data for timers-ext@https://registry.npmjs.org/timers-ext/-/timers-ext-0.1.8.tgz. Extracting by manifest.
1878 silly tarball no local data for text-segmentation@https://registry.npmjs.org/text-segmentation/-/text-segmentation-1.0.3.tgz. Extracting by manifest.
1879 silly tarball no local data for teleport-javascript@https://registry.npmjs.org/teleport-javascript/-/teleport-javascript-1.0.0.tgz. Extracting by manifest.
1880 silly tarball no local data for to-gfm-code-block@https://registry.npmjs.org/to-gfm-code-block/-/to-gfm-code-block-0.1.1.tgz. Extracting by manifest.
1881 silly tarball no local data for tapable@https://registry.npmjs.org/tapable/-/tapable-2.2.1.tgz. Extracting by manifest.
1882 silly tarball no local data for test-exclude@https://registry.npmjs.org/test-exclude/-/test-exclude-6.0.0.tgz. Extracting by manifest.
1883 silly tarball no local data for tailwindcss@https://registry.npmjs.org/tailwindcss/-/tailwindcss-3.4.17.tgz. Extracting by manifest.
1884 silly tarball no local data for tailwind-merge@https://registry.npmjs.org/tailwind-merge/-/tailwind-merge-2.6.0.tgz. Extracting by manifest.
1885 silly tarball no local data for synckit@https://registry.npmjs.org/synckit/-/synckit-0.11.11.tgz. Extracting by manifest.
1886 silly tarball no local data for svg-pathdata@https://registry.npmjs.org/svg-pathdata/-/svg-pathdata-6.0.3.tgz. Extracting by manifest.
1887 silly tarball no local data for teeny-request@https://registry.npmjs.org/teeny-request/-/teeny-request-9.0.0.tgz. Extracting by manifest.
1888 silly tarball no local data for supports-color@https://registry.npmjs.org/supports-color/-/supports-color-7.2.0.tgz. Extracting by manifest.
1889 silly tarball no local data for supertest@https://registry.npmjs.org/supertest/-/supertest-7.1.4.tgz. Extracting by manifest.
1890 silly tarball no local data for sucrase@https://registry.npmjs.org/sucrase/-/sucrase-3.35.0.tgz. Extracting by manifest.
1891 silly tarball no local data for stubs@https://registry.npmjs.org/stubs/-/stubs-3.0.0.tgz. Extracting by manifest.
1892 silly tarball no local data for striptags@https://registry.npmjs.org/striptags/-/striptags-3.2.0.tgz. Extracting by manifest.
1893 silly tarball no local data for superagent@https://registry.npmjs.org/superagent/-/superagent-10.2.3.tgz. Extracting by manifest.
1894 silly tarball no local data for strip-json-comments@https://registry.npmjs.org/strip-json-comments/-/strip-json-comments-3.1.1.tgz. Extracting by manifest.
1895 silly tarball no local data for strnum@https://registry.npmjs.org/strnum/-/strnum-1.1.2.tgz. Extracting by manifest.
1896 silly tarball no local data for strip-bom@https://registry.npmjs.org/strip-bom/-/strip-bom-4.0.0.tgz. Extracting by manifest.
1897 silly tarball no local data for strip-final-newline@https://registry.npmjs.org/strip-final-newline/-/strip-final-newline-2.0.0.tgz. Extracting by manifest.
1898 silly tarball no local data for tsx@https://registry.npmjs.org/tsx/-/tsx-4.19.2.tgz. Extracting by manifest.
1899 silly tarball no local data for string-width-cjs@https://registry.npmjs.org/string-width/-/string-width-4.2.3.tgz. Extracting by manifest.
1900 silly tarball no local data for strip-ansi-cjs@https://registry.npmjs.org/strip-ansi/-/strip-ansi-6.0.1.tgz. Extracting by manifest.
1901 silly tarball no local data for string-width@https://registry.npmjs.org/string-width/-/string-width-5.1.2.tgz. Extracting by manifest.
1902 silly tarball no local data for stripe@https://registry.npmjs.org/stripe/-/stripe-18.5.0.tgz. Extracting by manifest.
1903 silly tarball no local data for strip-ansi@https://registry.npmjs.org/strip-ansi/-/strip-ansi-7.1.0.tgz. Extracting by manifest.
1904 silly tarball no local data for string-length@https://registry.npmjs.org/string-length/-/string-length-4.0.2.tgz. Extracting by manifest.
1905 silly tarball no local data for stream-shift@https://registry.npmjs.org/stream-shift/-/stream-shift-1.0.3.tgz. Extracting by manifest.
1906 silly tarball no local data for stream-events@https://registry.npmjs.org/stream-events/-/stream-events-1.0.5.tgz. Extracting by manifest.
1907 silly tarball no local data for statuses@https://registry.npmjs.org/statuses/-/statuses-2.0.1.tgz. Extracting by manifest.
1908 silly tarball no local data for standard-as-callback@https://registry.npmjs.org/standard-as-callback/-/standard-as-callback-2.1.0.tgz. Extracting by manifest.
1909 silly tarball no local data for stream-length@https://registry.npmjs.org/stream-length/-/stream-length-1.0.2.tgz. Extracting by manifest.
1910 silly tarball no local data for string_decoder@https://registry.npmjs.org/string_decoder/-/string_decoder-1.1.1.tgz. Extracting by manifest.
1911 silly tarball no local data for stackblur-canvas@https://registry.npmjs.org/stackblur-canvas/-/stackblur-canvas-2.7.0.tgz. Extracting by manifest.
1912 silly tarball no local data for stack-utils@https://registry.npmjs.org/stack-utils/-/stack-utils-2.0.6.tgz. Extracting by manifest.
1913 silly tarball no local data for sprintf-js@https://registry.npmjs.org/sprintf-js/-/sprintf-js-1.0.3.tgz. Extracting by manifest.
1914 silly tarball no local data for signal-exit@https://registry.npmjs.org/signal-exit/-/signal-exit-4.1.0.tgz. Extracting by manifest.
1915 silly tarball no local data for slash@https://registry.npmjs.org/slash/-/slash-3.0.0.tgz. Extracting by manifest.
1916 silly tarball no local data for side-channel@https://registry.npmjs.org/side-channel/-/side-channel-1.0.6.tgz. Extracting by manifest.
1917 silly tarball no local data for shebang-regex@https://registry.npmjs.org/shebang-regex/-/shebang-regex-3.0.0.tgz. Extracting by manifest.
1918 silly tarball no local data for shebang-command@https://registry.npmjs.org/shebang-command/-/shebang-command-2.0.0.tgz. Extracting by manifest.
1919 silly tarball no local data for setimmediate@https://registry.npmjs.org/setimmediate/-/setimmediate-1.0.5.tgz. Extracting by manifest.
1920 silly tarball no local data for set-function-length@https://registry.npmjs.org/set-function-length/-/set-function-length-1.2.2.tgz. Extracting by manifest.
1921 silly tarball no local data for serve-static@https://registry.npmjs.org/serve-static/-/serve-static-1.16.2.tgz. Extracting by manifest.
1922 silly tarball no local data for self-closing-tags@https://registry.npmjs.org/self-closing-tags/-/self-closing-tags-1.0.1.tgz. Extracting by manifest.
1923 silly tarball no local data for serialised-error@https://registry.npmjs.org/serialised-error/-/serialised-error-1.1.3.tgz. Extracting by manifest.
1924 silly tarball no local data for sax@https://registry.npmjs.org/sax/-/sax-1.4.1.tgz. Extracting by manifest.
1925 silly tarball no local data for rollup@https://registry.npmjs.org/rollup/-/rollup-4.24.4.tgz. Extracting by manifest.
1926 silly tarball no local data for rgbcolor@https://registry.npmjs.org/rgbcolor/-/rgbcolor-1.0.1.tgz. Extracting by manifest.
1927 silly tarball no local data for reusify@https://registry.npmjs.org/reusify/-/reusify-1.0.4.tgz. Extracting by manifest.
1928 silly tarball no local data for retry-request@https://registry.npmjs.org/retry-request/-/retry-request-7.0.2.tgz. Extracting by manifest.
1929 silly tarball no local data for retry@https://registry.npmjs.org/retry/-/retry-0.13.1.tgz. Extracting by manifest.
1930 silly tarball no local data for resolve-cwd@https://registry.npmjs.org/resolve-cwd/-/resolve-cwd-3.0.0.tgz. Extracting by manifest.
1931 silly tarball no local data for resolve-from@https://registry.npmjs.org/resolve-from/-/resolve-from-5.0.0.tgz. Extracting by manifest.
1932 silly tarball no local data for requires-port@https://registry.npmjs.org/requires-port/-/requires-port-1.0.0.tgz. Extracting by manifest.
1933 silly tarball no local data for send@https://registry.npmjs.org/send/-/send-0.19.0.tgz. Extracting by manifest.
1934 silly tarball no local data for require-in-the-middle@https://registry.npmjs.org/require-in-the-middle/-/require-in-the-middle-7.5.2.tgz. Extracting by manifest.
1935 silly tarball no local data for resolve@https://registry.npmjs.org/resolve/-/resolve-1.22.8.tgz. Extracting by manifest.
1936 silly tarball no local data for require-directory@https://registry.npmjs.org/require-directory/-/require-directory-2.1.1.tgz. Extracting by manifest.
1937 silly tarball no local data for relative@https://registry.npmjs.org/relative/-/relative-3.0.2.tgz. Extracting by manifest.
1938 silly tarball no local data for regenerator-runtime@https://registry.npmjs.org/regenerator-runtime/-/regenerator-runtime-0.14.1.tgz. Extracting by manifest.
1939 silly tarball no local data for redis-errors@https://registry.npmjs.org/redis-errors/-/redis-errors-1.2.0.tgz. Extracting by manifest.
1940 silly tarball no local data for redis-parser@https://registry.npmjs.org/redis-parser/-/redis-parser-3.0.0.tgz. Extracting by manifest.
1941 silly tarball no local data for recharts@https://registry.npmjs.org/recharts/-/recharts-2.15.2.tgz. Extracting by manifest.
1942 silly tarball no local data for readable-stream@https://registry.npmjs.org/readable-stream/-/readable-stream-2.3.8.tgz. Extracting by manifest.
1943 silly tarball no local data for react-resizable-panels@https://registry.npmjs.org/react-resizable-panels/-/react-resizable-panels-2.1.7.tgz. Extracting by manifest.
1944 silly tarball no local data for react-remove-scroll@https://registry.npmjs.org/react-remove-scroll/-/react-remove-scroll-2.6.3.tgz. Extracting by manifest.
1945 silly tarball no local data for react-refresh@https://registry.npmjs.org/react-refresh/-/react-refresh-0.14.2.tgz. Extracting by manifest.
1946 silly tarball no local data for react-hook-form@https://registry.npmjs.org/react-hook-form/-/react-hook-form-7.55.0.tgz. Extracting by manifest.
1947 silly tarball no local data for raw-body@https://registry.npmjs.org/raw-body/-/raw-body-2.5.2.tgz. Extracting by manifest.
1948 silly tarball no local data for querystringify@https://registry.npmjs.org/querystringify/-/querystringify-2.2.0.tgz. Extracting by manifest.
1949 silly tarball no local data for qs@https://registry.npmjs.org/qs/-/qs-6.13.0.tgz. Extracting by manifest.
1950 silly tarball no local data for sshpk@https://registry.npmjs.org/sshpk/-/sshpk-1.18.0.tgz. Extracting by manifest.
1951 silly tarball no local data for raf@https://registry.npmjs.org/raf/-/raf-3.4.1.tgz. Extracting by manifest.
1952 silly tarball no local data for stack-trace@https://registry.npmjs.org/stack-trace/-/stack-trace-0.0.9.tgz. Extracting by manifest.
1953 silly tarball no local data for pure-rand@https://registry.npmjs.org/pure-rand/-/pure-rand-7.0.1.tgz. Extracting by manifest.
1954 silly tarball no local data for punycode@https://registry.npmjs.org/punycode/-/punycode-2.3.1.tgz. Extracting by manifest.
1955 silly tarball no local data for process-nextick-args@https://registry.npmjs.org/process-nextick-args/-/process-nextick-args-2.0.1.tgz. Extracting by manifest.
1956 silly tarball no local data for protobufjs@https://registry.npmjs.org/protobufjs/-/protobufjs-7.5.4.tgz. Extracting by manifest.
1957 silly tarball no local data for pretty-format@https://registry.npmjs.org/pretty-format/-/pretty-format-30.0.5.tgz. Extracting by manifest.
1958 silly tarball no local data for pretty-ms@https://registry.npmjs.org/pretty-ms/-/pretty-ms-7.0.1.tgz. Extracting by manifest.
1959 silly tarball no local data for psl@https://registry.npmjs.org/psl/-/psl-1.15.0.tgz. Extracting by manifest.
1960 silly tarball no local data for postman-sandbox@https://registry.npmjs.org/postman-sandbox/-/postman-sandbox-4.7.1.tgz. Extracting by manifest.
1961 silly tarball no local data for postman-url-encoder@https://registry.npmjs.org/postman-url-encoder/-/postman-url-encoder-3.0.5.tgz. Extracting by manifest.
1962 silly tarball no local data for react-icons@https://registry.npmjs.org/react-icons/-/react-icons-5.4.0.tgz. Extracting by manifest.
1963 silly tarball no local data for postman-collection-transformer@https://registry.npmjs.org/postman-collection-transformer/-/postman-collection-transformer-4.1.8.tgz. Extracting by manifest.
1964 silly tarball no local data for postman-collection@https://registry.npmjs.org/postman-collection/-/postman-collection-4.4.0.tgz. Extracting by manifest.
1965 silly tarball no local data for postcss-load-config@https://registry.npmjs.org/postcss-load-config/-/postcss-load-config-4.0.2.tgz. Extracting by manifest.
1966 silly tarball no local data for postman-request@https://registry.npmjs.org/postman-request/-/postman-request-2.88.1-postman.34.tgz. Extracting by manifest.
1967 silly tarball no local data for postcss-js@https://registry.npmjs.org/postcss-js/-/postcss-js-4.0.1.tgz. Extracting by manifest.
1968 silly tarball no local data for postcss@https://registry.npmjs.org/postcss/-/postcss-8.4.47.tgz. Extracting by manifest.
1969 silly tarball no local data for postgres-array@https://registry.npmjs.org/postgres-array/-/postgres-array-3.0.2.tgz. Extracting by manifest.
1970 silly tarball no local data for playwright-core@https://registry.npmjs.org/playwright-core/-/playwright-core-1.55.0.tgz. Extracting by manifest.
1971 silly tarball no local data for postman-runtime@https://registry.npmjs.org/postman-runtime/-/postman-runtime-7.39.1.tgz. Extracting by manifest.
1972 silly tarball no local data for pg-types@https://registry.npmjs.org/pg-types/-/pg-types-4.0.2.tgz. Extracting by manifest.
1973 silly tarball no local data for pg-connection-string@https://registry.npmjs.org/pg-connection-string/-/pg-connection-string-2.7.0.tgz. Extracting by manifest.
1974 silly tarball no local data for pkg-dir@https://registry.npmjs.org/pkg-dir/-/pkg-dir-4.2.0.tgz. Extracting by manifest.
1975 silly tarball no local data for playwright@https://registry.npmjs.org/playwright/-/playwright-1.55.0.tgz. Extracting by manifest.
1976 silly tarball no local data for performance-now@https://registry.npmjs.org/performance-now/-/performance-now-2.1.0.tgz. Extracting by manifest.
1977 silly tarball no local data for pg-pool@https://registry.npmjs.org/pg-pool/-/pg-pool-3.7.0.tgz. Extracting by manifest.
1978 silly tarball no local data for pg@https://registry.npmjs.org/pg/-/pg-8.13.1.tgz. Extracting by manifest.
1979 silly tarball no local data for pg-protocol@https://registry.npmjs.org/pg-protocol/-/pg-protocol-1.7.0.tgz. Extracting by manifest.
1980 silly tarball no local data for pg-cloudflare@https://registry.npmjs.org/pg-cloudflare/-/pg-cloudflare-1.1.1.tgz. Extracting by manifest.
1981 silly tarball no local data for path-is-absolute@https://registry.npmjs.org/path-is-absolute/-/path-is-absolute-1.0.1.tgz. Extracting by manifest.
1982 silly tarball no local data for parse-ms@https://registry.npmjs.org/parse-ms/-/parse-ms-2.1.0.tgz. Extracting by manifest.
1983 silly tarball no local data for path-scurry@https://registry.npmjs.org/path-scurry/-/path-scurry-1.11.1.tgz. Extracting by manifest.
1984 silly tarball no local data for path-exists@https://registry.npmjs.org/path-exists/-/path-exists-4.0.0.tgz. Extracting by manifest.
1985 silly tarball no local data for parse-json@https://registry.npmjs.org/parse-json/-/parse-json-5.2.0.tgz. Extracting by manifest.
1986 silly tarball no local data for package-json-from-dist@https://registry.npmjs.org/package-json-from-dist/-/package-json-from-dist-1.0.1.tgz. Extracting by manifest.
1987 silly tarball no local data for pako@https://registry.npmjs.org/pako/-/pako-2.1.0.tgz. Extracting by manifest.
1988 silly tarball no local data for p-locate@https://registry.npmjs.org/p-locate/-/p-locate-4.1.0.tgz. Extracting by manifest.
1989 silly tarball no local data for p-try@https://registry.npmjs.org/p-try/-/p-try-2.2.0.tgz. Extracting by manifest.
1990 silly tarball no local data for path-key@https://registry.npmjs.org/path-key/-/path-key-3.1.1.tgz. Extracting by manifest.
1991 silly tarball no local data for openid-client@https://registry.npmjs.org/openid-client/-/openid-client-6.7.1.tgz. Extracting by manifest.
1992 silly tarball no local data for once@https://registry.npmjs.org/once/-/once-1.4.0.tgz. Extracting by manifest.
1993 silly tarball no local data for object-inspect@https://registry.npmjs.org/object-inspect/-/object-inspect-1.13.2.tgz. Extracting by manifest.
1994 silly tarball no local data for p-limit@https://registry.npmjs.org/p-limit/-/p-limit-3.1.0.tgz. Extracting by manifest.
1995 silly tarball no local data for openai@https://registry.npmjs.org/openai/-/openai-5.20.0.tgz. Extracting by manifest.
1996 silly tarball no local data for oauth4webapi@https://registry.npmjs.org/oauth4webapi/-/oauth4webapi-3.8.1.tgz. Extracting by manifest.
1997 silly tarball no local data for npm-run-path@https://registry.npmjs.org/npm-run-path/-/npm-run-path-4.0.1.tgz. Extracting by manifest.
1998 silly tarball no local data for normalize-range@https://registry.npmjs.org/normalize-range/-/normalize-range-0.1.2.tgz. Extracting by manifest.
1999 silly tarball no local data for node-releases@https://registry.npmjs.org/node-releases/-/node-releases-2.0.18.tgz. Extracting by manifest.
2000 silly tarball no local data for node-oauth1@https://registry.npmjs.org/node-oauth1/-/node-oauth1-1.3.0.tgz. Extracting by manifest.
2001 silly tarball no local data for oauth-sign@https://registry.npmjs.org/oauth-sign/-/oauth-sign-0.9.0.tgz. Extracting by manifest.
2002 silly tarball no local data for node-int64@https://registry.npmjs.org/node-int64/-/node-int64-0.4.0.tgz. Extracting by manifest.
2003 silly tarball no local data for node-gyp-build-optional-packages@https://registry.npmjs.org/node-gyp-build-optional-packages/-/node-gyp-build-optional-packages-5.2.2.tgz. Extracting by manifest.
2004 silly tarball no local data for node-gyp-build@https://registry.npmjs.org/node-gyp-build/-/node-gyp-build-4.8.3.tgz. Extracting by manifest.
2005 silly tarball no local data for node-fetch@https://registry.npmjs.org/node-fetch/-/node-fetch-2.7.0.tgz. Extracting by manifest.
2006 silly tarball no local data for onetime@https://registry.npmjs.org/onetime/-/onetime-5.1.2.tgz. Extracting by manifest.
2007 silly tarball no local data for node-domexception@https://registry.npmjs.org/node-domexception/-/node-domexception-1.0.0.tgz. Extracting by manifest.
2008 silly tarball no local data for node-abort-controller@https://registry.npmjs.org/node-abort-controller/-/node-abort-controller-3.1.1.tgz. Extracting by manifest.
2009 silly tarball no local data for newman@https://registry.npmjs.org/newman/-/newman-6.2.1.tgz. Extracting by manifest.
2010 silly tarball no local data for next-tick@https://registry.npmjs.org/next-tick/-/next-tick-1.1.0.tgz. Extracting by manifest.
2011 silly tarball no local data for newman-reporter-htmlextra@https://registry.npmjs.org/newman-reporter-htmlextra/-/newman-reporter-htmlextra-1.23.1.tgz. Extracting by manifest.
2012 silly tarball no local data for napi-postinstall@https://registry.npmjs.org/napi-postinstall/-/napi-postinstall-0.3.3.tgz. Extracting by manifest.
2013 silly tarball no local data for nanoid@https://registry.npmjs.org/nanoid/-/nanoid-3.3.8.tgz. Extracting by manifest.
2014 silly tarball no local data for msgpackr-extract@https://registry.npmjs.org/msgpackr-extract/-/msgpackr-extract-3.0.3.tgz. Extracting by manifest.
2015 silly tarball no local data for node-forge@https://registry.npmjs.org/node-forge/-/node-forge-1.3.1.tgz. Extracting by manifest.
2016 silly tarball no local data for natural-compare@https://registry.npmjs.org/natural-compare/-/natural-compare-1.4.0.tgz. Extracting by manifest.
2017 silly tarball no local data for neo-async@https://registry.npmjs.org/neo-async/-/neo-async-2.6.2.tgz. Extracting by manifest.
2018 silly tarball no local data for motion-utils@https://registry.npmjs.org/motion-utils/-/motion-utils-11.13.0.tgz. Extracting by manifest.
2019 silly tarball no local data for moment-timezone@https://registry.npmjs.org/moment-timezone/-/moment-timezone-0.5.35.tgz. Extracting by manifest.
2020 silly tarball no local data for moment@https://registry.npmjs.org/moment/-/moment-2.30.1.tgz. Extracting by manifest.
2021 silly tarball no local data for module-details-from-path@https://registry.npmjs.org/module-details-from-path/-/module-details-from-path-1.0.4.tgz. Extracting by manifest.
2022 silly tarball no local data for modern-screenshot@https://registry.npmjs.org/modern-screenshot/-/modern-screenshot-4.6.0.tgz. Extracting by manifest.
2023 silly tarball no local data for mkdirp@https://registry.npmjs.org/mkdirp/-/mkdirp-3.0.1.tgz. Extracting by manifest.
2024 silly tarball no local data for minipass@https://registry.npmjs.org/minipass/-/minipass-7.1.2.tgz. Extracting by manifest.
2025 silly tarball no local data for minimatch@https://registry.npmjs.org/minimatch/-/minimatch-9.0.5.tgz. Extracting by manifest.
2026 silly tarball no local data for minimalistic-assert@https://registry.npmjs.org/minimalistic-assert/-/minimalistic-assert-1.0.1.tgz. Extracting by manifest.
2027 silly tarball no local data for motion-dom@https://registry.npmjs.org/motion-dom/-/motion-dom-11.13.0.tgz. Extracting by manifest.
2028 silly tarball no local data for mimic-fn@https://registry.npmjs.org/mimic-fn/-/mimic-fn-2.1.0.tgz. Extracting by manifest.
2029 silly tarball no local data for msgpackr@https://registry.npmjs.org/msgpackr/-/msgpackr-1.11.5.tgz. Extracting by manifest.
2030 silly tarball no local data for makeerror@https://registry.npmjs.org/makeerror/-/makeerror-1.0.12.tgz. Extracting by manifest.
2031 silly tarball no local data for merge-stream@https://registry.npmjs.org/merge-stream/-/merge-stream-2.0.0.tgz. Extracting by manifest.
2032 silly tarball no local data for memoizee@https://registry.npmjs.org/memoizee/-/memoizee-0.4.17.tgz. Extracting by manifest.
2033 silly tarball no local data for make-error@https://registry.npmjs.org/make-error/-/make-error-1.3.6.tgz. Extracting by manifest.
2034 silly tarball no local data for magic-string@https://registry.npmjs.org/magic-string/-/magic-string-0.30.17.tgz. Extracting by manifest.
2035 silly tarball no local data for make-dir@https://registry.npmjs.org/make-dir/-/make-dir-4.0.0.tgz. Extracting by manifest.
2036 silly tarball no local data for lru-queue@https://registry.npmjs.org/lru-queue/-/lru-queue-0.1.0.tgz. Extracting by manifest.
2037 silly tarball no local data for luxon@https://registry.npmjs.org/luxon/-/luxon-3.7.2.tgz. Extracting by manifest.
2038 silly tarball no local data for lodash.merge@https://registry.npmjs.org/lodash.merge/-/lodash.merge-4.6.2.tgz. Extracting by manifest.
2039 silly tarball no local data for mime-format@https://registry.npmjs.org/mime-format/-/mime-format-2.0.1.tgz. Extracting by manifest.
2040 silly tarball no local data for long@https://registry.npmjs.org/long/-/long-5.3.2.tgz. Extracting by manifest.
2041 silly tarball no local data for lodash.isplainobject@https://registry.npmjs.org/lodash.isplainobject/-/lodash.isplainobject-4.0.6.tgz. Extracting by manifest.
2042 silly tarball no local data for lodash.defaults@https://registry.npmjs.org/lodash.defaults/-/lodash.defaults-4.2.0.tgz. Extracting by manifest.
2043 silly tarball no local data for lodash.castarray@https://registry.npmjs.org/lodash.castarray/-/lodash.castarray-4.4.0.tgz. Extracting by manifest.
2044 silly tarball no local data for lodash.camelcase@https://registry.npmjs.org/lodash.camelcase/-/lodash.camelcase-4.3.0.tgz. Extracting by manifest.
2045 silly tarball no local data for lodash.memoize@https://registry.npmjs.org/lodash.memoize/-/lodash.memoize-4.1.2.tgz. Extracting by manifest.
2046 silly tarball no local data for lodash@https://registry.npmjs.org/lodash/-/lodash-4.17.21.tgz. Extracting by manifest.
2047 silly tarball no local data for lodash.isarguments@https://registry.npmjs.org/lodash.isarguments/-/lodash.isarguments-3.1.0.tgz. Extracting by manifest.
2048 silly tarball no local data for liquid-json@https://registry.npmjs.org/liquid-json/-/liquid-json-0.3.1.tgz. Extracting by manifest.
2049 silly tarball no local data for lightningcss@https://registry.npmjs.org/lightningcss/-/lightningcss-1.29.2.tgz. Extracting by manifest.
2050 silly tarball no local data for lightningcss-darwin-arm64@https://registry.npmjs.org/lightningcss-darwin-arm64/-/lightningcss-darwin-arm64-1.29.2.tgz. Extracting by manifest.
2051 silly tarball no local data for leven@https://registry.npmjs.org/leven/-/leven-3.1.0.tgz. Extracting by manifest.
2052 silly tarball no local data for kind-of@https://registry.npmjs.org/kind-of/-/kind-of-6.0.3.tgz. Extracting by manifest.
2053 silly tarball no local data for locate-path@https://registry.npmjs.org/locate-path/-/locate-path-5.0.0.tgz. Extracting by manifest.
2054 silly tarball no local data for jws@https://registry.npmjs.org/jws/-/jws-4.0.0.tgz. Extracting by manifest.
2055 silly tarball no local data for jsprim@https://registry.npmjs.org/jsprim/-/jsprim-2.0.2.tgz. Extracting by manifest.
2056 silly tarball no local data for lie@https://registry.npmjs.org/lie/-/lie-3.3.0.tgz. Extracting by manifest.
2057 silly tarball no local data for jspdf@https://registry.npmjs.org/jspdf/-/jspdf-3.0.2.tgz. Extracting by manifest.
2058 silly tarball no local data for json-stringify-safe@https://registry.npmjs.org/json-stringify-safe/-/json-stringify-safe-5.0.1.tgz. Extracting by manifest.
2059 silly tarball no local data for jszip@https://registry.npmjs.org/jszip/-/jszip-3.10.1.tgz. Extracting by manifest.
2060 silly tarball no local data for json-schema-traverse@https://registry.npmjs.org/json-schema-traverse/-/json-schema-traverse-0.4.1.tgz. Extracting by manifest.
2061 silly tarball no local data for json-parse-even-better-errors@https://registry.npmjs.org/json-parse-even-better-errors/-/json-parse-even-better-errors-2.3.1.tgz. Extracting by manifest.
2062 silly tarball no local data for json-bigint@https://registry.npmjs.org/json-bigint/-/json-bigint-1.0.0.tgz. Extracting by manifest.
2063 silly tarball no local data for jsesc@https://registry.npmjs.org/jsesc/-/jsesc-3.0.2.tgz. Extracting by manifest.
2064 silly tarball no local data for jsbn@https://registry.npmjs.org/jsbn/-/jsbn-0.1.1.tgz. Extracting by manifest.
2065 silly tarball no local data for json-schema@https://registry.npmjs.org/json-schema/-/json-schema-0.4.0.tgz. Extracting by manifest.
2066 silly tarball no local data for js-md4@https://registry.npmjs.org/js-md4/-/js-md4-0.3.2.tgz. Extracting by manifest.
2067 silly tarball no local data for jose@https://registry.npmjs.org/jose/-/jose-6.1.0.tgz. Extracting by manifest.
2068 silly tarball no local data for js-yaml@https://registry.npmjs.org/js-yaml/-/js-yaml-3.14.1.tgz. Extracting by manifest.
2069 silly tarball no local data for jest-worker@https://registry.npmjs.org/jest-worker/-/jest-worker-30.1.0.tgz. Extracting by manifest.
2070 silly tarball no local data for jest-watcher@https://registry.npmjs.org/jest-watcher/-/jest-watcher-30.1.3.tgz. Extracting by manifest.
2071 silly tarball no local data for jest-validate@https://registry.npmjs.org/jest-validate/-/jest-validate-30.1.0.tgz. Extracting by manifest.
2072 silly tarball no local data for jiti@https://registry.npmjs.org/jiti/-/jiti-1.21.6.tgz. Extracting by manifest.
2073 silly tarball no local data for jest-runtime@https://registry.npmjs.org/jest-runtime/-/jest-runtime-30.1.3.tgz. Extracting by manifest.
2074 silly tarball no local data for jest-runner@https://registry.npmjs.org/jest-runner/-/jest-runner-30.1.3.tgz. Extracting by manifest.
2075 silly tarball no local data for jest-resolve-dependencies@https://registry.npmjs.org/jest-resolve-dependencies/-/jest-resolve-dependencies-30.1.3.tgz. Extracting by manifest.
2076 silly tarball no local data for jest-regex-util@https://registry.npmjs.org/jest-regex-util/-/jest-regex-util-30.0.1.tgz. Extracting by manifest.
2077 silly tarball no local data for jest-resolve@https://registry.npmjs.org/jest-resolve/-/jest-resolve-30.1.3.tgz. Extracting by manifest.
2078 silly tarball no local data for jest-util@https://registry.npmjs.org/jest-util/-/jest-util-30.0.5.tgz. Extracting by manifest.
2079 silly tarball no local data for jest-snapshot@https://registry.npmjs.org/jest-snapshot/-/jest-snapshot-30.1.2.tgz. Extracting by manifest.
2080 silly tarball no local data for jest-message-util@https://registry.npmjs.org/jest-message-util/-/jest-message-util-30.1.0.tgz. Extracting by manifest.
2081 silly tarball no local data for jest-leak-detector@https://registry.npmjs.org/jest-leak-detector/-/jest-leak-detector-30.1.0.tgz. Extracting by manifest.
2082 silly tarball no local data for jest-matcher-utils@https://registry.npmjs.org/jest-matcher-utils/-/jest-matcher-utils-30.1.2.tgz. Extracting by manifest.
2083 silly tarball no local data for jest-junit@https://registry.npmjs.org/jest-junit/-/jest-junit-16.0.0.tgz. Extracting by manifest.
2084 silly tarball no local data for jest-changed-files@https://registry.npmjs.org/jest-changed-files/-/jest-changed-files-30.0.5.tgz. Extracting by manifest.
2085 silly tarball no local data for jest-each@https://registry.npmjs.org/jest-each/-/jest-each-30.1.0.tgz. Extracting by manifest.
2086 silly tarball no local data for jest-environment-node@https://registry.npmjs.org/jest-environment-node/-/jest-environment-node-30.1.2.tgz. Extracting by manifest.
2087 silly tarball no local data for jest-haste-map@https://registry.npmjs.org/jest-haste-map/-/jest-haste-map-30.1.0.tgz. Extracting by manifest.
2088 silly tarball no local data for jest-docblock@https://registry.npmjs.org/jest-docblock/-/jest-docblock-30.0.1.tgz. Extracting by manifest.
2089 silly tarball no local data for jest-diff@https://registry.npmjs.org/jest-diff/-/jest-diff-30.1.2.tgz. Extracting by manifest.
2090 silly tarball no local data for jest-config@https://registry.npmjs.org/jest-config/-/jest-config-30.1.3.tgz. Extracting by manifest.
2091 silly tarball no local data for jest-cli@https://registry.npmjs.org/jest-cli/-/jest-cli-30.1.3.tgz. Extracting by manifest.
2092 silly tarball no local data for jest-circus@https://registry.npmjs.org/jest-circus/-/jest-circus-30.1.3.tgz. Extracting by manifest.
2093 silly tarball no local data for jest@https://registry.npmjs.org/jest/-/jest-30.1.3.tgz. Extracting by manifest.
2094 silly tarball no local data for jackspeak@https://registry.npmjs.org/jackspeak/-/jackspeak-3.4.3.tgz. Extracting by manifest.
2095 silly tarball no local data for istanbul-reports@https://registry.npmjs.org/istanbul-reports/-/istanbul-reports-3.2.0.tgz. Extracting by manifest.
2096 silly tarball no local data for istanbul-lib-source-maps@https://registry.npmjs.org/istanbul-lib-source-maps/-/istanbul-lib-source-maps-5.0.6.tgz. Extracting by manifest.
2097 silly tarball no local data for istanbul-lib-report@https://registry.npmjs.org/istanbul-lib-report/-/istanbul-lib-report-3.0.1.tgz. Extracting by manifest.
2098 silly tarball no local data for istanbul-lib-instrument@https://registry.npmjs.org/istanbul-lib-instrument/-/istanbul-lib-instrument-6.0.3.tgz. Extracting by manifest.
2099 silly tarball no local data for istanbul-lib-coverage@https://registry.npmjs.org/istanbul-lib-coverage/-/istanbul-lib-coverage-3.2.2.tgz. Extracting by manifest.
2100 silly tarball no local data for js-sha512@https://registry.npmjs.org/js-sha512/-/js-sha512-0.9.0.tgz. Extracting by manifest.
2101 silly tarball no local data for jest-pnp-resolver@https://registry.npmjs.org/jest-pnp-resolver/-/jest-pnp-resolver-1.2.3.tgz. Extracting by manifest.
2102 silly tarball no local data for isobject@https://registry.npmjs.org/isobject/-/isobject-0.2.0.tgz. Extracting by manifest.
2103 silly tarball no local data for isarray@https://registry.npmjs.org/isarray/-/isarray-1.0.0.tgz. Extracting by manifest.
2104 silly tarball no local data for isexe@https://registry.npmjs.org/isexe/-/isexe-2.0.0.tgz. Extracting by manifest.
2105 silly tarball no local data for is-stream@https://registry.npmjs.org/is-stream/-/is-stream-2.0.1.tgz. Extracting by manifest.
2106 silly tarball no local data for is-typedarray@https://registry.npmjs.org/is-typedarray/-/is-typedarray-1.0.0.tgz. Extracting by manifest.
2107 silly tarball no local data for is-self-closing@https://registry.npmjs.org/is-self-closing/-/is-self-closing-1.0.1.tgz. Extracting by manifest.
2108 silly tarball no local data for is-generator-fn@https://registry.npmjs.org/is-generator-fn/-/is-generator-fn-2.1.0.tgz. Extracting by manifest.
2109 silly tarball no local data for isstream@https://registry.npmjs.org/isstream/-/isstream-0.1.2.tgz. Extracting by manifest.
2110 silly tarball no local data for is-core-module@https://registry.npmjs.org/is-core-module/-/is-core-module-2.15.1.tgz. Extracting by manifest.
2111 silly tarball no local data for is-buffer@https://registry.npmjs.org/is-buffer/-/is-buffer-1.1.6.tgz. Extracting by manifest.
2112 silly tarball no local data for is-arrayish@https://registry.npmjs.org/is-arrayish/-/is-arrayish-0.2.1.tgz. Extracting by manifest.
2113 silly tarball no local data for ip-address@https://registry.npmjs.org/ip-address/-/ip-address-10.0.1.tgz. Extracting by manifest.
2114 silly tarball no local data for is-promise@https://registry.npmjs.org/is-promise/-/is-promise-2.2.2.tgz. Extracting by manifest.
2115 silly tarball no local data for iobuffer@https://registry.npmjs.org/iobuffer/-/iobuffer-5.4.0.tgz. Extracting by manifest.
2116 silly tarball no local data for is-fullwidth-code-point@https://registry.npmjs.org/is-fullwidth-code-point/-/is-fullwidth-code-point-3.0.0.tgz. Extracting by manifest.
2117 silly tarball no local data for inflight@https://registry.npmjs.org/inflight/-/inflight-1.0.6.tgz. Extracting by manifest.
2118 silly tarball no local data for import-local@https://registry.npmjs.org/import-local/-/import-local-3.2.0.tgz. Extracting by manifest.
2119 silly tarball no local data for import-in-the-middle@https://registry.npmjs.org/import-in-the-middle/-/import-in-the-middle-1.14.2.tgz. Extracting by manifest.
2120 silly tarball no local data for humanize-ms@https://registry.npmjs.org/humanize-ms/-/humanize-ms-1.2.1.tgz. Extracting by manifest.
2121 silly tarball no local data for imurmurhash@https://registry.npmjs.org/imurmurhash/-/imurmurhash-0.1.4.tgz. Extracting by manifest.
2122 silly tarball no local data for human-signals@https://registry.npmjs.org/human-signals/-/human-signals-2.1.0.tgz. Extracting by manifest.
2123 silly tarball no local data for httpreq@https://registry.npmjs.org/httpreq/-/httpreq-1.1.1.tgz. Extracting by manifest.
2124 silly tarball no local data for httpntlm@https://registry.npmjs.org/httpntlm/-/httpntlm-1.8.13.tgz. Extracting by manifest.
2125 silly tarball no local data for ioredis@https://registry.npmjs.org/ioredis/-/ioredis-5.7.0.tgz. Extracting by manifest.
2126 silly tarball no local data for http-signature@https://registry.npmjs.org/http-signature/-/http-signature-1.3.6.tgz. Extracting by manifest.
2127 silly tarball no local data for http_ece@https://registry.npmjs.org/http_ece/-/http_ece-1.2.0.tgz. Extracting by manifest.
2128 silly tarball no local data for http-proxy-agent@https://registry.npmjs.org/http-proxy-agent/-/http-proxy-agent-5.0.0.tgz. Extracting by manifest.
2129 silly tarball no local data for http-reasons@https://registry.npmjs.org/http-reasons/-/http-reasons-0.1.0.tgz. Extracting by manifest.
2130 silly tarball no local data for http-errors@https://registry.npmjs.org/http-errors/-/http-errors-2.0.0.tgz. Extracting by manifest.
2131 silly tarball no local data for https-proxy-agent@https://registry.npmjs.org/https-proxy-agent/-/https-proxy-agent-7.0.6.tgz. Extracting by manifest.
2132 silly tarball no local data for html-tag@https://registry.npmjs.org/html-tag/-/html-tag-2.0.0.tgz. Extracting by manifest.
2133 silly tarball no local data for html-escaper@https://registry.npmjs.org/html-escaper/-/html-escaper-2.0.2.tgz. Extracting by manifest.
2134 silly tarball no local data for immediate@https://registry.npmjs.org/immediate/-/immediate-3.0.6.tgz. Extracting by manifest.
2135 silly tarball no local data for helmet@https://registry.npmjs.org/helmet/-/helmet-8.1.0.tgz. Extracting by manifest.
2136 silly tarball no local data for hash.js@https://registry.npmjs.org/hash.js/-/hash.js-1.1.7.tgz. Extracting by manifest.
2137 silly tarball no local data for html-entities@https://registry.npmjs.org/html-entities/-/html-entities-2.6.0.tgz. Extracting by manifest.
2138 silly tarball no local data for has-values@https://registry.npmjs.org/has-values/-/has-values-2.0.1.tgz. Extracting by manifest.
2139 silly tarball no local data for has-value@https://registry.npmjs.org/has-value/-/has-value-2.0.2.tgz. Extracting by manifest.
2140 silly tarball no local data for has-tostringtag@https://registry.npmjs.org/has-tostringtag/-/has-tostringtag-1.0.2.tgz. Extracting by manifest.
2141 silly tarball no local data for has-property-descriptors@https://registry.npmjs.org/has-property-descriptors/-/has-property-descriptors-1.0.2.tgz. Extracting by manifest.
2142 silly tarball no local data for has-flag@https://registry.npmjs.org/has-flag/-/has-flag-4.0.0.tgz. Extracting by manifest.
2143 silly tarball no local data for har-validator@https://registry.npmjs.org/har-validator/-/har-validator-5.1.5.tgz. Extracting by manifest.
2144 silly tarball no local data for html2canvas@https://registry.npmjs.org/html2canvas/-/html2canvas-1.4.1.tgz. Extracting by manifest.
2145 silly tarball no local data for handlebars-utils@https://registry.npmjs.org/handlebars-utils/-/handlebars-utils-1.0.6.tgz. Extracting by manifest.
2146 silly tarball no local data for handlebars@https://registry.npmjs.org/handlebars/-/handlebars-4.7.8.tgz. Extracting by manifest.
2147 silly tarball no local data for har-schema@https://registry.npmjs.org/har-schema/-/har-schema-2.0.0.tgz. Extracting by manifest.
2148 silly tarball no local data for glob@https://registry.npmjs.org/glob/-/glob-10.4.5.tgz. Extracting by manifest.
2149 silly tarball no local data for google-auth-library@https://registry.npmjs.org/google-auth-library/-/google-auth-library-10.3.0.tgz. Extracting by manifest.
2150 silly tarball no local data for google-logging-utils@https://registry.npmjs.org/google-logging-utils/-/google-logging-utils-1.1.1.tgz. Extracting by manifest.
2151 silly tarball no local data for get-value@https://registry.npmjs.org/get-value/-/get-value-3.0.1.tgz. Extracting by manifest.
2152 silly tarball no local data for gtoken@https://registry.npmjs.org/gtoken/-/gtoken-8.0.0.tgz. Extracting by manifest.
2153 silly tarball no local data for get-tsconfig@https://registry.npmjs.org/get-tsconfig/-/get-tsconfig-4.8.1.tgz. Extracting by manifest.
2154 silly tarball no local data for get-stream@https://registry.npmjs.org/get-stream/-/get-stream-6.0.1.tgz. Extracting by manifest.
2155 silly tarball no local data for getpass@https://registry.npmjs.org/getpass/-/getpass-0.1.7.tgz. Extracting by manifest.
2156 silly tarball no local data for get-object@https://registry.npmjs.org/get-object/-/get-object-0.2.0.tgz. Extracting by manifest.
2157 silly tarball no local data for get-caller-file@https://registry.npmjs.org/get-caller-file/-/get-caller-file-2.0.5.tgz. Extracting by manifest.
2158 silly tarball no local data for get-package-type@https://registry.npmjs.org/get-package-type/-/get-package-type-0.1.0.tgz. Extracting by manifest.
2159 silly tarball no local data for gcp-metadata@https://registry.npmjs.org/gcp-metadata/-/gcp-metadata-7.0.1.tgz. Extracting by manifest.
2160 silly tarball no local data for fs.realpath@https://registry.npmjs.org/fs.realpath/-/fs.realpath-1.0.0.tgz. Extracting by manifest.
2161 silly tarball no local data for fraction.js@https://registry.npmjs.org/fraction.js/-/fraction.js-4.3.7.tgz. Extracting by manifest.
2162 silly tarball no local data for gaxios@https://registry.npmjs.org/gaxios/-/gaxios-6.7.1.tgz. Extracting by manifest.
2163 silly tarball no local data for formidable@https://registry.npmjs.org/formidable/-/formidable-3.5.4.tgz. Extracting by manifest.
2164 silly tarball no local data for formdata-node@https://registry.npmjs.org/formdata-node/-/formdata-node-4.4.1.tgz. Extracting by manifest.
2165 silly tarball no local data for framer-motion@https://registry.npmjs.org/framer-motion/-/framer-motion-11.13.1.tgz. Extracting by manifest.
2166 silly tarball no local data for form-data-encoder@https://registry.npmjs.org/form-data-encoder/-/form-data-encoder-1.7.2.tgz. Extracting by manifest.
2167 silly tarball no local data for forever-agent@https://registry.npmjs.org/forever-agent/-/forever-agent-0.6.1.tgz. Extracting by manifest.
2168 silly tarball no local data for formdata-polyfill@https://registry.npmjs.org/formdata-polyfill/-/formdata-polyfill-4.0.10.tgz. Extracting by manifest.
2169 silly tarball no local data for foreground-child@https://registry.npmjs.org/foreground-child/-/foreground-child-3.3.0.tgz. Extracting by manifest.
2170 silly tarball no local data for flatted@https://registry.npmjs.org/flatted/-/flatted-3.2.6.tgz. Extracting by manifest.
2171 silly tarball no local data for find-up@https://registry.npmjs.org/find-up/-/find-up-4.1.0.tgz. Extracting by manifest.
2172 silly tarball no local data for filesize@https://registry.npmjs.org/filesize/-/filesize-10.1.4.tgz. Extracting by manifest.
2173 silly tarball no local data for finalhandler@https://registry.npmjs.org/finalhandler/-/finalhandler-1.3.1.tgz. Extracting by manifest.
2174 silly tarball no local data for form-data@https://registry.npmjs.org/form-data/-/form-data-4.0.4.tgz. Extracting by manifest.
2175 silly tarball no local data for fetch-blob@https://registry.npmjs.org/fetch-blob/-/fetch-blob-3.2.0.tgz. Extracting by manifest.
2176 silly tarball no local data for fastq@https://registry.npmjs.org/fastq/-/fastq-1.17.1.tgz. Extracting by manifest.
2177 silly tarball no local data for fflate@https://registry.npmjs.org/fflate/-/fflate-0.8.2.tgz. Extracting by manifest.
2178 silly tarball no local data for fb-watchman@https://registry.npmjs.org/fb-watchman/-/fb-watchman-2.0.2.tgz. Extracting by manifest.
2179 silly tarball no local data for file-type@https://registry.npmjs.org/file-type/-/file-type-3.9.0.tgz. Extracting by manifest.
2180 silly tarball no local data for fast-safe-stringify@https://registry.npmjs.org/fast-safe-stringify/-/fast-safe-stringify-2.1.1.tgz. Extracting by manifest.
2181 silly tarball no local data for fast-json-stable-stringify@https://registry.npmjs.org/fast-json-stable-stringify/-/fast-json-stable-stringify-2.1.0.tgz. Extracting by manifest.
2182 silly tarball no local data for fast-glob@https://registry.npmjs.org/fast-glob/-/fast-glob-3.3.2.tgz. Extracting by manifest.
2183 silly tarball no local data for fast-deep-equal@https://registry.npmjs.org/fast-deep-equal/-/fast-deep-equal-3.1.3.tgz. Extracting by manifest.
2184 silly tarball no local data for extsprintf@https://registry.npmjs.org/extsprintf/-/extsprintf-1.3.0.tgz. Extracting by manifest.
2185 silly tarball no local data for fast-equals@https://registry.npmjs.org/fast-equals/-/fast-equals-5.2.2.tgz. Extracting by manifest.
2186 silly tarball no local data for fast-xml-parser@https://registry.npmjs.org/fast-xml-parser/-/fast-xml-parser-4.5.3.tgz. Extracting by manifest.
2187 silly tarball no local data for extend@https://registry.npmjs.org/extend/-/extend-3.0.2.tgz. Extracting by manifest.
2188 silly tarball no local data for express-session@https://registry.npmjs.org/express-session/-/express-session-1.18.2.tgz. Extracting by manifest.
2189 silly tarball no local data for ext@https://registry.npmjs.org/ext/-/ext-1.7.0.tgz. Extracting by manifest.
2190 silly tarball no local data for express-rate-limit@https://registry.npmjs.org/express-rate-limit/-/express-rate-limit-8.1.0.tgz. Extracting by manifest.
2191 silly tarball no local data for jwa@https://registry.npmjs.org/jwa/-/jwa-2.0.1.tgz. Extracting by manifest.
2192 silly tarball no local data for exit-x@https://registry.npmjs.org/exit-x/-/exit-x-0.2.2.tgz. Extracting by manifest.
2193 silly tarball no local data for execa@https://registry.npmjs.org/execa/-/execa-5.1.1.tgz. Extracting by manifest.
2194 silly tarball no local data for expect@https://registry.npmjs.org/expect/-/expect-30.1.2.tgz. Extracting by manifest.
2195 silly tarball no local data for eventsource-parser@https://registry.npmjs.org/eventsource-parser/-/eventsource-parser-3.0.6.tgz. Extracting by manifest.
2196 silly tarball no local data for eventsource@https://registry.npmjs.org/eventsource/-/eventsource-4.0.0.tgz. Extracting by manifest.
2197 silly tarball no local data for event-emitter@https://registry.npmjs.org/event-emitter/-/event-emitter-0.3.5.tgz. Extracting by manifest.
2198 silly tarball no local data for esprima@https://registry.npmjs.org/esprima/-/esprima-4.0.1.tgz. Extracting by manifest.
2199 silly tarball no local data for escape-string-regexp@https://registry.npmjs.org/escape-string-regexp/-/escape-string-regexp-2.0.0.tgz. Extracting by manifest.
2200 silly tarball no local data for esniff@https://registry.npmjs.org/esniff/-/esniff-2.0.1.tgz. Extracting by manifest.
2201 silly tarball no local data for event-target-shim@https://registry.npmjs.org/event-target-shim/-/event-target-shim-5.0.1.tgz. Extracting by manifest.
2202 silly tarball no local data for express@https://registry.npmjs.org/express/-/express-4.21.2.tgz. Extracting by manifest.
2203 silly tarball no local data for esbuild@https://registry.npmjs.org/esbuild/-/esbuild-0.25.0.tgz. Extracting by manifest.
2204 silly tarball no local data for es6-symbol@https://registry.npmjs.org/es6-symbol/-/es6-symbol-3.1.4.tgz. Extracting by manifest.
2205 silly tarball no local data for es6-iterator@https://registry.npmjs.org/es6-iterator/-/es6-iterator-2.0.3.tgz. Extracting by manifest.
2206 silly tarball no local data for es5-ext@https://registry.npmjs.org/es5-ext/-/es5-ext-0.10.64.tgz. Extracting by manifest.
2207 silly tarball no local data for es6-weak-map@https://registry.npmjs.org/es6-weak-map/-/es6-weak-map-2.0.3.tgz. Extracting by manifest.
2208 silly tarball no local data for es-set-tostringtag@https://registry.npmjs.org/es-set-tostringtag/-/es-set-tostringtag-2.1.0.tgz. Extracting by manifest.
2209 silly tarball no local data for error-ex@https://registry.npmjs.org/error-ex/-/error-ex-1.3.2.tgz. Extracting by manifest.
2210 silly tarball no local data for emoji-regex@https://registry.npmjs.org/emoji-regex/-/emoji-regex-9.2.2.tgz. Extracting by manifest.
2211 silly tarball no local data for end-of-stream@https://registry.npmjs.org/end-of-stream/-/end-of-stream-1.4.5.tgz. Extracting by manifest.
2212 silly tarball no local data for enhanced-resolve@https://registry.npmjs.org/enhanced-resolve/-/enhanced-resolve-5.18.1.tgz. Extracting by manifest.
2213 silly tarball no local data for emittery@https://registry.npmjs.org/emittery/-/emittery-0.13.1.tgz. Extracting by manifest.
2214 silly tarball no local data for ecc-jsbn@https://registry.npmjs.org/ecc-jsbn/-/ecc-jsbn-0.1.2.tgz. Extracting by manifest.
2215 silly tarball no local data for electron-to-chromium@https://registry.npmjs.org/electron-to-chromium/-/electron-to-chromium-1.5.51.tgz. Extracting by manifest.
2216 silly tarball no local data for ecdsa-sig-formatter@https://registry.npmjs.org/ecdsa-sig-formatter/-/ecdsa-sig-formatter-1.0.11.tgz. Extracting by manifest.
2217 silly tarball no local data for duplexify@https://registry.npmjs.org/duplexify/-/duplexify-4.1.3.tgz. Extracting by manifest.
2218 silly tarball no local data for drizzle-zod@https://registry.npmjs.org/drizzle-zod/-/drizzle-zod-0.7.0.tgz. Extracting by manifest.
2219 silly tarball no local data for drizzle-orm@https://registry.npmjs.org/drizzle-orm/-/drizzle-orm-0.39.1.tgz. Extracting by manifest.
2220 silly tarball no local data for eastasianwidth@https://registry.npmjs.org/eastasianwidth/-/eastasianwidth-0.2.0.tgz. Extracting by manifest.
2221 silly tarball no local data for drizzle-kit@https://registry.npmjs.org/drizzle-kit/-/drizzle-kit-0.30.4.tgz. Extracting by manifest.
2222 silly tarball no local data for dompurify@https://registry.npmjs.org/dompurify/-/dompurify-3.2.6.tgz. Extracting by manifest.
2223 silly tarball no local data for diff@https://registry.npmjs.org/diff/-/diff-4.0.2.tgz. Extracting by manifest.
2224 silly tarball no local data for detect-libc@https://registry.npmjs.org/detect-libc/-/detect-libc-2.0.3.tgz. Extracting by manifest.
2225 silly tarball no local data for dezalgo@https://registry.npmjs.org/dezalgo/-/dezalgo-1.0.4.tgz. Extracting by manifest.
2226 silly tarball no local data for des.js@https://registry.npmjs.org/des.js/-/des.js-1.1.0.tgz. Extracting by manifest.
2227 silly tarball no local data for detect-newline@https://registry.npmjs.org/detect-newline/-/detect-newline-3.1.0.tgz. Extracting by manifest.
2228 silly tarball no local data for delayed-stream@https://registry.npmjs.org/delayed-stream/-/delayed-stream-1.0.0.tgz. Extracting by manifest.
2229 silly tarball no local data for define-data-property@https://registry.npmjs.org/define-data-property/-/define-data-property-1.1.4.tgz. Extracting by manifest.
2230 silly tarball no local data for deepmerge@https://registry.npmjs.org/deepmerge/-/deepmerge-4.3.1.tgz. Extracting by manifest.
2231 silly tarball no local data for dedent@https://registry.npmjs.org/dedent/-/dedent-1.7.0.tgz. Extracting by manifest.
2232 silly tarball no local data for debug@https://registry.npmjs.org/debug/-/debug-4.3.7.tgz. Extracting by manifest.
2233 silly tarball no local data for denque@https://registry.npmjs.org/denque/-/denque-2.1.0.tgz. Extracting by manifest.
2234 silly tarball no local data for data-uri-to-buffer@https://registry.npmjs.org/data-uri-to-buffer/-/data-uri-to-buffer-4.0.1.tgz. Extracting by manifest.
2235 silly tarball no local data for csstype@https://registry.npmjs.org/csstype/-/csstype-3.1.3.tgz. Extracting by manifest.
2236 silly tarball no local data for fast-png@https://registry.npmjs.org/fast-png/-/fast-png-6.4.0.tgz. Extracting by manifest.
2237 silly tarball no local data for d3-format@https://registry.npmjs.org/d3-format/-/d3-format-3.1.0.tgz. Extracting by manifest.
2238 silly tarball no local data for csv-parse@https://registry.npmjs.org/csv-parse/-/csv-parse-4.16.3.tgz. Extracting by manifest.
2239 silly tarball no local data for css-line-break@https://registry.npmjs.org/css-line-break/-/css-line-break-2.1.0.tgz. Extracting by manifest.
2240 silly tarball no local data for cookie@https://registry.npmjs.org/cookie/-/cookie-0.7.1.tgz. Extracting by manifest.
2241 silly tarball no local data for cron-parser@https://registry.npmjs.org/cron-parser/-/cron-parser-4.9.0.tgz. Extracting by manifest.
2242 silly tarball no local data for create-require@https://registry.npmjs.org/create-require/-/create-require-1.1.1.tgz. Extracting by manifest.
2243 silly tarball no local data for core-util-is@https://registry.npmjs.org/core-util-is/-/core-util-is-1.0.2.tgz. Extracting by manifest.
2244 silly tarball no local data for cross-spawn@https://registry.npmjs.org/cross-spawn/-/cross-spawn-7.0.6.tgz. Extracting by manifest.
2245 silly tarball no local data for core-js@https://registry.npmjs.org/core-js/-/core-js-3.45.1.tgz. Extracting by manifest.
2246 silly tarball no local data for cookie-signature@https://registry.npmjs.org/cookie-signature/-/cookie-signature-1.0.6.tgz. Extracting by manifest.
2247 silly tarball no local data for component-emitter@https://registry.npmjs.org/component-emitter/-/component-emitter-1.3.1.tgz. Extracting by manifest.
2248 silly tarball no local data for combined-stream@https://registry.npmjs.org/combined-stream/-/combined-stream-1.0.8.tgz. Extracting by manifest.
2249 silly tarball no local data for cookiejar@https://registry.npmjs.org/cookiejar/-/cookiejar-2.1.4.tgz. Extracting by manifest.
2250 silly tarball no local data for colors@https://registry.npmjs.org/colors/-/colors-1.4.0.tgz. Extracting by manifest.
2251 silly tarball no local data for concat-map@https://registry.npmjs.org/concat-map/-/concat-map-0.0.1.tgz. Extracting by manifest.
2252 silly tarball no local data for jest-mock@https://registry.npmjs.org/jest-mock/-/jest-mock-30.0.5.tgz. Extracting by manifest.
2253 silly tarball no local data for cluster-key-slot@https://registry.npmjs.org/cluster-key-slot/-/cluster-key-slot-1.1.2.tgz. Extracting by manifest.
2254 silly tarball no local data for collect-v8-coverage@https://registry.npmjs.org/collect-v8-coverage/-/collect-v8-coverage-1.0.2.tgz. Extracting by manifest.
2255 silly tarball no local data for co@https://registry.npmjs.org/co/-/co-4.6.0.tgz. Extracting by manifest.
2256 silly tarball no local data for dashdash@https://registry.npmjs.org/dashdash/-/dashdash-1.14.1.tgz. Extracting by manifest.
2257 silly tarball no local data for docx@https://registry.npmjs.org/docx/-/docx-9.5.1.tgz. Extracting by manifest.
2258 silly tarball no local data for cliui@https://registry.npmjs.org/cliui/-/cliui-8.0.1.tgz. Extracting by manifest.
2259 silly tarball no local data for cli-table3@https://registry.npmjs.org/cli-table3/-/cli-table3-0.6.5.tgz. Extracting by manifest.
2260 silly tarball no local data for cjs-module-lexer@https://registry.npmjs.org/cjs-module-lexer/-/cjs-module-lexer-2.1.0.tgz. Extracting by manifest.
2261 silly tarball no local data for cli-progress@https://registry.npmjs.org/cli-progress/-/cli-progress-3.12.0.tgz. Extracting by manifest.
2262 silly tarball no local data for ci-info@https://registry.npmjs.org/ci-info/-/ci-info-4.3.0.tgz. Extracting by manifest.
2263 silly tarball no local data for caseless@https://registry.npmjs.org/caseless/-/caseless-0.12.0.tgz. Extracting by manifest.
2264 silly tarball no local data for color-name@https://registry.npmjs.org/color-name/-/color-name-1.1.4.tgz. Extracting by manifest.
2265 silly tarball no local data for charset@https://registry.npmjs.org/charset/-/charset-1.0.1.tgz. Extracting by manifest.
2266 silly tarball no local data for chardet@https://registry.npmjs.org/chardet/-/chardet-2.0.0.tgz. Extracting by manifest.
2267 silly tarball no local data for chalk@https://registry.npmjs.org/chalk/-/chalk-4.1.2.tgz. Extracting by manifest.
2268 silly tarball no local data for caniuse-lite@https://registry.npmjs.org/caniuse-lite/-/caniuse-lite-1.0.30001741.tgz. Extracting by manifest.
2269 silly tarball no local data for camelcase@https://registry.npmjs.org/camelcase/-/camelcase-5.3.1.tgz. Extracting by manifest.
2270 silly tarball no local data for callsites@https://registry.npmjs.org/callsites/-/callsites-3.1.0.tgz. Extracting by manifest.
2271 silly tarball no local data for char-regex@https://registry.npmjs.org/char-regex/-/char-regex-1.0.2.tgz. Extracting by manifest.
2272 silly tarball no local data for canvg@https://registry.npmjs.org/canvg/-/canvg-3.0.11.tgz. Extracting by manifest.
2273 silly tarball no local data for bullmq@https://registry.npmjs.org/bullmq/-/bullmq-5.58.5.tgz. Extracting by manifest.
2274 silly tarball no local data for bufferutil@https://registry.npmjs.org/bufferutil/-/bufferutil-4.0.8.tgz. Extracting by manifest.
2275 silly tarball no local data for bser@https://registry.npmjs.org/bser/-/bser-2.1.1.tgz. Extracting by manifest.
2276 silly tarball no local data for browserslist@https://registry.npmjs.org/browserslist/-/browserslist-4.24.2.tgz. Extracting by manifest.
2277 silly tarball no local data for d@https://registry.npmjs.org/d/-/d-1.0.2.tgz. Extracting by manifest.
2278 silly tarball no local data for call-bind@https://registry.npmjs.org/call-bind/-/call-bind-1.0.7.tgz. Extracting by manifest.
2279 silly tarball no local data for color-convert@https://registry.npmjs.org/color-convert/-/color-convert-2.0.1.tgz. Extracting by manifest.
2280 silly tarball no local data for brace-expansion@https://registry.npmjs.org/brace-expansion/-/brace-expansion-2.0.1.tgz. Extracting by manifest.
2281 silly tarball no local data for body-parser@https://registry.npmjs.org/body-parser/-/body-parser-1.20.3.tgz. Extracting by manifest.
2282 silly tarball no local data for brotli@https://registry.npmjs.org/brotli/-/brotli-1.3.3.tgz. Extracting by manifest.
2283 silly tarball no local data for bn.js@https://registry.npmjs.org/bn.js/-/bn.js-4.12.2.tgz. Extracting by manifest.
2284 silly tarball no local data for bluebird@https://registry.npmjs.org/bluebird/-/bluebird-2.11.0.tgz. Extracting by manifest.
2285 silly tarball no local data for buffer-equal-constant-time@https://registry.npmjs.org/buffer-equal-constant-time/-/buffer-equal-constant-time-1.0.1.tgz. Extracting by manifest.
2286 silly tarball no local data for bcryptjs@https://registry.npmjs.org/bcryptjs/-/bcryptjs-3.0.2.tgz. Extracting by manifest.
2287 silly tarball no local data for bignumber.js@https://registry.npmjs.org/bignumber.js/-/bignumber.js-9.3.1.tgz. Extracting by manifest.
2288 silly tarball no local data for bcrypt-pbkdf@https://registry.npmjs.org/bcrypt-pbkdf/-/bcrypt-pbkdf-1.0.2.tgz. Extracting by manifest.
2289 silly tarball no local data for bs-logger@https://registry.npmjs.org/bs-logger/-/bs-logger-0.2.6.tgz. Extracting by manifest.
2290 silly tarball no local data for base64-arraybuffer@https://registry.npmjs.org/base64-arraybuffer/-/base64-arraybuffer-1.0.2.tgz. Extracting by manifest.
2291 silly tarball no local data for babel-preset-jest@https://registry.npmjs.org/babel-preset-jest/-/babel-preset-jest-30.0.1.tgz. Extracting by manifest.
2292 silly tarball no local data for babel-preset-current-node-syntax@https://registry.npmjs.org/babel-preset-current-node-syntax/-/babel-preset-current-node-syntax-1.2.0.tgz. Extracting by manifest.
2293 silly tarball no local data for babel-plugin-jest-hoist@https://registry.npmjs.org/babel-plugin-jest-hoist/-/babel-plugin-jest-hoist-30.0.1.tgz. Extracting by manifest.
2294 silly tarball no local data for babel-jest@https://registry.npmjs.org/babel-jest/-/babel-jest-30.1.2.tgz. Extracting by manifest.
2295 silly tarball no local data for babel-plugin-istanbul@https://registry.npmjs.org/babel-plugin-istanbul/-/babel-plugin-istanbul-7.0.1.tgz. Extracting by manifest.
2296 silly tarball no local data for aws4@https://registry.npmjs.org/aws4/-/aws4-1.13.2.tgz. Extracting by manifest.
2297 silly tarball no local data for autoprefixer@https://registry.npmjs.org/autoprefixer/-/autoprefixer-10.4.20.tgz. Extracting by manifest.
2298 silly tarball no local data for aws-sign2@https://registry.npmjs.org/aws-sign2/-/aws-sign2-0.7.0.tgz. Extracting by manifest.
2299 silly tarball no local data for asynckit@https://registry.npmjs.org/asynckit/-/asynckit-0.4.0.tgz. Extracting by manifest.
2300 silly tarball no local data for base64-js@https://registry.npmjs.org/base64-js/-/base64-js-1.5.1.tgz. Extracting by manifest.
2301 silly tarball no local data for asn1.js@https://registry.npmjs.org/asn1.js/-/asn1.js-5.4.1.tgz. Extracting by manifest.
2302 silly tarball no local data for assert-plus@https://registry.npmjs.org/assert-plus/-/assert-plus-1.0.0.tgz. Extracting by manifest.
2303 silly tarball no local data for async-retry@https://registry.npmjs.org/async-retry/-/async-retry-1.3.3.tgz. Extracting by manifest.
2304 silly tarball no local data for async@https://registry.npmjs.org/async/-/async-3.2.5.tgz. Extracting by manifest.
2305 silly tarball no local data for arrify@https://registry.npmjs.org/arrify/-/arrify-2.0.1.tgz. Extracting by manifest.
2306 silly tarball no local data for asn1@https://registry.npmjs.org/asn1/-/asn1-0.2.6.tgz. Extracting by manifest.
2307 silly tarball no local data for aria-hidden@https://registry.npmjs.org/aria-hidden/-/aria-hidden-1.2.4.tgz. Extracting by manifest.
2308 silly tarball no local data for asap@https://registry.npmjs.org/asap/-/asap-2.0.6.tgz. Extracting by manifest.
2309 silly tarball no local data for ansi-styles@https://registry.npmjs.org/ansi-styles/-/ansi-styles-6.2.1.tgz. Extracting by manifest.
2310 silly tarball no local data for argparse@https://registry.npmjs.org/argparse/-/argparse-1.0.10.tgz. Extracting by manifest.
2311 silly tarball no local data for ansi-escapes@https://registry.npmjs.org/ansi-escapes/-/ansi-escapes-4.3.2.tgz. Extracting by manifest.
2312 silly tarball no local data for ansi-regex@https://registry.npmjs.org/ansi-regex/-/ansi-regex-6.1.0.tgz. Extracting by manifest.
2313 silly tarball no local data for agentkeepalive@https://registry.npmjs.org/agentkeepalive/-/agentkeepalive-4.6.0.tgz. Extracting by manifest.
2314 silly tarball no local data for ajv@https://registry.npmjs.org/ajv/-/ajv-6.12.6.tgz. Extracting by manifest.
2315 silly tarball no local data for acorn-walk@https://registry.npmjs.org/acorn-walk/-/acorn-walk-8.3.4.tgz. Extracting by manifest.
2316 silly tarball no local data for agent-base@https://registry.npmjs.org/agent-base/-/agent-base-7.1.4.tgz. Extracting by manifest.
2317 silly tarball no local data for acorn-import-attributes@https://registry.npmjs.org/acorn-import-attributes/-/acorn-import-attributes-1.9.5.tgz. Extracting by manifest.
2318 silly tarball no local data for acorn@https://registry.npmjs.org/acorn/-/acorn-8.15.0.tgz. Extracting by manifest.
2319 silly tarball no local data for esbuild@https://registry.npmjs.org/esbuild/-/esbuild-0.18.20.tgz. Extracting by manifest.
2320 silly tarball no local data for abort-controller@https://registry.npmjs.org/abort-controller/-/abort-controller-3.0.0.tgz. Extracting by manifest.
2321 silly tarball no local data for form-data@https://registry.npmjs.org/form-data/-/form-data-2.5.5.tgz. Extracting by manifest.
2322 silly tarball no local data for tailwindcss@https://registry.npmjs.org/tailwindcss/-/tailwindcss-4.1.3.tgz. Extracting by manifest.
2323 silly tarball no local data for uuid@https://registry.npmjs.org/uuid/-/uuid-8.3.2.tgz. Extracting by manifest.
2324 silly tarball no local data for jiti@https://registry.npmjs.org/jiti/-/jiti-2.4.2.tgz. Extracting by manifest.
2325 silly tarball no local data for balanced-match@https://registry.npmjs.org/balanced-match/-/balanced-match-1.0.2.tgz. Extracting by manifest.
2326 silly tarball no local data for gtoken@https://registry.npmjs.org/gtoken/-/gtoken-7.1.0.tgz. Extracting by manifest.
2327 silly tarball no local data for google-logging-utils@https://registry.npmjs.org/google-logging-utils/-/google-logging-utils-0.0.2.tgz. Extracting by manifest.
2328 silly tarball no local data for google-auth-library@https://registry.npmjs.org/google-auth-library/-/google-auth-library-9.15.1.tgz. Extracting by manifest.
2329 silly tarball no local data for mime@https://registry.npmjs.org/mime/-/mime-3.0.0.tgz. Extracting by manifest.
2330 silly tarball no local data for gcp-metadata@https://registry.npmjs.org/gcp-metadata/-/gcp-metadata-6.1.1.tgz. Extracting by manifest.
2331 silly tarball no local data for @types/node@https://registry.npmjs.org/@types/node/-/node-18.19.123.tgz. Extracting by manifest.
2332 silly tarball no local data for tailwindcss@https://registry.npmjs.org/tailwindcss/-/tailwindcss-4.1.3.tgz. Extracting by manifest.
2333 silly tarball no local data for undici-types@https://registry.npmjs.org/undici-types/-/undici-types-5.26.5.tgz. Extracting by manifest.
2334 silly tarball no local data for strip-ansi@https://registry.npmjs.org/strip-ansi/-/strip-ansi-6.0.1.tgz. Extracting by manifest.
2335 silly tarball no local data for emoji-regex@https://registry.npmjs.org/emoji-regex/-/emoji-regex-8.0.0.tgz. Extracting by manifest.
2336 silly tarball no local data for ansi-regex@https://registry.npmjs.org/ansi-regex/-/ansi-regex-5.0.1.tgz. Extracting by manifest.
2337 silly tarball no local data for @jridgewell/trace-mapping@https://registry.npmjs.org/@jridgewell/trace-mapping/-/trace-mapping-0.3.9.tgz. Extracting by manifest.
2338 silly tarball no local data for strip-ansi@https://registry.npmjs.org/strip-ansi/-/strip-ansi-6.0.1.tgz. Extracting by manifest.
2339 silly tarball no local data for ansi-styles@https://registry.npmjs.org/ansi-styles/-/ansi-styles-4.3.0.tgz. Extracting by manifest.
2340 silly tarball no local data for emoji-regex@https://registry.npmjs.org/emoji-regex/-/emoji-regex-8.0.0.tgz. Extracting by manifest.
2341 silly tarball no local data for string-width@https://registry.npmjs.org/string-width/-/string-width-4.2.3.tgz. Extracting by manifest.
2342 silly tarball no local data for kind-of@https://registry.npmjs.org/kind-of/-/kind-of-3.2.2.tgz. Extracting by manifest.
2343 silly tarball no local data for ansi-regex@https://registry.npmjs.org/ansi-regex/-/ansi-regex-5.0.1.tgz. Extracting by manifest.
2344 silly tarball no local data for esbuild@https://registry.npmjs.org/esbuild/-/esbuild-0.23.1.tgz. Extracting by manifest.
2345 silly tarball no local data for arg@https://registry.npmjs.org/arg/-/arg-4.1.3.tgz. Extracting by manifest.
2346 silly tarball no local data for semver@https://registry.npmjs.org/semver/-/semver-7.7.2.tgz. Extracting by manifest.
2347 silly tarball no local data for type-fest@https://registry.npmjs.org/type-fest/-/type-fest-4.41.0.tgz. Extracting by manifest.
2348 silly tarball no local data for minimatch@https://registry.npmjs.org/minimatch/-/minimatch-3.1.2.tgz. Extracting by manifest.
2349 silly tarball no local data for glob@https://registry.npmjs.org/glob/-/glob-7.2.3.tgz. Extracting by manifest.
2350 silly tarball no local data for brace-expansion@https://registry.npmjs.org/brace-expansion/-/brace-expansion-1.1.12.tgz. Extracting by manifest.
2351 silly tarball no local data for https-proxy-agent@https://registry.npmjs.org/https-proxy-agent/-/https-proxy-agent-5.0.1.tgz. Extracting by manifest.
2352 silly tarball no local data for agent-base@https://registry.npmjs.org/agent-base/-/agent-base-6.0.2.tgz. Extracting by manifest.
2353 silly tarball no local data for mime@https://registry.npmjs.org/mime/-/mime-2.6.0.tgz. Extracting by manifest.
2354 silly tarball no local data for ansi-regex@https://registry.npmjs.org/ansi-regex/-/ansi-regex-5.0.1.tgz. Extracting by manifest.
2355 silly tarball no local data for safe-buffer@https://registry.npmjs.org/safe-buffer/-/safe-buffer-5.1.2.tgz. Extracting by manifest.
2356 silly tarball no local data for strip-ansi@https://registry.npmjs.org/strip-ansi/-/strip-ansi-6.0.1.tgz. Extracting by manifest.
2357 silly tarball no local data for emoji-regex@https://registry.npmjs.org/emoji-regex/-/emoji-regex-8.0.0.tgz. Extracting by manifest.
2358 silly tarball no local data for ansi-regex@https://registry.npmjs.org/ansi-regex/-/ansi-regex-5.0.1.tgz. Extracting by manifest.
2359 silly tarball no local data for strip-ansi@https://registry.npmjs.org/strip-ansi/-/strip-ansi-6.0.1.tgz. Extracting by manifest.
2360 silly tarball no local data for ansi-regex@https://registry.npmjs.org/ansi-regex/-/ansi-regex-5.0.1.tgz. Extracting by manifest.
2361 silly tarball no local data for uuid@https://registry.npmjs.org/uuid/-/uuid-3.4.0.tgz. Extracting by manifest.
2362 silly tarball no local data for encodeurl@https://registry.npmjs.org/encodeurl/-/encodeurl-1.0.2.tgz. Extracting by manifest.
2363 silly tarball no local data for isobject@https://registry.npmjs.org/isobject/-/isobject-2.1.0.tgz. Extracting by manifest.
2364 silly tarball no local data for object-hash@https://registry.npmjs.org/object-hash/-/object-hash-1.3.1.tgz. Extracting by manifest.
2365 silly tarball no local data for safe-buffer@https://registry.npmjs.org/safe-buffer/-/safe-buffer-5.1.2.tgz. Extracting by manifest.
2366 silly tarball no local data for ansi-styles@https://registry.npmjs.org/ansi-styles/-/ansi-styles-5.2.0.tgz. Extracting by manifest.
2367 silly tarball no local data for jose@https://registry.npmjs.org/jose/-/jose-4.14.4.tgz. Extracting by manifest.
2368 silly tarball no local data for aws4@https://registry.npmjs.org/aws4/-/aws4-1.12.0.tgz. Extracting by manifest.
2369 silly tarball no local data for uuid@https://registry.npmjs.org/uuid/-/uuid-8.3.2.tgz. Extracting by manifest.
2370 silly tarball no local data for qs@https://registry.npmjs.org/qs/-/qs-6.5.3.tgz. Extracting by manifest.
2371 silly tarball no local data for uuid@https://registry.npmjs.org/uuid/-/uuid-8.3.2.tgz. Extracting by manifest.
2372 silly tarball no local data for yallist@https://registry.npmjs.org/yallist/-/yallist-4.0.0.tgz. Extracting by manifest.
2373 silly tarball no local data for semver@https://registry.npmjs.org/semver/-/semver-7.5.4.tgz. Extracting by manifest.
2374 silly tarball no local data for lru-cache@https://registry.npmjs.org/lru-cache/-/lru-cache-6.0.0.tgz. Extracting by manifest.
2375 silly tarball no local data for commander@https://registry.npmjs.org/commander/-/commander-8.3.0.tgz. Extracting by manifest.
2376 silly tarball no local data for uuid@https://registry.npmjs.org/uuid/-/uuid-8.3.2.tgz. Extracting by manifest.
2377 silly tarball no local data for lru-cache@https://registry.npmjs.org/lru-cache/-/lru-cache-6.0.0.tgz. Extracting by manifest.
2378 silly tarball no local data for yallist@https://registry.npmjs.org/yallist/-/yallist-4.0.0.tgz. Extracting by manifest.
2379 silly tarball no local data for postgres-bytea@https://registry.npmjs.org/postgres-bytea/-/postgres-bytea-1.0.0.tgz. Extracting by manifest.
2380 silly tarball no local data for lru-cache@https://registry.npmjs.org/lru-cache/-/lru-cache-10.4.3.tgz. Extracting by manifest.
2381 silly tarball no local data for semver@https://registry.npmjs.org/semver/-/semver-7.5.4.tgz. Extracting by manifest.
2382 silly tarball no local data for p-limit@https://registry.npmjs.org/p-limit/-/p-limit-2.3.0.tgz. Extracting by manifest.
2383 silly tarball no local data for iconv-lite@https://registry.npmjs.org/iconv-lite/-/iconv-lite-0.6.3.tgz. Extracting by manifest.
2384 silly tarball no local data for strip-ansi@https://registry.npmjs.org/strip-ansi/-/strip-ansi-6.0.1.tgz. Extracting by manifest.
2385 silly tarball no local data for string-width@https://registry.npmjs.org/string-width/-/string-width-4.2.3.tgz. Extracting by manifest.
2386 silly tarball no local data for handlebars@https://registry.npmjs.org/handlebars/-/handlebars-4.7.7.tgz. Extracting by manifest.
2387 silly tarball no local data for filesize@https://registry.npmjs.org/filesize/-/filesize-6.4.0.tgz. Extracting by manifest.
2388 silly tarball no local data for emoji-regex@https://registry.npmjs.org/emoji-regex/-/emoji-regex-8.0.0.tgz. Extracting by manifest.
2389 silly tarball no local data for cli-progress@https://registry.npmjs.org/cli-progress/-/cli-progress-3.10.0.tgz. Extracting by manifest.
2390 silly tarball no local data for ansi-regex@https://registry.npmjs.org/ansi-regex/-/ansi-regex-5.0.1.tgz. Extracting by manifest.
2391 silly tarball no local data for commander@https://registry.npmjs.org/commander/-/commander-6.2.1.tgz. Extracting by manifest.
2392 silly tarball no local data for semver@https://registry.npmjs.org/semver/-/semver-7.6.3.tgz. Extracting by manifest.
2393 silly tarball no local data for commander@https://registry.npmjs.org/commander/-/commander-11.1.0.tgz. Extracting by manifest.
2394 silly tarball no local data for semver@https://registry.npmjs.org/semver/-/semver-7.7.2.tgz. Extracting by manifest.
2395 silly tarball no local data for pako@https://registry.npmjs.org/pako/-/pako-1.0.11.tgz. Extracting by manifest.
2396 silly tarball no local data for supports-color@https://registry.npmjs.org/supports-color/-/supports-color-8.1.1.tgz. Extracting by manifest.
2397 silly tarball no local data for source-map-support@https://registry.npmjs.org/source-map-support/-/source-map-support-0.5.13.tgz. Extracting by manifest.
2398 silly tarball no local data for semver@https://registry.npmjs.org/semver/-/semver-7.7.2.tgz. Extracting by manifest.
2399 silly tarball no local data for uuid@https://registry.npmjs.org/uuid/-/uuid-8.3.2.tgz. Extracting by manifest.
2400 silly tarball no local data for camelcase@https://registry.npmjs.org/camelcase/-/camelcase-6.3.0.tgz. Extracting by manifest.
2401 silly tarball no local data for strip-ansi@https://registry.npmjs.org/strip-ansi/-/strip-ansi-6.0.1.tgz. Extracting by manifest.
2402 silly tarball no local data for ansi-regex@https://registry.npmjs.org/ansi-regex/-/ansi-regex-5.0.1.tgz. Extracting by manifest.
2403 silly tarball no local data for mkdirp@https://registry.npmjs.org/mkdirp/-/mkdirp-1.0.4.tgz. Extracting by manifest.
2404 silly tarball no local data for semver@https://registry.npmjs.org/semver/-/semver-7.7.2.tgz. Extracting by manifest.
2405 silly tarball no local data for cjs-module-lexer@https://registry.npmjs.org/cjs-module-lexer/-/cjs-module-lexer-1.4.3.tgz. Extracting by manifest.
2406 silly tarball no local data for agent-base@https://registry.npmjs.org/agent-base/-/agent-base-6.0.2.tgz. Extracting by manifest.
2407 silly tarball no local data for node-fetch@https://registry.npmjs.org/node-fetch/-/node-fetch-3.3.2.tgz. Extracting by manifest.
2408 silly tarball no local data for gaxios@https://registry.npmjs.org/gaxios/-/gaxios-7.1.1.tgz. Extracting by manifest.
2409 silly tarball no local data for node-fetch@https://registry.npmjs.org/node-fetch/-/node-fetch-3.3.2.tgz. Extracting by manifest.
2410 silly tarball no local data for gaxios@https://registry.npmjs.org/gaxios/-/gaxios-7.1.1.tgz. Extracting by manifest.
2411 silly tarball no local data for isobject@https://registry.npmjs.org/isobject/-/isobject-3.0.1.tgz. Extracting by manifest.
2412 silly tarball no local data for kind-of@https://registry.npmjs.org/kind-of/-/kind-of-3.2.2.tgz. Extracting by manifest.
2413 silly tarball no local data for is-number@https://registry.npmjs.org/is-number/-/is-number-2.1.0.tgz. Extracting by manifest.
2414 silly tarball no local data for gaxios@https://registry.npmjs.org/gaxios/-/gaxios-7.1.1.tgz. Extracting by manifest.
2415 silly tarball no local data for node-fetch@https://registry.npmjs.org/node-fetch/-/node-fetch-3.3.2.tgz. Extracting by manifest.
2416 silly tarball no local data for web-streams-polyfill@https://registry.npmjs.org/web-streams-polyfill/-/web-streams-polyfill-3.3.3.tgz. Extracting by manifest.
2417 silly tarball no local data for signal-exit@https://registry.npmjs.org/signal-exit/-/signal-exit-3.0.7.tgz. Extracting by manifest.
2418 silly tarball no local data for @esbuild/darwin-arm64@https://registry.npmjs.org/@esbuild/darwin-arm64/-/darwin-arm64-0.19.12.tgz. Extracting by manifest.
2419 silly tarball no local data for esbuild@https://registry.npmjs.org/esbuild/-/esbuild-0.19.12.tgz. Extracting by manifest.
2420 silly tarball no local data for undici-types@https://registry.npmjs.org/undici-types/-/undici-types-7.12.0.tgz. Extracting by manifest.
2421 silly tarball no local data for nanoid@https://registry.npmjs.org/nanoid/-/nanoid-5.1.5.tgz. Extracting by manifest.
2422 silly tarball no local data for @esbuild/darwin-arm64@https://registry.npmjs.org/@esbuild/darwin-arm64/-/darwin-arm64-0.23.1.tgz. Extracting by manifest.
2423 silly tarball no local data for string-width@https://registry.npmjs.org/string-width/-/string-width-4.2.3.tgz. Extracting by manifest.
2424 silly tarball no local data for strip-ansi@https://registry.npmjs.org/strip-ansi/-/strip-ansi-6.0.1.tgz. Extracting by manifest.
2425 silly tarball no local data for emoji-regex@https://registry.npmjs.org/emoji-regex/-/emoji-regex-8.0.0.tgz. Extracting by manifest.
2426 silly tarball no local data for ansi-styles@https://registry.npmjs.org/ansi-styles/-/ansi-styles-4.3.0.tgz. Extracting by manifest.
2427 silly tarball no local data for strip-ansi@https://registry.npmjs.org/strip-ansi/-/strip-ansi-6.0.1.tgz. Extracting by manifest.
2428 silly tarball no local data for wrap-ansi@https://registry.npmjs.org/wrap-ansi/-/wrap-ansi-7.0.0.tgz. Extracting by manifest.
2429 silly tarball no local data for ansi-regex@https://registry.npmjs.org/ansi-regex/-/ansi-regex-5.0.1.tgz. Extracting by manifest.
2430 silly tarball no local data for string-width@https://registry.npmjs.org/string-width/-/string-width-4.2.3.tgz. Extracting by manifest.
2431 silly tarball no local data for ansi-regex@https://registry.npmjs.org/ansi-regex/-/ansi-regex-5.0.1.tgz. Extracting by manifest.
2432 silly tarball no local data for emoji-regex@https://registry.npmjs.org/emoji-regex/-/emoji-regex-8.0.0.tgz. Extracting by manifest.
2433 silly tarball no local data for @types/node@https://registry.npmjs.org/@types/node/-/node-24.5.0.tgz. Extracting by manifest.
2434 silly tarball no local data for strip-ansi@https://registry.npmjs.org/strip-ansi/-/strip-ansi-6.0.1.tgz. Extracting by manifest.
2435 silly tarball no local data for emoji-regex@https://registry.npmjs.org/emoji-regex/-/emoji-regex-8.0.0.tgz. Extracting by manifest.
2436 silly tarball no local data for ansi-regex@https://registry.npmjs.org/ansi-regex/-/ansi-regex-5.0.1.tgz. Extracting by manifest.
2437 silly tarball no local data for string-width@https://registry.npmjs.org/string-width/-/string-width-4.2.3.tgz. Extracting by manifest.
2438 silly tarball no local data for ansi-styles@https://registry.npmjs.org/ansi-styles/-/ansi-styles-4.3.0.tgz. Extracting by manifest.
2439 silly tarball no local data for string-width@https://registry.npmjs.org/string-width/-/string-width-4.2.3.tgz. Extracting by manifest.
2440 silly tarball no local data for regenerator-runtime@https://registry.npmjs.org/regenerator-runtime/-/regenerator-runtime-0.13.11.tgz. Extracting by manifest.
2441 silly tarball no local data for esbuild@https://registry.npmjs.org/esbuild/-/esbuild-0.21.5.tgz. Extracting by manifest.
2442 silly tarball no local data for semver@https://registry.npmjs.org/semver/-/semver-7.7.2.tgz. Extracting by manifest.
2443 http fetch GET https://registry.npmjs.org/typescript/-/typescript-5.6.3.tgz attempt 1 failed with ENOTFOUND
2444 http fetch GET https://registry.npmjs.org/mime/-/mime-1.6.0.tgz attempt 1 failed with ENOTFOUND
2445 http fetch GET https://registry.npmjs.org/json5/-/json5-2.2.3.tgz attempt 1 failed with ENOTFOUND
2446 http fetch GET https://registry.npmjs.org/loose-envify/-/loose-envify-1.4.0.tgz attempt 1 failed with ENOTFOUND
2447 http fetch GET https://registry.npmjs.org/semver/-/semver-6.3.1.tgz attempt 1 failed with ENOTFOUND
2448 http fetch GET https://registry.npmjs.org/cssesc/-/cssesc-3.0.0.tgz attempt 1 failed with ENOTFOUND
2449 http fetch GET https://registry.npmjs.org/@unrs/resolver-binding-darwin-arm64/-/resolver-binding-darwin-arm64-1.11.1.tgz attempt 1 failed with ENOTFOUND
2450 http fetch GET https://registry.npmjs.org/@types/yargs-parser/-/yargs-parser-21.0.3.tgz attempt 1 failed with ENOTFOUND
2451 http fetch GET https://registry.npmjs.org/@types/web-push/-/web-push-3.6.4.tgz attempt 1 failed with ENOTFOUND
2452 http fetch GET https://registry.npmjs.org/@ungap/structured-clone/-/structured-clone-1.3.0.tgz attempt 1 failed with ENOTFOUND
2453 http fetch GET https://registry.npmjs.org/@vitejs/plugin-react/-/plugin-react-4.3.3.tgz attempt 1 failed with ENOTFOUND
2454 http fetch GET https://registry.npmjs.org/@types/ws/-/ws-8.5.13.tgz attempt 1 failed with ENOTFOUND
2455 http fetch GET https://registry.npmjs.org/@types/yargs/-/yargs-17.0.33.tgz attempt 1 failed with ENOTFOUND
2456 http fetch GET https://registry.npmjs.org/@types/supertest/-/supertest-6.0.3.tgz attempt 1 failed with ENOTFOUND
2457 http fetch GET https://registry.npmjs.org/@types/serve-static/-/serve-static-1.15.7.tgz attempt 1 failed with ENOTFOUND
2458 http fetch GET https://registry.npmjs.org/semver/-/semver-7.7.2.tgz attempt 1 failed with ENOTFOUND
2459 http fetch GET https://registry.npmjs.org/npm attempt 2 failed with ENOTFOUND
2460 http fetch GET https://registry.npmjs.org/typescript/-/typescript-5.6.3.tgz attempt 2 failed with ENOTFOUND
2461 http fetch GET https://registry.npmjs.org/mime/-/mime-1.6.0.tgz attempt 2 failed with ENOTFOUND
2462 http fetch GET https://registry.npmjs.org/json5/-/json5-2.2.3.tgz attempt 2 failed with ENOTFOUND
2463 http fetch GET https://registry.npmjs.org/loose-envify/-/loose-envify-1.4.0.tgz attempt 2 failed with ENOTFOUND
2464 http fetch GET https://registry.npmjs.org/semver/-/semver-6.3.1.tgz attempt 2 failed with ENOTFOUND
2465 http fetch GET https://registry.npmjs.org/cssesc/-/cssesc-3.0.0.tgz attempt 2 failed with ENOTFOUND
2466 http fetch GET https://registry.npmjs.org/@unrs/resolver-binding-darwin-arm64/-/resolver-binding-darwin-arm64-1.11.1.tgz attempt 2 failed with ENOTFOUND
2467 http fetch GET https://registry.npmjs.org/@types/yargs-parser/-/yargs-parser-21.0.3.tgz attempt 2 failed with ENOTFOUND
2468 http fetch GET https://registry.npmjs.org/@types/web-push/-/web-push-3.6.4.tgz attempt 2 failed with ENOTFOUND
2469 http fetch GET https://registry.npmjs.org/@ungap/structured-clone/-/structured-clone-1.3.0.tgz attempt 2 failed with ENOTFOUND
2470 http fetch GET https://registry.npmjs.org/@vitejs/plugin-react/-/plugin-react-4.3.3.tgz attempt 2 failed with ENOTFOUND
2471 http fetch GET https://registry.npmjs.org/@types/ws/-/ws-8.5.13.tgz attempt 2 failed with ENOTFOUND
2472 http fetch GET https://registry.npmjs.org/@types/yargs/-/yargs-17.0.33.tgz attempt 2 failed with ENOTFOUND
2473 http fetch GET https://registry.npmjs.org/@types/supertest/-/supertest-6.0.3.tgz attempt 2 failed with ENOTFOUND
2474 http fetch GET https://registry.npmjs.org/@types/serve-static/-/serve-static-1.15.7.tgz attempt 2 failed with ENOTFOUND
2475 http fetch GET https://registry.npmjs.org/semver/-/semver-7.7.2.tgz attempt 2 failed with ENOTFOUND
2476 http fetch GET https://registry.npmjs.org/npm attempt 3 failed with ENOTFOUND
2477 http fetch GET https://registry.npmjs.org/typescript/-/typescript-5.6.3.tgz attempt 3 failed with ENOTFOUND
2478 http fetch GET https://registry.npmjs.org/mime/-/mime-1.6.0.tgz attempt 3 failed with ENOTFOUND
2479 http fetch GET https://registry.npmjs.org/json5/-/json5-2.2.3.tgz attempt 3 failed with ENOTFOUND
2480 http fetch GET https://registry.npmjs.org/loose-envify/-/loose-envify-1.4.0.tgz attempt 3 failed with ENOTFOUND
2481 http fetch GET https://registry.npmjs.org/semver/-/semver-6.3.1.tgz attempt 3 failed with ENOTFOUND
2482 http fetch GET https://registry.npmjs.org/cssesc/-/cssesc-3.0.0.tgz attempt 3 failed with ENOTFOUND
2483 http fetch GET https://registry.npmjs.org/@unrs/resolver-binding-darwin-arm64/-/resolver-binding-darwin-arm64-1.11.1.tgz attempt 3 failed with ENOTFOUND
2484 verbose reify failed optional dependency /Users/personal/Desktop/SymbiosoAI THINK TANK/SymbiosoAi-v4-12326/node_modules/@unrs/resolver-binding-darwin-arm64
2485 silly reify mark deleted [
2485 silly reify   '/Users/personal/Desktop/SymbiosoAI THINK TANK/SymbiosoAi-v4-12326/node_modules/@unrs/resolver-binding-darwin-arm64'
2485 silly reify ]
2486 http fetch GET https://registry.npmjs.org/@types/yargs-parser/-/yargs-parser-21.0.3.tgz attempt 3 failed with ENOTFOUND
2487 http fetch GET https://registry.npmjs.org/@types/web-push/-/web-push-3.6.4.tgz attempt 3 failed with ENOTFOUND
2488 http fetch GET https://registry.npmjs.org/@ungap/structured-clone/-/structured-clone-1.3.0.tgz attempt 3 failed with ENOTFOUND
2489 http fetch GET https://registry.npmjs.org/@vitejs/plugin-react/-/plugin-react-4.3.3.tgz attempt 3 failed with ENOTFOUND
2490 http fetch GET https://registry.npmjs.org/@types/ws/-/ws-8.5.13.tgz attempt 3 failed with ENOTFOUND
2491 http fetch GET https://registry.npmjs.org/@types/yargs/-/yargs-17.0.33.tgz attempt 3 failed with ENOTFOUND
2492 http fetch GET https://registry.npmjs.org/@types/supertest/-/supertest-6.0.3.tgz attempt 3 failed with ENOTFOUND
2493 http fetch GET https://registry.npmjs.org/@types/serve-static/-/serve-static-1.15.7.tgz attempt 3 failed with ENOTFOUND
2494 http fetch GET https://registry.npmjs.org/semver/-/semver-7.7.2.tgz attempt 3 failed with ENOTFOUND
2495 verbose cwd /Users/personal/Desktop/SymbiosoAI THINK TANK/SymbiosoAi-v4-12326
2496 verbose os Darwin 24.6.0
2497 verbose node v25.6.1
2498 verbose npm  v11.9.0
2499 error Exit handler never called!
2500 error This is an error with npm itself. Please report this error at:
2501 error   <https://github.com/npm/cli/issues>
2502 verbose exit 1
2503 verbose code 1
2504 error A complete log of this run can be found in: /Users/personal/Desktop/SymbiosoAI THINK TANK/SymbiosoAi-v4-12326/.npm-cache/_logs/2026-02-13T13_53_16_604Z-debug-0.log
